"point_id","stratum","cell","map_class","source","year","date","gsd_m","media","scale","n_images","airp_id"
"10_00001",10,27240984,1004,"airphoto",1973,"1973-09-11",,"Film - BW","1:15000",2,"1368681"
"10_00001",10,27240984,1004,"airphoto",1980,"1980-08-12",,"Film - BW","1:20000",6,"721784"
"10_00001",10,27240984,1004,"airphoto",1985,"1985-07-09",,"Film - BW","1:15000",2,"851389"
"10_00001",10,27240984,1004,"airphoto",1988,"1988-08-12",,"Film - BW","1:20000",5,"971033"
"10_00001",10,27240984,1004,"airphoto",1990,"1990-07-29",,"Film - BW","1:15000",3,"1063352"
"10_00001",10,27240984,1004,"airphoto",1991,"1991-09-08",,"Film - BW","1:15000",3,"600395"
"10_00001",10,27240984,1004,"airphoto",1996,"1996-07-07",,"Film - BW","1:40000",4,"127986"
"10_00001",10,27240984,1004,"airphoto",1997,"1997-08-10",,"Film - Colour","1:20000",4,"349103"
"10_00001",10,27240984,1004,"airphoto",2000,"2000-08-04",,"Film - Colour","1:30000",9,"454640"
"10_00001",10,27240984,1004,"airphoto",2012,"2012-07-13",,"Digital - Colour","1:50000",3,"2053009"
"10_00002",10,27625582,11005,"airphoto",1973,"1973-09-11",,"Film - BW","1:15000",3,"1368681"
"10_00002",10,27625582,11005,"airphoto",1980,"1980-08-12",,"Film - BW","1:20000",4,"721746"
"10_00002",10,27625582,11005,"airphoto",1985,"1985-07-09",,"Film - BW","1:15000",4,"851389"
"10_00002",10,27625582,11005,"airphoto",1988,"1988-08-12",,"Film - BW","1:20000",4,"970996"
"10_00002",10,27625582,11005,"airphoto",1990,"1990-07-29",,"Film - BW","1:15000",3,"1063352"
"10_00002",10,27625582,11005,"airphoto",1991,"1991-09-08",,"Film - BW","1:15000",3,"600395"
"10_00002",10,27625582,11005,"airphoto",1996,"1996-07-07",,"Film - BW","1:40000",5,"127987"
"10_00002",10,27625582,11005,"airphoto",1997,"1997-08-10",,"Film - Colour","1:20000",4,"349102"
"10_00002",10,27625582,11005,"airphoto",2000,"2000-08-04",,"Film - Colour","1:30000",10,"454640"
"10_00002",10,27625582,11005,"airphoto",2012,"2012-07-13",,"Digital - Colour","1:50000",3,"2053009"
"10_00003",10,20354920,4002,"airphoto",1969,"1969-08-06",,"Film - BW","1:16000",4,"779707"
"10_00003",10,20354920,4002,"airphoto",1971,"1971-08-12",,"Film - BW","1:31680",1,"1414787"
"10_00003",10,20354920,4002,"airphoto",1972,"1972-08-14",,"Film - BW","1:60000",1,"1384612"
"10_00003",10,20354920,4002,"airphoto",1975,"1975-09-08",,"Film - BW","1:15000",2,"1292729"
"10_00003",10,20354920,4002,"airphoto",1976,"1976-05-07",,"Film - BW","1:18000",5,"1225022"
"10_00003",10,20354920,4002,"airphoto",1977,"1977-08-16",,"Film - BW","1:10000",5,"1204151"
"10_00003",10,20354920,4002,"airphoto",1980,"1980-08-12",,"Film - BW","1:20000",3,"721908"
"10_00003",10,20354920,4002,"airphoto",1984,"1984-09-14",,"Film - BW","1:18000",8,"681120"
"10_00003",10,20354920,4002,"airphoto",1985,"1985-07-09",,"Film - BW","1:15000",2,"851201"
"10_00003",10,20354920,4002,"airphoto",1988,"1988-08-07",,"Film - BW","1:20000",2,"970704"
"10_00003",10,20354920,4002,"airphoto",1991,"1991-07-31",,"Film - BW","1:15000",5,"599707"
"10_00003",10,20354920,4002,"airphoto",1996,"1996-07-07",,"Film - BW","1:40000",3,"128682"
"10_00003",10,20354920,4002,"airphoto",1997,"1997-08-10",,"Film - Colour","1:20000",3,"349151"
"10_00003",10,20354920,4002,"airphoto",2000,"2000-09-15",,"Film - Colour","1:30000",5,"455309"
"10_00003",10,20354920,4002,"airphoto",2006,"2006-09-05",,"Film - Colour","1:20000",3,"1588749"
"10_00003",10,20354920,4002,"airphoto",2012,"2012-07-13",,"Digital - Colour","1:50000",4,"2052701"
"10_00003",10,20354920,4002,"orthophoto",2021,,0.150000000000002,,,1,
"10_00004",10,23302886,2011,"airphoto",1973,"1973-09-11",,"Film - BW","1:15000",4,"1368608"
"10_00004",10,23302886,2011,"airphoto",1977,"1977-07-25",,"Film - BW","1:20000",2,"1204479"
"10_00004",10,23302886,2011,"airphoto",1980,"1980-08-12",,"Film - BW","1:20000",2,"721856"
"10_00004",10,23302886,2011,"airphoto",1984,"1984-07-24",,"Film - BW","1:60000",2,"322848"
"10_00004",10,23302886,2011,"airphoto",1985,"1985-07-09",,"Film - BW","1:15000",2,"851373"
"10_00004",10,23302886,2011,"airphoto",1987,"1987-06-28",,"Film - BW","1:40000",3,"908293"
"10_00004",10,23302886,2011,"airphoto",1988,"1988-08-27",,"Film - Colour","1:10000",9,"998640"
"10_00004",10,23302886,2011,"airphoto",1990,"1990-07-26",,"Film - BW","1:15000",6,"1062570"
"10_00004",10,23302886,2011,"airphoto",1991,"1991-09-08",,"Film - BW","1:15000",1,"600493"
"10_00004",10,23302886,2011,"airphoto",1995,"1995-07-21",,"Film - BW","1:15000",3,"93834"
"10_00004",10,23302886,2011,"airphoto",1996,"1996-07-07",,"Film - BW","1:40000",2,"127887"
"10_00004",10,23302886,2011,"airphoto",1997,"1997-08-10",,"Film - Colour","1:20000",3,"349243"
"10_00004",10,23302886,2011,"airphoto",2000,"2000-09-15",,"Film - Colour","1:30000",6,"455295"
"10_00004",10,23302886,2011,"airphoto",2012,"2012-07-13",,"Digital - Colour","1:50000",3,"2052796"
"10_00005",10,23159799,2011,"airphoto",1973,"1973-09-11",,"Film - BW","1:15000",4,"1368488"
"10_00005",10,23159799,2011,"airphoto",1977,"1977-07-25",,"Film - BW","1:20000",2,"1204478"
"10_00005",10,23159799,2011,"airphoto",1980,"1980-08-12",,"Film - BW","1:20000",2,"721856"
"10_00005",10,23159799,2011,"airphoto",1984,"1984-07-24",,"Film - BW","1:60000",2,"322848"
"10_00005",10,23159799,2011,"airphoto",1985,"1985-07-09",,"Film - BW","1:15000",2,"851373"
"10_00005",10,23159799,2011,"airphoto",1987,"1987-06-28",,"Film - BW","1:40000",3,"908293"
"10_00005",10,23159799,2011,"airphoto",1988,"1988-08-07",,"Film - BW","1:20000",10,"970852"
"10_00005",10,23159799,2011,"airphoto",1990,"1990-07-26",,"Film - BW","1:15000",5,"1062569"
"10_00005",10,23159799,2011,"airphoto",1991,"1991-09-08",,"Film - BW","1:15000",2,"600493"
"10_00005",10,23159799,2011,"airphoto",1995,"1995-07-21",,"Film - BW","1:15000",3,"93834"
"10_00005",10,23159799,2011,"airphoto",1996,"1996-07-07",,"Film - BW","1:40000",3,"127888"
"10_00005",10,23159799,2011,"airphoto",1997,"1997-08-10",,"Film - Colour","1:20000",3,"349243"
"10_00005",10,23159799,2011,"airphoto",2000,"2000-09-15",,"Film - Colour","1:30000",6,"455295"
"10_00005",10,23159799,2011,"airphoto",2012,"2012-07-13",,"Digital - Colour","1:50000",3,"2052796"
"10_00006",10,33336574,2011,"airphoto",1971,"1971-08-30",,"Film - BW","1:31680",1,"1414859"
"10_00006",10,33336574,2011,"airphoto",1973,"1973-09-15",,"Film - BW","1:15000",3,"1368912"
"10_00006",10,33336574,2011,"airphoto",1980,"1980-08-12",,"Film - BW","1:20000",6,"721711"
"10_00006",10,33336574,2011,"airphoto",1985,"1985-07-16",,"Film - BW","1:15000",2,"851575"
"10_00006",10,33336574,2011,"airphoto",1988,"1988-09-03",,"Film - BW","1:20000",3,"971280"
"10_00006",10,33336574,2011,"airphoto",1990,"1990-07-29",,"Film - BW","1:15000",5,"1063651"
"10_00006",10,33336574,2011,"airphoto",1995,"1995-09-16",,"Film - BW","1:15000",4,"94568"
"10_00006",10,33336574,2011,"airphoto",1996,"1996-07-07",,"Film - BW","1:40000",6,"128647"
"10_00006",10,33336574,2011,"airphoto",2000,"2000-09-15",,"Film - Colour","1:30000",4,"455232"
"10_00006",10,33336574,2011,"airphoto",2006,"2006-08-17",,"Film - Colour","1:20000",1,"1586715"
"10_00006",10,33336574,2011,"airphoto",2012,"2012-07-14",,"Digital - Colour","1:50000",6,"2053068"
"10_00007",10,31678030,5011,"airphoto",1973,"1973-09-15",,"Film - BW","1:15000",3,"1368883"
"10_00007",10,31678030,5011,"airphoto",1980,"1980-08-12",,"Film - BW","1:20000",3,"721690"
"10_00007",10,31678030,5011,"airphoto",1985,"1985-07-16",,"Film - BW","1:15000",2,"851554"
"10_00007",10,31678030,5011,"airphoto",1988,"1988-09-03",,"Film - BW","1:20000",3,"971302"
"10_00007",10,31678030,5011,"airphoto",1990,"1990-07-29",,"Film - BW","1:15000",3,"1063529"
"10_00007",10,31678030,5011,"airphoto",1991,"1991-09-08",,"Film - BW","1:15000",2,"600310"
"10_00007",10,31678030,5011,"airphoto",1996,"1996-07-07",,"Film - BW","1:40000",4,"127985"
"10_00007",10,31678030,5011,"airphoto",1997,"1997-08-10",,"Film - Colour","1:20000",2,"349029"
"10_00007",10,31678030,5011,"airphoto",2000,"2000-09-15",,"Film - Colour","1:30000",6,"455522"
"10_00007",10,31678030,5011,"airphoto",2002,"2002-08-16",,"Film - Colour","1:15000",2,"645077"
"10_00007",10,31678030,5011,"airphoto",2005,"2005-07-25",,"Film - Colour","1:20000",2,"1529480"
"10_00007",10,31678030,5011,"airphoto",2012,"2012-07-14",,"Digital - Colour","1:50000",2,"2053096"
"10_00008",10,33848821,2011,"airphoto",1973,"1973-09-15",,"Film - BW","1:15000",2,"1368989"
"10_00008",10,33848821,2011,"airphoto",1980,"1980-08-12",,"Film - BW","1:20000",2,"721308"
"10_00008",10,33848821,2011,"airphoto",1987,"1987-06-28",,"Film - BW","1:40000",2,"908361"
"10_00008",10,33848821,2011,"airphoto",1988,"1988-08-27",,"Film - Colour","1:10000",7,"998814"
"10_00008",10,33848821,2011,"airphoto",1990,"1990-07-29",,"Film - BW","1:15000",3,"1063594"
"10_00008",10,33848821,2011,"airphoto",1995,"1995-09-16",,"Film - BW","1:15000",2,"94615"
"10_00008",10,33848821,2011,"airphoto",1996,"1996-07-12",,"Film - BW","1:40000",4,"129576"
"10_00008",10,33848821,2011,"airphoto",1997,"1997-08-10",,"Film - Colour","1:20000",3,"349006"
"10_00008",10,33848821,2011,"airphoto",2000,"2000-09-15",,"Film - Colour","1:30000",2,"455255"
"10_00008",10,33848821,2011,"airphoto",2002,"2002-08-16",,"Film - Colour","1:15000",3,"645056"
"10_00008",10,33848821,2011,"airphoto",2012,"2012-07-14",,"Digital - Colour","1:50000",2,"2053240"
"10_00008",10,33848821,2011,"orthophoto",2021,,0.14999999999996,,,1,
"10_00009",10,30914634,8011,"airphoto",1973,"1973-09-15",,"Film - BW","1:15000",2,"1368858"
"10_00009",10,30914634,8011,"airphoto",1980,"1980-08-12",,"Film - BW","1:20000",3,"721674"
"10_00009",10,30914634,8011,"airphoto",1985,"1985-07-16",,"Film - BW","1:15000",2,"851536"
"10_00009",10,30914634,8011,"airphoto",1987,"1987-06-28",,"Film - BW","1:40000",5,"908327"
"10_00009",10,30914634,8011,"airphoto",1988,"1988-08-26",,"Film - Colour","1:10000",7,"998289"
"10_00009",10,30914634,8011,"airphoto",1990,"1990-07-29",,"Film - BW","1:15000",2,"1063553"
"10_00009",10,30914634,8011,"airphoto",1995,"1995-09-04",,"Film - BW","1:15000",3,"94423"
"10_00009",10,30914634,8011,"airphoto",1996,"1996-07-07",,"Film - BW","1:40000",6,"127995"
"10_00009",10,30914634,8011,"airphoto",1997,"1997-08-10",,"Film - Colour","1:20000",2,"349011"
"10_00009",10,30914634,8011,"airphoto",2000,"2000-08-04",,"Film - Colour","1:30000",3,"454586"
"10_00009",10,30914634,8011,"airphoto",2002,"2002-08-16",,"Film - Colour","1:15000",2,"645098"
"10_00009",10,30914634,8011,"airphoto",2012,"2012-07-14",,"Digital - Colour","1:50000",6,"2053118"
"10_00010",10,13967614,5011,"airphoto",1977,"1977-08-16",,"Film - BW","1:10000",5,"1203944"
"10_00010",10,13967614,5011,"airphoto",1984,"1984-08-12",,"Film - BW","1:18000",20,"681059"
"10_00010",10,13967614,5011,"airphoto",1985,"1985-06-20",,"Film - BW","1:15000",2,"851065"
"10_00010",10,13967614,5011,"airphoto",1988,"1988-08-07",,"Film - BW","1:20000",5,"970820"
"10_00010",10,13967614,5011,"airphoto",1991,"1991-07-22",,"Film - BW","1:15000",5,"599312"
"10_00010",10,13967614,5011,"airphoto",1996,"1996-07-07",,"Film - BW","1:40000",2,"128764"
"10_00010",10,13967614,5011,"airphoto",1997,"1997-08-17",,"Film - Colour","1:20000",6,"349430"
"10_00010",10,13967614,5011,"airphoto",2000,"2000-09-15",,"Film - Colour","1:30000",2,"455402"
"10_00010",10,13967614,5011,"airphoto",2005,"2005-07-25",,"Film - Colour","1:20000",2,"1529499"
"10_00010",10,13967614,5011,"airphoto",2012,"2012-07-06",,"Digital - Colour","1:50000",3,"2050330"
"10_00010",10,13967614,5011,"orthophoto",2021,,0.150000000000001,,,1,
"10_00011",10,34825202,2011,"airphoto",1973,"1973-09-15",,"Film - BW","1:15000",3,"1368979"
"10_00011",10,34825202,2011,"airphoto",1974,"1974-07-21",,"Film - BW","1:16000",3,"1316518"
"10_00011",10,34825202,2011,"airphoto",1980,"1980-08-12",,"Film - BW","1:20000",3,"721300"
"10_00011",10,34825202,2011,"airphoto",1985,"1985-07-16",,"Film - BW","1:15000",2,"851677"
"10_00011",10,34825202,2011,"airphoto",1987,"1987-06-28",,"Film - BW","1:40000",2,"908364"
"10_00011",10,34825202,2011,"airphoto",1988,"1988-07-20",,"Film - BW","1:20000",3,"970148"
"10_00011",10,34825202,2011,"airphoto",1990,"1990-07-29",,"Film - BW","1:15000",5,"1063729"
"10_00011",10,34825202,2011,"airphoto",1995,"1995-09-16",,"Film - BW","1:15000",4,"94605"
"10_00011",10,34825202,2011,"airphoto",1996,"1996-07-07",,"Film - BW","1:40000",3,"128663"
"10_00011",10,34825202,2011,"airphoto",1997,"1997-08-10",,"Film - Colour","1:20000",2,"348998"
"10_00011",10,34825202,2011,"airphoto",2000,"2000-09-15",,"Film - Colour","1:30000",2,"455250"
"10_00011",10,34825202,2011,"airphoto",2002,"2002-08-16",,"Film - Colour","1:15000",3,"645066"
"10_00011",10,34825202,2011,"airphoto",2012,"2012-07-14",,"Digital - Colour","1:50000",6,"2053250"
"10_00011",10,34825202,2011,"airphoto",2019,"2019-08-28",,"Digital - Colour","9600",3,"2327630"
"10_00012",10,14003393,5011,"airphoto",1977,"1977-08-16",,"Film - BW","1:10000",5,"1203944"
"10_00012",10,14003393,5011,"airphoto",1984,"1984-08-12",,"Film - BW","1:18000",20,"681059"
"10_00012",10,14003393,5011,"airphoto",1985,"1985-06-20",,"Film - BW","1:15000",2,"851065"
"10_00012",10,14003393,5011,"airphoto",1988,"1988-08-07",,"Film - BW","1:20000",5,"970820"
"10_00012",10,14003393,5011,"airphoto",1991,"1991-07-22",,"Film - BW","1:15000",5,"599312"
"10_00012",10,14003393,5011,"airphoto",1996,"1996-07-07",,"Film - BW","1:40000",2,"128764"
"10_00012",10,14003393,5011,"airphoto",1997,"1997-08-17",,"Film - Colour","1:20000",6,"349430"
"10_00012",10,14003393,5011,"airphoto",2000,"2000-09-15",,"Film - Colour","1:30000",2,"455402"
"10_00012",10,14003393,5011,"airphoto",2005,"2005-07-25",,"Film - Colour","1:20000",2,"1529499"
"10_00012",10,14003393,5011,"airphoto",2012,"2012-07-06",,"Digital - Colour","1:50000",3,"2050330"
"10_00012",10,14003393,5011,"orthophoto",2021,,0.150000000000001,,,1,
"10_00013",10,34440367,2011,"airphoto",1973,"1973-09-15",,"Film - BW","1:15000",2,"1368980"
"10_00013",10,34440367,2011,"airphoto",1980,"1980-08-12",,"Film - BW","1:20000",3,"721301"
"10_00013",10,34440367,2011,"airphoto",1985,"1985-07-16",,"Film - BW","1:15000",2,"851678"
"10_00013",10,34440367,2011,"airphoto",1987,"1987-06-28",,"Film - BW","1:40000",3,"908364"
"10_00013",10,34440367,2011,"airphoto",1988,"1988-07-20",,"Film - BW","1:20000",2,"970147"
"10_00013",10,34440367,2011,"airphoto",1990,"1990-07-29",,"Film - BW","1:15000",6,"1063604"
"10_00013",10,34440367,2011,"airphoto",1995,"1995-09-16",,"Film - BW","1:15000",3,"94606"
"10_00013",10,34440367,2011,"airphoto",1996,"1996-07-07",,"Film - BW","1:40000",2,"128664"
"10_00013",10,34440367,2011,"airphoto",1997,"1997-08-10",,"Film - Colour","1:20000",2,"349000"
"10_00013",10,34440367,2011,"airphoto",2000,"2000-09-15",,"Film - Colour","1:30000",3,"455251"
"10_00013",10,34440367,2011,"airphoto",2002,"2002-08-16",,"Film - Colour","1:15000",2,"645065"
"10_00013",10,34440367,2011,"airphoto",2012,"2012-07-14",,"Digital - Colour","1:50000",3,"2053248"
"10_00013",10,34440367,2011,"airphoto",2019,"2019-08-28",,"Digital - Colour","9600",5,"2327594"
"10_00014",10,23624936,2011,"airphoto",1973,"1973-09-11",,"Film - BW","1:15000",4,"1368607"
"10_00014",10,23624936,2011,"airphoto",1977,"1977-07-25",,"Film - BW","1:20000",2,"1204478"
"10_00014",10,23624936,2011,"airphoto",1980,"1980-08-12",,"Film - BW","1:20000",2,"721856"
"10_00014",10,23624936,2011,"airphoto",1984,"1984-07-24",,"Film - BW","1:60000",2,"322848"
"10_00014",10,23624936,2011,"airphoto",1985,"1985-07-09",,"Film - BW","1:15000",2,"851373"
"10_00014",10,23624936,2011,"airphoto",1987,"1987-06-28",,"Film - BW","1:40000",3,"908293"
"10_00014",10,23624936,2011,"airphoto",1988,"1988-08-27",,"Film - Colour","1:10000",9,"998640"
"10_00014",10,23624936,2011,"airphoto",1990,"1990-07-26",,"Film - BW","1:15000",5,"1062626"
"10_00014",10,23624936,2011,"airphoto",1991,"1991-09-08",,"Film - BW","1:15000",3,"600493"
"10_00014",10,23624936,2011,"airphoto",1995,"1995-07-21",,"Film - BW","1:15000",6,"93834"
"10_00014",10,23624936,2011,"airphoto",1996,"1996-07-07",,"Film - BW","1:40000",2,"127888"
"10_00014",10,23624936,2011,"airphoto",1997,"1997-08-10",,"Film - Colour","1:20000",3,"349243"
"10_00014",10,23624936,2011,"airphoto",2000,"2000-09-15",,"Film - Colour","1:30000",6,"455537"
"10_00014",10,23624936,2011,"airphoto",2012,"2012-07-13",,"Digital - Colour","1:50000",3,"2052796"
"10_00015",10,12457030,11002,"airphoto",1973,"1973-08-11",,"Film - BW","1:15000",2,"1368397"
"10_00015",10,12457030,11002,"airphoto",1984,"1984-08-12",,"Film - BW","1:18000",16,"681072"
"10_00015",10,12457030,11002,"airphoto",1985,"1985-06-20",,"Film - BW","1:15000",2,"850947"
"10_00015",10,12457030,11002,"airphoto",1986,"1986-05-15",,"Film - Colour","1:10000",4,"891941"
"10_00015",10,12457030,11002,"airphoto",1988,"1988-07-21",,"Film - BW","1:20000",5,"970468"
"10_00015",10,12457030,11002,"airphoto",1991,"1991-07-22",,"Film - BW","1:15000",3,"599261"
"10_00015",10,12457030,11002,"airphoto",1996,"1996-07-07",,"Film - BW","1:40000",6,"128760"
"10_00015",10,12457030,11002,"airphoto",1997,"1997-08-17",,"Film - Colour","1:20000",2,"349485"
"10_00015",10,12457030,11002,"airphoto",2000,"2000-09-15",,"Film - Colour","1:30000",2,"455406"
"10_00015",10,12457030,11002,"airphoto",2006,"2006-09-05",,"Film - Colour","1:20000",3,"1588817"
"10_00015",10,12457030,11002,"airphoto",2012,"2012-07-06",,"Digital - Colour","1:50000",2,"2050395"
"10_00016",10,47665677,2011,"airphoto",1971,"1971-08-12",,"Film - BW","1:31680",2,"1414821"
"10_00016",10,47665677,2011,"airphoto",1974,"1974-08-02",,"Film - BW","1:16000",7,"1316709"
"10_00016",10,47665677,2011,"airphoto",1979,"1979-08-24",,"Film - BW","1:15840",6,"1123435"
"10_00016",10,47665677,2011,"airphoto",1987,"1987-08-06",,"Film - Colour","1:10000",3,"528714"
"10_00016",10,47665677,2011,"airphoto",1988,"1988-09-12",,"Film - Colour","1:10000",5,"998999"
"10_00016",10,47665677,2011,"airphoto",1992,"1992-07-19",,"Film - BW","1:15000",2,"587446"
"10_00016",10,47665677,2011,"airphoto",1995,"1995-09-04",,"Film - BW","1:15000",3,"94370"
"10_00016",10,47665677,2011,"airphoto",1996,"1996-07-12",,"Film - BW","1:40000",4,"129012"
"10_00016",10,47665677,2011,"airphoto",2000,"2000-09-19",,"Film - Colour","1:30000",2,"455776"
"10_00016",10,47665677,2011,"airphoto",2012,"2012-07-14",,"Digital - Colour","1:50000",2,"2053690"
"10_00017",10,34404593,2011,"airphoto",1973,"1973-09-15",,"Film - BW","1:15000",2,"1368980"
"10_00017",10,34404593,2011,"airphoto",1980,"1980-08-12",,"Film - BW","1:20000",3,"721301"
"10_00017",10,34404593,2011,"airphoto",1985,"1985-07-16",,"Film - BW","1:15000",2,"851678"
"10_00017",10,34404593,2011,"airphoto",1987,"1987-06-28",,"Film - BW","1:40000",3,"908364"
"10_00017",10,34404593,2011,"airphoto",1988,"1988-07-20",,"Film - BW","1:20000",2,"970147"
"10_00017",10,34404593,2011,"airphoto",1990,"1990-07-29",,"Film - BW","1:15000",6,"1063604"
"10_00017",10,34404593,2011,"airphoto",1995,"1995-09-16",,"Film - BW","1:15000",3,"94606"
"10_00017",10,34404593,2011,"airphoto",1996,"1996-07-07",,"Film - BW","1:40000",2,"128664"
"10_00017",10,34404593,2011,"airphoto",1997,"1997-08-10",,"Film - Colour","1:20000",2,"348999"
"10_00017",10,34404593,2011,"airphoto",2000,"2000-09-15",,"Film - Colour","1:30000",3,"455251"
"10_00017",10,34404593,2011,"airphoto",2002,"2002-08-16",,"Film - Colour","1:15000",2,"645065"
"10_00017",10,34404593,2011,"airphoto",2012,"2012-07-14",,"Digital - Colour","1:50000",3,"2053248"
"10_00017",10,34404593,2011,"airphoto",2019,"2019-08-28",,"Digital - Colour","9600",5,"2327594"
"10_00018",10,26377835,1011,"airphoto",1963,"1963-05-17",,"Film - BW","1:32000",2,"1473990"
"10_00018",10,26377835,1011,"airphoto",1971,"1971-08-30",,"Film - BW","1:31680",3,"1414856"
"10_00018",10,26377835,1011,"airphoto",1972,"1972-08-14",,"Film - BW","1:60000",2,"1384618"
"10_00018",10,26377835,1011,"airphoto",1973,"1973-09-11",,"Film - BW","1:15000",2,"1368561"
"10_00018",10,26377835,1011,"airphoto",1979,"1979-08-10",,"Film - BW","1:20000",6,"1140075"
"10_00018",10,26377835,1011,"airphoto",1980,"1980-08-12",,"Film - BW","1:20000",2,"721808"
"10_00018",10,26377835,1011,"airphoto",1985,"1985-07-09",,"Film - BW","1:15000",2,"851414"
"10_00018",10,26377835,1011,"airphoto",1988,"1988-07-21",,"Film - BW","1:20000",3,"970548"
"10_00018",10,26377835,1011,"airphoto",1990,"1990-07-26",,"Film - BW","1:15000",5,"1062675"
"10_00018",10,26377835,1011,"airphoto",1995,"1995-07-21",,"Film - BW","1:15000",5,"93729"
"10_00018",10,26377835,1011,"airphoto",1996,"1996-07-07",,"Film - BW","1:40000",6,"127908"
"10_00018",10,26377835,1011,"airphoto",2000,"2000-08-04",,"Film - Colour","1:30000",5,"454625"
"10_00018",10,26377835,1011,"airphoto",2002,"2002-08-21",,"Film - Colour","1:30000",2,"643736"
"10_00018",10,26377835,1011,"airphoto",2006,"2006-08-17",,"Film - Colour","1:20000",3,"1586907"
"10_00018",10,26377835,1011,"airphoto",2012,"2012-07-13",,"Digital - Colour","1:50000",2,"2052744"
"10_00019",10,26084419,2001,"airphoto",1973,"1973-09-11",,"Film - BW","1:15000",3,"1368663"
"10_00019",10,26084419,2001,"airphoto",1980,"1980-08-12",,"Film - BW","1:20000",2,"721770"
"10_00019",10,26084419,2001,"airphoto",1985,"1985-07-09",,"Film - BW","1:15000",1,"851375"
"10_00019",10,26084419,2001,"airphoto",1987,"1987-06-28",,"Film - BW","1:40000",5,"908294"
"10_00019",10,26084419,2001,"airphoto",1988,"1988-08-26",,"Film - Colour","1:10000",10,"997861"
"10_00019",10,26084419,2001,"airphoto",1990,"1990-07-29",,"Film - BW","1:15000",3,"1063372"
"10_00019",10,26084419,2001,"airphoto",1995,"1995-07-21",,"Film - BW","1:15000",6,"93771"
"10_00019",10,26084419,2001,"airphoto",1996,"1996-07-07",,"Film - BW","1:40000",5,"127886"
"10_00019",10,26084419,2001,"airphoto",1997,"1997-08-10",,"Film - Colour","1:20000",3,"349088"
"10_00019",10,26084419,2001,"airphoto",2000,"2000-08-04",,"Film - Colour","1:30000",6,"454648"
"10_00019",10,26084419,2001,"airphoto",2012,"2012-07-13",,"Digital - Colour","1:50000",2,"2052990"
"10_00020",10,22847451,2005,"airphoto",1973,"1973-09-11",,"Film - BW","1:15000",3,"1368493"
"10_00020",10,22847451,2005,"airphoto",1977,"1977-07-25",,"Film - BW","1:20000",3,"1204474"
"10_00020",10,22847451,2005,"airphoto",1980,"1980-08-12",,"Film - BW","1:20000",2,"721852"
"10_00020",10,22847451,2005,"airphoto",1984,"1984-07-24",,"Film - BW","1:60000",2,"322850"
"10_00020",10,22847451,2005,"airphoto",1985,"1985-07-09",,"Film - BW","1:15000",4,"851369"
"10_00020",10,22847451,2005,"airphoto",1987,"1987-06-28",,"Film - BW","1:40000",2,"908290"
"10_00020",10,22847451,2005,"airphoto",1988,"1988-08-27",,"Film - Colour","1:10000",6,"998617"
"10_00020",10,22847451,2005,"airphoto",1990,"1990-07-26",,"Film - BW","1:15000",3,"1062564"
"10_00020",10,22847451,2005,"airphoto",1991,"1991-09-08",,"Film - BW","1:15000",3,"600488"
"10_00020",10,22847451,2005,"airphoto",1996,"1996-07-07",,"Film - BW","1:40000",6,"127890"
"10_00020",10,22847451,2005,"airphoto",1997,"1997-08-10",,"Film - Colour","1:20000",2,"349247"
"10_00020",10,22847451,2005,"airphoto",2000,"2000-09-15",,"Film - Colour","1:30000",7,"455298"
"10_00020",10,22847451,2005,"airphoto",2012,"2012-07-13",,"Digital - Colour","1:50000",5,"2052790"
"10_00020",10,22847451,2005,"orthophoto",2021,,0.149999999999983,,,1,
"10_00021",10,28945282,11002,"airphoto",1971,"1971-08-30",,"Film - BW","1:31680",3,"1414857"
"10_00021",10,28945282,11002,"airphoto",1973,"1973-09-11",,"Film - BW","1:15000",5,"1368715"
"10_00021",10,28945282,11002,"airphoto",1977,"1977-07-24",,"Film - BW","1:20000",1,"1198202"
"10_00021",10,28945282,11002,"airphoto",1980,"1980-08-12",,"Film - BW","1:20000",2,"721720"
"10_00021",10,28945282,11002,"airphoto",1985,"1985-05-15",,"Film - Colour","1:10000",6,"855886"
"10_00021",10,28945282,11002,"airphoto",1986,"1986-05-15",,"Film - Colour","1:10000",2,"891986"
"10_00021",10,28945282,11002,"airphoto",1988,"1988-07-21",,"Film - BW","1:20000",3,"970527"
"10_00021",10,28945282,11002,"airphoto",1990,"1990-07-26",,"Film - BW","1:15000",5,"1062731"
"10_00021",10,28945282,11002,"airphoto",1995,"1995-07-21",,"Film - BW","1:15000",4,"93751"
"10_00021",10,28945282,11002,"airphoto",1996,"1996-07-07",,"Film - BW","1:40000",6,"127972"
"10_00021",10,28945282,11002,"airphoto",2000,"2000-09-18",,"Film - BW","1:15000",9,"467978"
"10_00021",10,28945282,11002,"airphoto",2006,"2006-08-17",,"Film - Colour","1:20000",2,"1586827"
"10_00021",10,28945282,11002,"airphoto",2012,"2012-07-14",,"Digital - Colour","1:50000",3,"2053044"
"10_00022",10,2274456,11002,"airphoto",1980,"1980-08-12",,"Film - BW","1:20000",6,"721529"
"10_00022",10,2274456,11002,"airphoto",1984,"1984-07-24",,"Film - BW","1:60000",2,"322723"
"10_00022",10,2274456,11002,"airphoto",1985,"1985-06-20",,"Film - BW","1:15000",2,"850717"
"10_00022",10,2274456,11002,"airphoto",1988,"1988-07-21",,"Film - BW","1:20000",3,"970279"
"10_00022",10,2274456,11002,"airphoto",1990,"1990-07-19",,"Film - BW","1:15000",3,"1071745"
"10_00022",10,2274456,11002,"airphoto",1991,"1991-07-22",,"Film - BW","1:15000",3,"599070"
"10_00022",10,2274456,11002,"airphoto",1996,"1996-07-12",,"Film - BW","1:40000",6,"129996"
"10_00022",10,2274456,11002,"airphoto",1997,"1997-08-14",,"Film - Colour","1:20000",5,"349595"
"10_00022",10,2274456,11002,"airphoto",2000,"2000-09-15",,"Film - Colour","1:30000",5,"455563"
"10_00022",10,2274456,11002,"airphoto",2012,"2012-07-13",,"Digital - Colour","1:50000",3,"2052103"
"10_00023",10,37212152,8002,"airphoto",1974,"1974-07-21",,"Film - BW","1:16000",6,"1316583"
"10_00023",10,37212152,8002,"airphoto",1987,"1987-06-28",,"Film - BW","1:40000",4,"908368"
"10_00023",10,37212152,8002,"airphoto",1988,"1988-07-20",,"Film - BW","1:20000",2,"970108"
"10_00023",10,37212152,8002,"airphoto",1989,"1989-05-13",,"Film - Colour","1:10000",2,"1045335"
"10_00023",10,37212152,8002,"airphoto",1990,"1990-07-29",,"Film - BW","1:15000",3,"1063779"
"10_00023",10,37212152,8002,"airphoto",1995,"1995-09-16",,"Film - BW","1:15000",4,"94822"
"10_00023",10,37212152,8002,"airphoto",1996,"1996-07-07",,"Film - BW","1:40000",6,"128051"
"10_00023",10,37212152,8002,"airphoto",1997,"1997-08-10",,"Film - Colour","1:20000",3,"348934"
"10_00023",10,37212152,8002,"airphoto",2000,"2000-09-15",,"Film - Colour","1:30000",2,"455480"
"10_00023",10,37212152,8002,"airphoto",2002,"2002-08-16",,"Film - Colour","1:15000",4,"645011"
"10_00023",10,37212152,8002,"airphoto",2012,"2012-07-14",,"Digital - Colour","1:50000",3,"2053365"
"10_00023",10,37212152,8002,"orthophoto",2021,,0.150000000000001,,,1,
"10_00024",10,31606523,5011,"airphoto",1973,"1973-09-15",,"Film - BW","1:15000",3,"1368883"
"10_00024",10,31606523,5011,"airphoto",1980,"1980-08-12",,"Film - BW","1:20000",2,"721691"
"10_00024",10,31606523,5011,"airphoto",1985,"1985-07-16",,"Film - BW","1:15000",1,"851554"
"10_00024",10,31606523,5011,"airphoto",1988,"1988-09-03",,"Film - BW","1:20000",2,"971301"
"10_00024",10,31606523,5011,"airphoto",1990,"1990-07-29",,"Film - BW","1:15000",2,"1063529"
"10_00024",10,31606523,5011,"airphoto",1991,"1991-09-08",,"Film - BW","1:15000",2,"600309"
"10_00024",10,31606523,5011,"airphoto",1996,"1996-07-07",,"Film - BW","1:40000",6,"127985"
"10_00024",10,31606523,5011,"airphoto",1997,"1997-08-10",,"Film - Colour","1:20000",3,"349029"
"10_00024",10,31606523,5011,"airphoto",2000,"2000-08-04",,"Film - Colour","1:30000",7,"454597"
"10_00024",10,31606523,5011,"airphoto",2002,"2002-08-16",,"Film - Colour","1:15000",2,"645077"
"10_00024",10,31606523,5011,"airphoto",2005,"2005-07-25",,"Film - Colour","1:20000",2,"1529480"
"10_00024",10,31606523,5011,"airphoto",2012,"2012-07-14",,"Digital - Colour","1:50000",3,"2053095"
"10_00025",10,48166683,11002,"airphoto",1971,"1971-08-12",,"Film - BW","1:31680",2,"1414821"
"10_00025",10,48166683,11002,"airphoto",1974,"1974-08-02",,"Film - BW","1:16000",4,"1316709"
"10_00025",10,48166683,11002,"airphoto",1979,"1979-07-29",,"Film - BW","1:15840",5,"1123401"
"10_00025",10,48166683,11002,"airphoto",1987,"1987-08-06",,"Film - Colour","1:10000",2,"528713"
"10_00025",10,48166683,11002,"airphoto",1988,"1988-09-12",,"Film - Colour","1:10000",11,"998998"
"10_00025",10,48166683,11002,"airphoto",1992,"1992-07-19",,"Film - BW","1:15000",3,"587446"
"10_00025",10,48166683,11002,"airphoto",1995,"1995-09-04",,"Film - BW","1:15000",5,"94370"
"10_00025",10,48166683,11002,"airphoto",1996,"1996-07-12",,"Film - BW","1:40000",6,"129012"
"10_00025",10,48166683,11002,"airphoto",2000,"2000-09-19",,"Film - Colour","1:30000",2,"455777"
"10_00025",10,48166683,11002,"airphoto",2012,"2012-07-14",,"Digital - Colour","1:50000",2,"2053690"
"10_00026",10,34698254,8011,"airphoto",1973,"1973-09-15",,"Film - BW","1:15000",3,"1368992"
"10_00026",10,34698254,8011,"airphoto",1974,"1974-07-21",,"Film - BW","1:16000",2,"1316529"
"10_00026",10,34698254,8011,"airphoto",1980,"1980-08-12",,"Film - BW","1:20000",2,"721309"
"10_00026",10,34698254,8011,"airphoto",1987,"1987-06-28",,"Film - BW","1:40000",2,"908360"
"10_00026",10,34698254,8011,"airphoto",1988,"1988-07-20",,"Film - BW","1:20000",5,"970138"
"10_00026",10,34698254,8011,"airphoto",1990,"1990-07-29",,"Film - BW","1:15000",5,"1063743"
"10_00026",10,34698254,8011,"airphoto",1995,"1995-09-16",,"Film - BW","1:15000",5,"94691"
"10_00026",10,34698254,8011,"airphoto",1996,"1996-07-12",,"Film - BW","1:40000",3,"129575"
"10_00026",10,34698254,8011,"airphoto",1997,"1997-08-10",,"Film - Colour","1:20000",3,"349008"
"10_00026",10,34698254,8011,"airphoto",2000,"2000-09-15",,"Film - Colour","1:30000",2,"455256"
"10_00026",10,34698254,8011,"airphoto",2002,"2002-08-16",,"Film - Colour","1:15000",2,"645054"
"10_00026",10,34698254,8011,"airphoto",2012,"2012-07-14",,"Digital - Colour","1:50000",6,"2053237"
"10_00027",10,23213448,2011,"airphoto",1973,"1973-09-11",,"Film - BW","1:15000",4,"1368488"
"10_00027",10,23213448,2011,"airphoto",1977,"1977-07-25",,"Film - BW","1:20000",2,"1204478"
"10_00027",10,23213448,2011,"airphoto",1980,"1980-08-12",,"Film - BW","1:20000",2,"721856"
"10_00027",10,23213448,2011,"airphoto",1984,"1984-07-24",,"Film - BW","1:60000",2,"322848"
"10_00027",10,23213448,2011,"airphoto",1985,"1985-07-09",,"Film - BW","1:15000",2,"851373"
"10_00027",10,23213448,2011,"airphoto",1987,"1987-06-28",,"Film - BW","1:40000",3,"908293"
"10_00027",10,23213448,2011,"airphoto",1988,"1988-08-07",,"Film - BW","1:20000",9,"970852"
"10_00027",10,23213448,2011,"airphoto",1990,"1990-07-26",,"Film - BW","1:15000",6,"1062570"
"10_00027",10,23213448,2011,"airphoto",1991,"1991-09-08",,"Film - BW","1:15000",1,"600493"
"10_00027",10,23213448,2011,"airphoto",1995,"1995-07-21",,"Film - BW","1:15000",3,"93834"
"10_00027",10,23213448,2011,"airphoto",1996,"1996-07-07",,"Film - BW","1:40000",2,"127887"
"10_00027",10,23213448,2011,"airphoto",1997,"1997-08-10",,"Film - Colour","1:20000",3,"349243"
"10_00027",10,23213448,2011,"airphoto",2000,"2000-09-15",,"Film - Colour","1:30000",6,"455295"
"10_00027",10,23213448,2011,"airphoto",2012,"2012-07-13",,"Digital - Colour","1:50000",3,"2052796"
"10_00028",10,23010013,11005,"airphoto",1973,"1973-09-11",,"Film - BW","1:15000",2,"1368504"
"10_00028",10,23010013,11005,"airphoto",1977,"1977-07-25",,"Film - BW","1:20000",2,"1204465"
"10_00028",10,23010013,11005,"airphoto",1980,"1980-08-12",,"Film - BW","1:20000",3,"721844"
"10_00028",10,23010013,11005,"airphoto",1984,"1984-07-24",,"Film - BW","1:60000",2,"322852"
"10_00028",10,23010013,11005,"airphoto",1985,"1985-07-09",,"Film - BW","1:15000",2,"851359"
"10_00028",10,23010013,11005,"airphoto",1988,"1988-08-07",,"Film - BW","1:20000",2,"970864"
"10_00028",10,23010013,11005,"airphoto",1990,"1990-07-26",,"Film - BW","1:15000",3,"1062553"
"10_00028",10,23010013,11005,"airphoto",1991,"1991-09-08",,"Film - BW","1:15000",2,"600477"
"10_00028",10,23010013,11005,"airphoto",1996,"1996-07-07",,"Film - BW","1:40000",4,"127895"
"10_00028",10,23010013,11005,"airphoto",1997,"1997-08-10",,"Film - Colour","1:20000",3,"349256"
"10_00028",10,23010013,11005,"airphoto",2000,"2000-09-15",,"Film - Colour","1:30000",7,"455303"
"10_00028",10,23010013,11005,"airphoto",2012,"2012-07-13",,"Digital - Colour","1:50000",5,"2052779"
"10_00028",10,23010013,11005,"orthophoto",2021,,0.149999999999999,,,2,
"10_00029",10,23081601,11005,"airphoto",1973,"1973-09-11",,"Film - BW","1:15000",2,"1368505"
"10_00029",10,23081601,11005,"airphoto",1977,"1977-07-25",,"Film - BW","1:20000",2,"1204465"
"10_00029",10,23081601,11005,"airphoto",1980,"1980-08-12",,"Film - BW","1:20000",3,"721844"
"10_00029",10,23081601,11005,"airphoto",1984,"1984-07-24",,"Film - BW","1:60000",2,"322852"
"10_00029",10,23081601,11005,"airphoto",1985,"1985-07-09",,"Film - BW","1:15000",2,"851359"
"10_00029",10,23081601,11005,"airphoto",1988,"1988-08-07",,"Film - BW","1:20000",2,"970864"
"10_00029",10,23081601,11005,"airphoto",1990,"1990-07-26",,"Film - BW","1:15000",6,"1062553"
"10_00029",10,23081601,11005,"airphoto",1991,"1991-09-08",,"Film - BW","1:15000",2,"600476"
"10_00029",10,23081601,11005,"airphoto",1996,"1996-07-07",,"Film - BW","1:40000",5,"127895"
"10_00029",10,23081601,11005,"airphoto",1997,"1997-08-10",,"Film - Colour","1:20000",3,"349256"
"10_00029",10,23081601,11005,"airphoto",2000,"2000-09-15",,"Film - Colour","1:30000",7,"455303"
"10_00029",10,23081601,11005,"airphoto",2012,"2012-07-13",,"Digital - Colour","1:50000",4,"2052778"
"10_00029",10,23081601,11005,"orthophoto",2021,,0.149999999999999,,,1,
"10_00030",10,52407607,11002,"airphoto",1979,"1979-07-29",,"Film - BW","1:15840",5,"1123387"
"10_00030",10,52407607,11002,"airphoto",1987,"1987-08-06",,"Film - Colour","1:10000",3,"528484"
"10_00030",10,52407607,11002,"airphoto",1988,"1988-09-12",,"Film - Colour","1:10000",3,"999054"
"10_00030",10,52407607,11002,"airphoto",1989,"1989-06-12",,"Film - BW","1:15000",1,"1021776"
"10_00030",10,52407607,11002,"airphoto",1992,"1992-07-18",,"Film - BW","1:15000",2,"587380"
"10_00030",10,52407607,11002,"airphoto",1994,"1994-08-18",,"Film - BW","1:15000",1,"76542"
"10_00030",10,52407607,11002,"airphoto",1995,"1995-09-04",,"Film - BW","1:15000",4,"94152"
"10_00030",10,52407607,11002,"airphoto",1996,"1996-07-12",,"Film - BW","1:40000",6,"129009"
"10_00030",10,52407607,11002,"airphoto",2000,"2000-09-22",,"Film - Colour","1:30000",5,"455953"
"10_00030",10,52407607,11002,"airphoto",2002,"2002-08-21",,"Film - Colour","1:30000",2,"643578"
"10_00030",10,52407607,11002,"airphoto",2006,"2006-09-07",,"Film - Colour","1:20000",2,"1588954"
"10_00030",10,52407607,11002,"airphoto",2012,"2012-07-14",,"Digital - Colour","1:50000",3,"2053721"
"11_00001",11,42230773,2011,"airphoto",1974,"1974-09-01",,"Film - BW","1:16000",4,"1310306"
"11_00001",11,42230773,2011,"airphoto",1975,"1975-01-14",,"Film - BW","1:12000",1,"1263829"
"11_00001",11,42230773,2011,"airphoto",1987,"1987-06-28",,"Film - BW","1:40000",5,"908367"
"11_00001",11,42230773,2011,"airphoto",1988,"1988-07-20",,"Film - BW","1:20000",3,"969775"
"11_00001",11,42230773,2011,"airphoto",1989,"1989-05-13",,"Film - Colour","1:10000",3,"1045343"
"11_00001",11,42230773,2011,"airphoto",1990,"1990-07-29",,"Film - BW","1:15000",3,"1063239"
"11_00001",11,42230773,2011,"airphoto",1995,"1995-09-23",,"Film - BW","1:15000",3,"95667"
"11_00001",11,42230773,2011,"airphoto",1996,"1996-07-12",,"Film - BW","1:40000",4,"129441"
"11_00001",11,42230773,2011,"airphoto",2000,"2000-09-19",,"Film - Colour","1:30000",3,"455815"
"11_00001",11,42230773,2011,"airphoto",2002,"2002-08-16",,"Film - Colour","1:15000",4,"644898"
"11_00001",11,42230773,2011,"airphoto",2012,"2012-07-14",,"Digital - Colour","1:50000",5,"2053578"
"11_00001",11,42230773,2011,"airphoto",2019,"2019-08-28",,"Digital - Colour","9600",6,"2327609"
"11_00001",11,42230773,2011,"orthophoto",2021,,0.149999999999999,,,1,
"11_00002",11,3428343,2011,"airphoto",1980,"1980-08-12",,"Film - BW","1:20000",2,"721556"
"11_00002",11,3428343,2011,"airphoto",1984,"1984-07-24",,"Film - BW","1:60000",2,"322723"
"11_00002",11,3428343,2011,"airphoto",1985,"1985-06-20",,"Film - BW","1:15000",2,"850717"
"11_00002",11,3428343,2011,"airphoto",1988,"1988-07-21",,"Film - BW","1:20000",3,"970279"
"11_00002",11,3428343,2011,"airphoto",1991,"1991-07-22",,"Film - BW","1:15000",3,"599070"
"11_00002",11,3428343,2011,"airphoto",1996,"1996-07-12",,"Film - BW","1:40000",6,"129996"
"11_00002",11,3428343,2011,"airphoto",1997,"1997-08-14",,"Film - Colour","1:20000",3,"349595"
"11_00002",11,3428343,2011,"airphoto",2000,"2000-09-15",,"Film - Colour","1:30000",3,"455563"
"11_00002",11,3428343,2011,"airphoto",2012,"2012-07-13",,"Digital - Colour","1:50000",5,"2052208"
"11_00003",11,33506543,2011,"airphoto",1971,"1971-08-30",,"Film - BW","1:31680",1,"1414859"
"11_00003",11,33506543,2011,"airphoto",1973,"1973-09-15",,"Film - BW","1:15000",6,"1368912"
"11_00003",11,33506543,2011,"airphoto",1980,"1980-08-12",,"Film - BW","1:20000",6,"721711"
"11_00003",11,33506543,2011,"airphoto",1985,"1985-07-16",,"Film - BW","1:15000",2,"851575"
"11_00003",11,33506543,2011,"airphoto",1988,"1988-09-03",,"Film - BW","1:20000",6,"971280"
"11_00003",11,33506543,2011,"airphoto",1990,"1990-07-29",,"Film - BW","1:15000",5,"1063651"
"11_00003",11,33506543,2011,"airphoto",1995,"1995-09-16",,"Film - BW","1:15000",4,"94567"
"11_00003",11,33506543,2011,"airphoto",1996,"1996-07-07",,"Film - BW","1:40000",6,"128647"
"11_00003",11,33506543,2011,"airphoto",2000,"2000-09-15",,"Film - Colour","1:30000",5,"455232"
"11_00003",11,33506543,2011,"airphoto",2006,"2006-08-17",,"Film - Colour","1:20000",1,"1586715"
"11_00003",11,33506543,2011,"airphoto",2012,"2012-07-14",,"Digital - Colour","1:50000",6,"2053068"
"11_00004",11,21329516,2011,"airphoto",1973,"1973-09-11",,"Film - BW","1:15000",3,"1368513"
"11_00004",11,21329516,2011,"airphoto",1975,"1975-09-08",,"Film - BW","1:15000",2,"1292726"
"11_00004",11,21329516,2011,"airphoto",1976,"1976-05-07",,"Film - BW","1:18000",2,"1225024"
"11_00004",11,21329516,2011,"airphoto",1977,"1977-08-16",,"Film - BW","1:10000",12,"1204077"
"11_00004",11,21329516,2011,"airphoto",1980,"1980-08-12",,"Film - BW","1:20000",3,"721906"
"11_00004",11,21329516,2011,"airphoto",1984,"1984-09-14",,"Film - BW","1:18000",7,"681125"
"11_00004",11,21329516,2011,"airphoto",1985,"1985-07-09",,"Film - BW","1:15000",1,"851199"
"11_00004",11,21329516,2011,"airphoto",1988,"1988-08-07",,"Film - BW","1:20000",2,"970706"
"11_00004",11,21329516,2011,"airphoto",1990,"1990-07-26",,"Film - BW","1:15000",2,"1062543"
"11_00004",11,21329516,2011,"airphoto",1991,"1991-07-31",,"Film - BW","1:15000",3,"599710"
"11_00004",11,21329516,2011,"airphoto",1996,"1996-07-07",,"Film - BW","1:40000",6,"128681"
"11_00004",11,21329516,2011,"airphoto",1997,"1997-08-10",,"Film - Colour","1:20000",3,"349153"
"11_00004",11,21329516,2011,"airphoto",2000,"2000-09-15",,"Film - Colour","1:30000",2,"455307"
"11_00004",11,21329516,2011,"airphoto",2012,"2012-07-13",,"Digital - Colour","1:50000",3,"2052698"
"11_00004",11,21329516,2011,"orthophoto",2021,,0.149999999999999,,,1,
"11_00005",11,26398124,2011,"airphoto",1973,"1973-09-11",,"Film - BW","1:15000",2,"1368667"
"11_00005",11,26398124,2011,"airphoto",1980,"1980-08-12",,"Film - BW","1:20000",2,"721774"
"11_00005",11,26398124,2011,"airphoto",1985,"1985-07-09",,"Film - BW","1:15000",4,"851378"
"11_00005",11,26398124,2011,"airphoto",1987,"1987-06-28",,"Film - BW","1:40000",6,"908292"
"11_00005",11,26398124,2011,"airphoto",1988,"1988-08-27",,"Film - Colour","1:10000",8,"998694"
"11_00005",11,26398124,2011,"airphoto",1990,"1990-07-29",,"Film - BW","1:15000",3,"1063367"
"11_00005",11,26398124,2011,"airphoto",1991,"1991-09-08",,"Film - BW","1:15000",4,"600409"
"11_00005",11,26398124,2011,"airphoto",1995,"1995-07-21",,"Film - BW","1:15000",5,"93766"
"11_00005",11,26398124,2011,"airphoto",1996,"1996-07-07",,"Film - BW","1:40000",6,"127888"
"11_00005",11,26398124,2011,"airphoto",1997,"1997-08-10",,"Film - Colour","1:20000",2,"349091"
"11_00005",11,26398124,2011,"airphoto",2000,"2000-09-15",,"Film - Colour","1:30000",4,"455536"
"11_00005",11,26398124,2011,"airphoto",2012,"2012-07-13",,"Digital - Colour","1:50000",3,"2052994"
"11_00005",11,26398124,2011,"orthophoto",2021,,0.149999999999962,,,1,
"11_00006",11,38676119,2011,"airphoto",1971,"1971-08-12",,"Film - BW","1:31680",2,"1414825"
"11_00006",11,38676119,2011,"airphoto",1974,"1974-07-21",,"Film - BW","1:16000",2,"1316622"
"11_00006",11,38676119,2011,"airphoto",1979,"1979-08-24",,"Film - BW","1:15840",3,"1123506"
"11_00006",11,38676119,2011,"airphoto",1985,"1985-07-16",,"Film - BW","1:15000",4,"851690"
"11_00006",11,38676119,2011,"airphoto",1987,"1987-08-06",,"Film - Colour","1:10000",2,"528288"
"11_00006",11,38676119,2011,"airphoto",1988,"1988-07-20",,"Film - BW","1:20000",5,"970075"
"11_00006",11,38676119,2011,"airphoto",1990,"1990-07-29",,"Film - BW","1:15000",3,"1063829"
"11_00006",11,38676119,2011,"airphoto",1995,"1995-09-16",,"Film - BW","1:15000",2,"94777"
"11_00006",11,38676119,2011,"airphoto",1996,"1996-07-07",,"Film - BW","1:40000",6,"128585"
"11_00006",11,38676119,2011,"airphoto",1997,"1997-08-10",,"Film - Colour","1:20000",3,"348968"
"11_00006",11,38676119,2011,"airphoto",2000,"2000-09-15",,"Film - Colour","1:30000",3,"455502"
"11_00006",11,38676119,2011,"airphoto",2012,"2012-07-14",,"Digital - Colour","1:50000",2,"2053321"
"11_00007",11,12563111,2011,"airphoto",1977,"1977-08-16",,"Film - BW","1:10000",8,"1204217"
"11_00007",11,12563111,2011,"airphoto",1984,"1984-08-12",,"Film - BW","1:18000",13,"681058"
"11_00007",11,12563111,2011,"airphoto",1985,"1985-06-20",,"Film - BW","1:15000",2,"850940"
"11_00007",11,12563111,2011,"airphoto",1988,"1988-07-21",,"Film - BW","1:20000",5,"970462"
"11_00007",11,12563111,2011,"airphoto",1991,"1991-07-22",,"Film - BW","1:15000",3,"599251"
"11_00007",11,12563111,2011,"airphoto",1996,"1996-07-07",,"Film - BW","1:40000",6,"128764"
"11_00007",11,12563111,2011,"airphoto",1997,"1997-08-17",,"Film - Colour","1:20000",2,"349492"
"11_00007",11,12563111,2011,"airphoto",2000,"2000-09-15",,"Film - Colour","1:30000",3,"455402"
"11_00007",11,12563111,2011,"airphoto",2005,"2005-07-25",,"Film - Colour","1:20000",1,"1529520"
"11_00007",11,12563111,2011,"airphoto",2012,"2012-07-06",,"Digital - Colour","1:50000",3,"2050404"
"11_00007",11,12563111,2011,"orthophoto",2021,,0.15,,,1,
"11_00008",11,8913652,2011,"airphoto",1969,"1969-08-06",,"Film - BW","1:16000",2,"779719"
"11_00008",11,8913652,2011,"airphoto",1977,"1977-07-25",,"Film - BW","1:20000",3,"1204301"
"11_00008",11,8913652,2011,"airphoto",1980,"1980-08-12",,"Film - BW","1:20000",3,"721640"
"11_00008",11,8913652,2011,"airphoto",1984,"1984-07-24",,"Film - BW","1:60000",2,"322890"
"11_00008",11,8913652,2011,"airphoto",1985,"1985-06-20",,"Film - BW","1:15000",2,"850863"
"11_00008",11,8913652,2011,"airphoto",1988,"1988-07-21",,"Film - BW","1:20000",3,"970442"
"11_00008",11,8913652,2011,"airphoto",1991,"1991-07-22",,"Film - BW","1:15000",3,"599582"
"11_00008",11,8913652,2011,"airphoto",1996,"1996-07-07",,"Film - BW","1:40000",4,"128799"
"11_00008",11,8913652,2011,"airphoto",1997,"1997-08-16",,"Film - Colour","1:20000",2,"349680"
"11_00008",11,8913652,2011,"airphoto",2000,"2000-09-15",,"Film - Colour","1:30000",3,"455437"
"11_00008",11,8913652,2011,"airphoto",2012,"2012-07-06",,"Digital - Colour","1:50000",2,"2050504"
"11_00009",11,32027582,2011,"airphoto",1973,"1973-09-15",,"Film - BW","1:15000",3,"1368889"
"11_00009",11,32027582,2011,"airphoto",1980,"1980-08-12",,"Film - BW","1:20000",3,"721694"
"11_00009",11,32027582,2011,"airphoto",1985,"1985-07-16",,"Film - BW","1:15000",2,"851557"
"11_00009",11,32027582,2011,"airphoto",1988,"1988-09-03",,"Film - BW","1:20000",3,"971298"
"11_00009",11,32027582,2011,"airphoto",1990,"1990-07-29",,"Film - BW","1:15000",2,"1063524"
"11_00009",11,32027582,2011,"airphoto",1991,"1991-09-08",,"Film - BW","1:15000",2,"600305"
"11_00009",11,32027582,2011,"airphoto",1996,"1996-07-07",,"Film - BW","1:40000",6,"127983"
"11_00009",11,32027582,2011,"airphoto",1997,"1997-08-10",,"Film - Colour","1:20000",2,"349033"
"11_00009",11,32027582,2011,"airphoto",2000,"2000-08-04",,"Film - Colour","1:30000",9,"454599"
"11_00009",11,32027582,2011,"airphoto",2005,"2005-07-25",,"Film - Colour","1:20000",3,"1529476"
"11_00009",11,32027582,2011,"airphoto",2012,"2012-07-14",,"Digital - Colour","1:50000",4,"2053090"
"11_00010",11,15504713,2011,"airphoto",1977,"1977-08-16",,"Film - BW","1:10000",10,"1203906"
"11_00010",11,15504713,2011,"airphoto",1984,"1984-07-24",,"Film - BW","1:60000",5,"322852"
"11_00010",11,15504713,2011,"airphoto",1985,"1985-06-20",,"Film - BW","1:15000",3,"851074"
"11_00010",11,15504713,2011,"airphoto",1987,"1987-06-28",,"Film - BW","1:40000",1,"908320"
"11_00010",11,15504713,2011,"airphoto",1988,"1988-08-07",,"Film - BW","1:20000",4,"970762"
"11_00010",11,15504713,2011,"airphoto",1991,"1991-07-22",,"Film - BW","1:15000",4,"599322"
"11_00010",11,15504713,2011,"airphoto",1996,"1996-07-07",,"Film - BW","1:40000",3,"128768"
"11_00010",11,15504713,2011,"airphoto",1997,"1997-08-17",,"Film - Colour","1:20000",2,"349422"
"11_00010",11,15504713,2011,"airphoto",2000,"2000-09-15",,"Film - Colour","1:30000",5,"455349"
"11_00010",11,15504713,2011,"airphoto",2005,"2005-07-25",,"Film - Colour","1:20000",3,"1529506"
"11_00010",11,15504713,2011,"airphoto",2012,"2012-07-06",,"Digital - Colour","1:50000",4,"2050320"
"11_00010",11,15504713,2011,"orthophoto",2021,,0.150000000000001,,,1,
"11_00011",11,12572052,2011,"airphoto",1977,"1977-08-16",,"Film - BW","1:10000",8,"1204217"
"11_00011",11,12572052,2011,"airphoto",1984,"1984-08-12",,"Film - BW","1:18000",13,"681058"
"11_00011",11,12572052,2011,"airphoto",1985,"1985-06-20",,"Film - BW","1:15000",2,"850940"
"11_00011",11,12572052,2011,"airphoto",1988,"1988-07-21",,"Film - BW","1:20000",5,"970462"
"11_00011",11,12572052,2011,"airphoto",1991,"1991-07-22",,"Film - BW","1:15000",3,"599251"
"11_00011",11,12572052,2011,"airphoto",1996,"1996-07-07",,"Film - BW","1:40000",6,"128764"
"11_00011",11,12572052,2011,"airphoto",1997,"1997-08-17",,"Film - Colour","1:20000",2,"349492"
"11_00011",11,12572052,2011,"airphoto",2000,"2000-09-15",,"Film - Colour","1:30000",3,"455402"
"11_00011",11,12572052,2011,"airphoto",2005,"2005-07-25",,"Film - Colour","1:20000",1,"1529520"
"11_00011",11,12572052,2011,"airphoto",2012,"2012-07-06",,"Digital - Colour","1:50000",3,"2050404"
"11_00011",11,12572052,2011,"orthophoto",2021,,0.15,,,1,
"11_00012",11,17221026,2011,"airphoto",1975,"1975-09-08",,"Film - BW","1:15000",3,"1292686"
"11_00012",11,17221026,2011,"airphoto",1977,"1977-08-16",,"Film - BW","1:10000",7,"1203763"
"11_00012",11,17221026,2011,"airphoto",1984,"1984-07-24",,"Film - BW","1:60000",2,"322850"
"11_00012",11,17221026,2011,"airphoto",1985,"1985-06-20",,"Film - BW","1:15000",2,"851120"
"11_00012",11,17221026,2011,"airphoto",1987,"1987-06-28",,"Film - BW","1:40000",2,"908318"
"11_00012",11,17221026,2011,"airphoto",1988,"1988-08-07",,"Film - BW","1:20000",5,"970756"
"11_00012",11,17221026,2011,"airphoto",1991,"1991-07-22",,"Film - BW","1:15000",5,"599387"
"11_00012",11,17221026,2011,"airphoto",1996,"1996-07-07",,"Film - BW","1:40000",6,"128673"
"11_00012",11,17221026,2011,"airphoto",1997,"1997-08-17",,"Film - Colour","1:20000",2,"349338"
"11_00012",11,17221026,2011,"airphoto",2000,"2000-09-15",,"Film - Colour","1:30000",2,"455353"
"11_00012",11,17221026,2011,"airphoto",2012,"2012-07-06",,"Digital - Colour","1:50000",3,"2050241"
"11_00012",11,17221026,2011,"orthophoto",2021,,0.150000000000002,,,1,
"11_00013",11,17238920,2011,"airphoto",1975,"1975-09-08",,"Film - BW","1:15000",4,"1292686"
"11_00013",11,17238920,2011,"airphoto",1977,"1977-08-16",,"Film - BW","1:10000",6,"1203764"
"11_00013",11,17238920,2011,"airphoto",1984,"1984-07-24",,"Film - BW","1:60000",2,"322850"
"11_00013",11,17238920,2011,"airphoto",1985,"1985-06-20",,"Film - BW","1:15000",2,"851120"
"11_00013",11,17238920,2011,"airphoto",1987,"1987-06-28",,"Film - BW","1:40000",2,"908318"
"11_00013",11,17238920,2011,"airphoto",1988,"1988-08-07",,"Film - BW","1:20000",5,"970756"
"11_00013",11,17238920,2011,"airphoto",1991,"1991-07-22",,"Film - BW","1:15000",5,"599387"
"11_00013",11,17238920,2011,"airphoto",1996,"1996-07-07",,"Film - BW","1:40000",6,"128673"
"11_00013",11,17238920,2011,"airphoto",1997,"1997-08-17",,"Film - Colour","1:20000",2,"349338"
"11_00013",11,17238920,2011,"airphoto",2000,"2000-09-15",,"Film - Colour","1:30000",2,"455353"
"11_00013",11,17238920,2011,"airphoto",2012,"2012-07-06",,"Digital - Colour","1:50000",3,"2050241"
"11_00013",11,17238920,2011,"orthophoto",2021,,0.150000000000002,,,1,
"11_00014",11,31343311,2011,"airphoto",1973,"1973-09-15",,"Film - BW","1:15000",2,"1368853"
"11_00014",11,31343311,2011,"airphoto",1980,"1980-08-12",,"Film - BW","1:20000",3,"721670"
"11_00014",11,31343311,2011,"airphoto",1985,"1985-07-16",,"Film - BW","1:15000",1,"851533"
"11_00014",11,31343311,2011,"airphoto",1987,"1987-06-28",,"Film - BW","1:40000",4,"908358"
"11_00014",11,31343311,2011,"airphoto",1988,"1988-09-03",,"Film - BW","1:20000",7,"971323"
"11_00014",11,31343311,2011,"airphoto",1990,"1990-07-29",,"Film - BW","1:15000",3,"1063558"
"11_00014",11,31343311,2011,"airphoto",1995,"1995-09-04",,"Film - BW","1:15000",3,"94428"
"11_00014",11,31343311,2011,"airphoto",1996,"1996-07-07",,"Film - BW","1:40000",6,"127997"
"11_00014",11,31343311,2011,"airphoto",2000,"2000-08-04",,"Film - Colour","1:30000",5,"454584"
"11_00014",11,31343311,2011,"airphoto",2002,"2002-08-16",,"Film - Colour","1:15000",3,"645103"
"11_00014",11,31343311,2011,"airphoto",2012,"2012-07-14",,"Digital - Colour","1:50000",5,"2053233"
"11_00015",11,26424951,2011,"airphoto",1973,"1973-09-11",,"Film - BW","1:15000",2,"1368667"
"11_00015",11,26424951,2011,"airphoto",1980,"1980-08-12",,"Film - BW","1:20000",2,"721774"
"11_00015",11,26424951,2011,"airphoto",1985,"1985-07-09",,"Film - BW","1:15000",4,"851378"
"11_00015",11,26424951,2011,"airphoto",1987,"1987-06-28",,"Film - BW","1:40000",6,"908292"
"11_00015",11,26424951,2011,"airphoto",1988,"1988-08-27",,"Film - Colour","1:10000",8,"998694"
"11_00015",11,26424951,2011,"airphoto",1990,"1990-07-29",,"Film - BW","1:15000",3,"1063367"
"11_00015",11,26424951,2011,"airphoto",1991,"1991-09-08",,"Film - BW","1:15000",4,"600409"
"11_00015",11,26424951,2011,"airphoto",1995,"1995-07-21",,"Film - BW","1:15000",5,"93766"
"11_00015",11,26424951,2011,"airphoto",1996,"1996-07-07",,"Film - BW","1:40000",6,"127888"
"11_00015",11,26424951,2011,"airphoto",1997,"1997-08-10",,"Film - Colour","1:20000",2,"349091"
"11_00015",11,26424951,2011,"airphoto",2000,"2000-09-15",,"Film - Colour","1:30000",5,"455536"
"11_00015",11,26424951,2011,"airphoto",2012,"2012-07-13",,"Digital - Colour","1:50000",3,"2052994"
"11_00015",11,26424951,2011,"orthophoto",2021,,0.149999999999962,,,1,
"11_00016",11,34476680,2011,"airphoto",1973,"1973-09-15",,"Film - BW","1:15000",2,"1368976"
"11_00016",11,34476680,2011,"airphoto",1980,"1980-08-12",,"Film - BW","1:20000",4,"721298"
"11_00016",11,34476680,2011,"airphoto",1985,"1985-07-16",,"Film - BW","1:15000",2,"851675"
"11_00016",11,34476680,2011,"airphoto",1987,"1987-06-28",,"Film - BW","1:40000",1,"908365"
"11_00016",11,34476680,2011,"airphoto",1988,"1988-07-20",,"Film - BW","1:20000",3,"970150"
"11_00016",11,34476680,2011,"airphoto",1990,"1990-07-29",,"Film - BW","1:15000",6,"1063608"
"11_00016",11,34476680,2011,"airphoto",1995,"1995-09-16",,"Film - BW","1:15000",3,"94602"
"11_00016",11,34476680,2011,"airphoto",1996,"1996-07-07",,"Film - BW","1:40000",3,"128662"
"11_00016",11,34476680,2011,"airphoto",1997,"1997-08-10",,"Film - Colour","1:20000",2,"348996"
"11_00016",11,34476680,2011,"airphoto",2000,"2000-09-15",,"Film - Colour","1:30000",3,"455249"
"11_00016",11,34476680,2011,"airphoto",2002,"2002-08-16",,"Film - Colour","1:15000",3,"645068"
"11_00016",11,34476680,2011,"airphoto",2012,"2012-07-14",,"Digital - Colour","1:50000",3,"2053252"
"11_00017",11,39105876,2011,"airphoto",1974,"1974-07-21",,"Film - BW","1:16000",3,"1316625"
"11_00017",11,39105876,2011,"airphoto",1979,"1979-08-24",,"Film - BW","1:15840",3,"1123503"
"11_00017",11,39105876,2011,"airphoto",1985,"1985-07-16",,"Film - BW","1:15000",2,"851692"
"11_00017",11,39105876,2011,"airphoto",1987,"1987-08-06",,"Film - Colour","1:10000",2,"528284"
"11_00017",11,39105876,2011,"airphoto",1988,"1988-07-20",,"Film - BW","1:20000",5,"970073"
"11_00017",11,39105876,2011,"airphoto",1990,"1990-07-29",,"Film - BW","1:15000",3,"1063832"
"11_00017",11,39105876,2011,"airphoto",1995,"1995-09-16",,"Film - BW","1:15000",3,"94774"
"11_00017",11,39105876,2011,"airphoto",1996,"1996-07-07",,"Film - BW","1:40000",4,"128586"
"11_00017",11,39105876,2011,"airphoto",1997,"1997-08-10",,"Film - Colour","1:20000",1,"348970"
"11_00017",11,39105876,2011,"airphoto",2000,"2000-09-15",,"Film - Colour","1:30000",2,"455503"
"11_00017",11,39105876,2011,"airphoto",2012,"2012-07-14",,"Digital - Colour","1:50000",2,"2053319"
"11_00018",11,49660861,2011,"airphoto",1974,"1974-08-03",,"Film - BW","1:16000",9,"1308848"
"11_00018",11,49660861,2011,"airphoto",1979,"1979-07-29",,"Film - BW","1:15840",3,"1123399"
"11_00018",11,49660861,2011,"airphoto",1987,"1987-08-06",,"Film - Colour","1:10000",2,"528565"
"11_00018",11,49660861,2011,"airphoto",1988,"1988-09-12",,"Film - Colour","1:10000",8,"999009"
"11_00018",11,49660861,2011,"airphoto",1992,"1992-07-19",,"Film - BW","1:15000",4,"587419"
"11_00018",11,49660861,2011,"airphoto",1995,"1995-09-04",,"Film - BW","1:15000",2,"94330"
"11_00018",11,49660861,2011,"airphoto",1996,"1996-07-12",,"Film - BW","1:40000",3,"129011"
"11_00018",11,49660861,2011,"airphoto",2000,"2000-09-19",,"Film - Colour","1:30000",6,"455778"
"11_00018",11,49660861,2011,"airphoto",2012,"2012-07-14",,"Digital - Colour","1:50000",6,"2053693"
"11_00019",11,21302718,2011,"airphoto",1971,"1971-08-12",,"Film - BW","1:31680",2,"1414787"
"11_00019",11,21302718,2011,"airphoto",1972,"1972-08-14",,"Film - BW","1:60000",1,"1384612"
"11_00019",11,21302718,2011,"airphoto",1975,"1975-09-08",,"Film - BW","1:15000",3,"1292726"
"11_00019",11,21302718,2011,"airphoto",1976,"1976-05-07",,"Film - BW","1:18000",3,"1225024"
"11_00019",11,21302718,2011,"airphoto",1977,"1977-08-16",,"Film - BW","1:10000",10,"1204077"
"11_00019",11,21302718,2011,"airphoto",1980,"1980-08-12",,"Film - BW","1:20000",3,"721906"
"11_00019",11,21302718,2011,"airphoto",1984,"1984-09-14",,"Film - BW","1:18000",7,"681125"
"11_00019",11,21302718,2011,"airphoto",1985,"1985-07-09",,"Film - BW","1:15000",2,"851199"
"11_00019",11,21302718,2011,"airphoto",1988,"1988-08-07",,"Film - BW","1:20000",2,"970705"
"11_00019",11,21302718,2011,"airphoto",1990,"1990-07-26",,"Film - BW","1:15000",2,"1062543"
"11_00019",11,21302718,2011,"airphoto",1991,"1991-07-31",,"Film - BW","1:15000",2,"599710"
"11_00019",11,21302718,2011,"airphoto",1996,"1996-07-07",,"Film - BW","1:40000",6,"128681"
"11_00019",11,21302718,2011,"airphoto",1997,"1997-08-10",,"Film - Colour","1:20000",3,"349153"
"11_00019",11,21302718,2011,"airphoto",2000,"2000-09-15",,"Film - Colour","1:30000",2,"455308"
"11_00019",11,21302718,2011,"airphoto",2012,"2012-07-13",,"Digital - Colour","1:50000",4,"2052698"
"11_00019",11,21302718,2011,"orthophoto",2021,,0.149999999999999,,,1,
"11_00020",11,36906320,2011,"airphoto",1974,"1974-07-21",,"Film - BW","1:16000",3,"1316480"
"11_00020",11,36906320,2011,"airphoto",1980,"1980-08-12",,"Film - BW","1:20000",3,"721268"
"11_00020",11,36906320,2011,"airphoto",1985,"1985-05-15",,"Film - Colour","1:10000",10,"855817"
"11_00020",11,36906320,2011,"airphoto",1988,"1988-07-20",,"Film - BW","1:20000",5,"970068"
"11_00020",11,36906320,2011,"airphoto",1990,"1990-07-29",,"Film - BW","1:15000",2,"1063681"
"11_00020",11,36906320,2011,"airphoto",1994,"1994-07-27",,"Film - BW","1:15000",1,"74562"
"11_00020",11,36906320,2011,"airphoto",1995,"1995-09-16",,"Film - BW","1:15000",2,"94747"
"11_00020",11,36906320,2011,"airphoto",1996,"1996-07-07",,"Film - BW","1:40000",6,"128645"
"11_00020",11,36906320,2011,"airphoto",2000,"2000-09-23",,"Film - BW","1:15000",10,"468303"
"11_00020",11,36906320,2011,"airphoto",2006,"2006-08-19",,"Film - Colour","1:20000",3,"1586912"
"11_00020",11,36906320,2011,"airphoto",2012,"2012-07-14",,"Digital - Colour","1:50000",6,"2053293"
"11_00021",11,30951072,2011,"airphoto",1973,"1973-09-15",,"Film - BW","1:15000",3,"1368863"
"11_00021",11,30951072,2011,"airphoto",1980,"1980-08-12",,"Film - BW","1:20000",3,"721677"
"11_00021",11,30951072,2011,"airphoto",1985,"1985-07-16",,"Film - BW","1:15000",2,"851540"
"11_00021",11,30951072,2011,"airphoto",1987,"1987-06-28",,"Film - BW","1:40000",5,"908325"
"11_00021",11,30951072,2011,"airphoto",1988,"1988-08-27",,"Film - Colour","1:10000",4,"998773"
"11_00021",11,30951072,2011,"airphoto",1990,"1990-07-29",,"Film - BW","1:15000",3,"1063548"
"11_00021",11,30951072,2011,"airphoto",1991,"1991-09-08",,"Film - BW","1:15000",2,"600327"
"11_00021",11,30951072,2011,"airphoto",1995,"1995-09-04",,"Film - BW","1:15000",2,"94418"
"11_00021",11,30951072,2011,"airphoto",1996,"1996-07-07",,"Film - BW","1:40000",7,"127993"
"11_00021",11,30951072,2011,"airphoto",1997,"1997-08-10",,"Film - Colour","1:20000",3,"349015"
"11_00021",11,30951072,2011,"airphoto",2000,"2000-08-04",,"Film - Colour","1:30000",4,"454589"
"11_00021",11,30951072,2011,"airphoto",2002,"2002-08-16",,"Film - Colour","1:15000",2,"645094"
"11_00021",11,30951072,2011,"airphoto",2012,"2012-07-14",,"Digital - Colour","1:50000",2,"2053113"
"11_00021",11,30951072,2011,"orthophoto",2021,,0.149999999999999,,,1,
"11_00022",11,15495766,2011,"airphoto",1977,"1977-08-16",,"Film - BW","1:10000",10,"1203906"
"11_00022",11,15495766,2011,"airphoto",1984,"1984-07-24",,"Film - BW","1:60000",5,"322852"
"11_00022",11,15495766,2011,"airphoto",1985,"1985-06-20",,"Film - BW","1:15000",3,"851074"
"11_00022",11,15495766,2011,"airphoto",1987,"1987-06-28",,"Film - BW","1:40000",1,"908320"
"11_00022",11,15495766,2011,"airphoto",1988,"1988-08-07",,"Film - BW","1:20000",4,"970762"
"11_00022",11,15495766,2011,"airphoto",1991,"1991-07-22",,"Film - BW","1:15000",4,"599322"
"11_00022",11,15495766,2011,"airphoto",1996,"1996-07-07",,"Film - BW","1:40000",3,"128768"
"11_00022",11,15495766,2011,"airphoto",1997,"1997-08-17",,"Film - Colour","1:20000",2,"349422"
"11_00022",11,15495766,2011,"airphoto",2000,"2000-09-15",,"Film - Colour","1:30000",5,"455349"
"11_00022",11,15495766,2011,"airphoto",2005,"2005-07-25",,"Film - Colour","1:20000",3,"1529506"
"11_00022",11,15495766,2011,"airphoto",2012,"2012-07-06",,"Digital - Colour","1:50000",4,"2050320"
"11_00022",11,15495766,2011,"orthophoto",2021,,0.150000000000001,,,1,
"11_00023",11,4974600,2011,"airphoto",1980,"1980-08-12",,"Film - BW","1:20000",5,"721549"
"11_00023",11,4974600,2011,"airphoto",1984,"1984-07-24",,"Film - BW","1:60000",4,"322721"
"11_00023",11,4974600,2011,"airphoto",1985,"1985-06-20",,"Film - BW","1:15000",1,"850723"
"11_00023",11,4974600,2011,"airphoto",1986,"1986-07-21",,"Film - BW","1:60000",2,"327428"
"11_00023",11,4974600,2011,"airphoto",1988,"1988-07-21",,"Film - BW","1:20000",3,"970312"
"11_00023",11,4974600,2011,"airphoto",1989,"1989-05-14",,"Film - Colour","1:10000",3,"1045433"
"11_00023",11,4974600,2011,"airphoto",1991,"1991-07-22",,"Film - BW","1:15000",2,"599450"
"11_00023",11,4974600,2011,"airphoto",1996,"1996-07-12",,"Film - BW","1:40000",2,"130000"
"11_00023",11,4974600,2011,"airphoto",1997,"1997-08-16",,"Film - Colour","1:20000",4,"349732"
"11_00023",11,4974600,2011,"airphoto",2000,"2000-09-15",,"Film - Colour","1:30000",2,"455559"
"11_00023",11,4974600,2011,"airphoto",2012,"2012-07-13",,"Digital - Colour","1:50000",3,"2052217"
"11_00024",11,44073163,2011,"airphoto",1974,"1974-09-01",,"Film - BW","1:16000",5,"1310304"
"11_00024",11,44073163,2011,"airphoto",1975,"1975-01-14",,"Film - BW","1:12000",2,"1263826"
"11_00024",11,44073163,2011,"airphoto",1987,"1987-06-28",,"Film - BW","1:40000",6,"908392"
"11_00024",11,44073163,2011,"airphoto",1988,"1988-07-20",,"Film - BW","1:20000",4,"969776"
"11_00024",11,44073163,2011,"airphoto",1989,"1989-05-13",,"Film - Colour","1:10000",3,"1045339"
"11_00024",11,44073163,2011,"airphoto",1990,"1990-07-29",,"Film - BW","1:15000",2,"1063309"
"11_00024",11,44073163,2011,"airphoto",1995,"1995-09-20",,"Film - BW","1:15000",3,"95857"
"11_00024",11,44073163,2011,"airphoto",1996,"1996-07-12",,"Film - BW","1:40000",2,"129441"
"11_00024",11,44073163,2011,"airphoto",2000,"2000-09-19",,"Film - Colour","1:30000",10,"455816"
"11_00024",11,44073163,2011,"airphoto",2002,"2002-08-16",,"Film - Colour","1:15000",5,"644841"
"11_00024",11,44073163,2011,"airphoto",2012,"2012-07-14",,"Digital - Colour","1:50000",4,"2053580"
"11_00024",11,44073163,2011,"airphoto",2019,"2019-08-28",,"Digital - Colour","9600",3,"2327540"
"11_00024",11,44073163,2011,"orthophoto",2021,,0.149999999999999,,,2,
"11_00025",11,33768330,2011,"airphoto",1973,"1973-09-15",,"Film - BW","1:15000",2,"1368989"
"11_00025",11,33768330,2011,"airphoto",1980,"1980-08-12",,"Film - BW","1:20000",2,"721307"
"11_00025",11,33768330,2011,"airphoto",1987,"1987-06-28",,"Film - BW","1:40000",2,"908361"
"11_00025",11,33768330,2011,"airphoto",1988,"1988-08-27",,"Film - Colour","1:10000",7,"998814"
"11_00025",11,33768330,2011,"airphoto",1990,"1990-07-29",,"Film - BW","1:15000",3,"1063594"
"11_00025",11,33768330,2011,"airphoto",1995,"1995-09-16",,"Film - BW","1:15000",2,"94614"
"11_00025",11,33768330,2011,"airphoto",1996,"1996-07-12",,"Film - BW","1:40000",4,"129576"
"11_00025",11,33768330,2011,"airphoto",1997,"1997-08-10",,"Film - Colour","1:20000",3,"349006"
"11_00025",11,33768330,2011,"airphoto",2000,"2000-09-15",,"Film - Colour","1:30000",2,"455255"
"11_00025",11,33768330,2011,"airphoto",2002,"2002-08-16",,"Film - Colour","1:15000",2,"645056"
"11_00025",11,33768330,2011,"airphoto",2012,"2012-07-14",,"Digital - Colour","1:50000",2,"2053240"
"11_00025",11,33768330,2011,"orthophoto",2021,,0.14999999999996,,,1,
"11_00026",11,31362514,2011,"airphoto",1973,"1973-09-15",,"Film - BW","1:15000",3,"1368863"
"11_00026",11,31362514,2011,"airphoto",1980,"1980-08-12",,"Film - BW","1:20000",3,"721677"
"11_00026",11,31362514,2011,"airphoto",1985,"1985-07-16",,"Film - BW","1:15000",2,"851540"
"11_00026",11,31362514,2011,"airphoto",1987,"1987-06-28",,"Film - BW","1:40000",5,"908325"
"11_00026",11,31362514,2011,"airphoto",1988,"1988-08-27",,"Film - Colour","1:10000",7,"998773"
"11_00026",11,31362514,2011,"airphoto",1990,"1990-07-29",,"Film - BW","1:15000",3,"1063548"
"11_00026",11,31362514,2011,"airphoto",1991,"1991-09-08",,"Film - BW","1:15000",2,"600328"
"11_00026",11,31362514,2011,"airphoto",1995,"1995-09-04",,"Film - BW","1:15000",2,"94418"
"11_00026",11,31362514,2011,"airphoto",1996,"1996-07-07",,"Film - BW","1:40000",7,"127993"
"11_00026",11,31362514,2011,"airphoto",1997,"1997-08-10",,"Film - Colour","1:20000",3,"349015"
"11_00026",11,31362514,2011,"airphoto",2000,"2000-08-04",,"Film - Colour","1:30000",7,"454589"
"11_00026",11,31362514,2011,"airphoto",2002,"2002-08-16",,"Film - Colour","1:15000",3,"645094"
"11_00026",11,31362514,2011,"airphoto",2012,"2012-07-14",,"Digital - Colour","1:50000",4,"2053114"
"11_00026",11,31362514,2011,"orthophoto",2021,,0.149999999999999,,,1,
"11_00027",11,47516442,2011,"airphoto",1974,"1974-09-01",,"Film - BW","1:16000",2,"1310412"
"11_00027",11,47516442,2011,"airphoto",1975,"1975-01-14",,"Film - BW","1:12000",3,"1263820"
"11_00027",11,47516442,2011,"airphoto",1987,"1987-06-28",,"Film - BW","1:40000",5,"908391"
"11_00027",11,47516442,2011,"airphoto",1988,"1988-07-20",,"Film - BW","1:20000",2,"969675"
"11_00027",11,47516442,2011,"airphoto",1990,"1990-07-26",,"Film - BW","1:15000",6,"1062436"
"11_00027",11,47516442,2011,"airphoto",1995,"1995-09-04",,"Film - BW","1:15000",5,"94276"
"11_00027",11,47516442,2011,"airphoto",1996,"1996-09-17",,"Film - BW","1:40000",6,"137039"
"11_00027",11,47516442,2011,"airphoto",2000,"2000-09-23",,"Film - Colour","1:30000",5,"456018"
"11_00027",11,47516442,2011,"airphoto",2002,"2002-08-16",,"Film - Colour","1:15000",2,"644806"
"11_00027",11,47516442,2011,"airphoto",2012,"2012-07-14",,"Digital - Colour","1:50000",4,"2053645"
"11_00027",11,47516442,2011,"orthophoto",2021,,0.15,,,1,
"11_00028",11,49141798,2011,"airphoto",1971,"1971-08-12",,"Film - BW","1:31680",1,"1414821"
"11_00028",11,49141798,2011,"airphoto",1974,"1974-08-02",,"Film - BW","1:16000",8,"1316708"
"11_00028",11,49141798,2011,"airphoto",1979,"1979-07-29",,"Film - BW","1:15840",2,"1123401"
"11_00028",11,49141798,2011,"airphoto",1987,"1987-08-06",,"Film - Colour","1:10000",2,"528563"
"11_00028",11,49141798,2011,"airphoto",1988,"1988-09-12",,"Film - Colour","1:10000",5,"999006"
"11_00028",11,49141798,2011,"airphoto",1992,"1992-07-19",,"Film - BW","1:15000",1,"587418"
"11_00028",11,49141798,2011,"airphoto",1995,"1995-09-04",,"Film - BW","1:15000",3,"94328"
"11_00028",11,49141798,2011,"airphoto",1996,"1996-07-12",,"Film - BW","1:40000",3,"129012"
"11_00028",11,49141798,2011,"airphoto",2000,"2000-09-19",,"Film - Colour","1:30000",3,"455777"
"11_00028",11,49141798,2011,"airphoto",2012,"2012-07-14",,"Digital - Colour","1:50000",6,"2053691"
"11_00029",11,34964178,2011,"airphoto",1973,"1973-09-15",,"Film - BW","1:15000",3,"1368942"
"11_00029",11,34964178,2011,"airphoto",1980,"1980-08-12",,"Film - BW","1:20000",3,"721274"
"11_00029",11,34964178,2011,"airphoto",1985,"1985-07-16",,"Film - BW","1:15000",2,"851651"
"11_00029",11,34964178,2011,"airphoto",1988,"1988-07-20",,"Film - BW","1:20000",3,"970174"
"11_00029",11,34964178,2011,"airphoto",1990,"1990-07-29",,"Film - BW","1:15000",3,"1063648"
"11_00029",11,34964178,2011,"airphoto",1995,"1995-09-16",,"Film - BW","1:15000",2,"94570"
"11_00029",11,34964178,2011,"airphoto",1996,"1996-07-07",,"Film - BW","1:40000",3,"128648"
"11_00029",11,34964178,2011,"airphoto",1997,"1997-08-10",,"Film - Colour","1:20000",2,"348971"
"11_00029",11,34964178,2011,"airphoto",2000,"2000-09-15",,"Film - Colour","1:30000",2,"455234"
"11_00029",11,34964178,2011,"airphoto",2012,"2012-07-14",,"Digital - Colour","1:50000",3,"2053285"
"11_00030",11,29893039,2011,"airphoto",1971,"1971-08-30",,"Film - BW","1:31680",4,"1414859"
"11_00030",11,29893039,2011,"airphoto",1973,"1973-09-11",,"Film - BW","1:15000",3,"1368739"
"11_00030",11,29893039,2011,"airphoto",1980,"1980-08-12",,"Film - BW","1:20000",3,"721722"
"11_00030",11,29893039,2011,"airphoto",1985,"1985-07-16",,"Film - BW","1:15000",3,"851489"
"11_00030",11,29893039,2011,"airphoto",1988,"1988-07-21",,"Film - BW","1:20000",3,"970530"
"11_00030",11,29893039,2011,"airphoto",1990,"1990-07-26",,"Film - BW","1:15000",3,"1062728"
"11_00030",11,29893039,2011,"airphoto",1995,"1995-09-01",,"Film - BW","1:15000",2,"94099"
"11_00030",11,29893039,2011,"airphoto",1996,"1996-07-07",,"Film - BW","1:40000",3,"127973"
"11_00030",11,29893039,2011,"airphoto",2000,"2000-09-18",,"Film - BW","1:15000",5,"467929"
"11_00030",11,29893039,2011,"airphoto",2006,"2006-08-17",,"Film - Colour","1:20000",2,"1586829"
"11_00030",11,29893039,2011,"airphoto",2012,"2012-07-14",,"Digital - Colour","1:50000",3,"2053041"
"12_00001",12,41740886,11002,"airphoto",1974,"1974-08-01",,"Film - BW","1:16000",3,"1308687"
"12_00001",12,41740886,11002,"airphoto",1987,"1987-08-06",,"Film - Colour","1:10000",2,"528112"
"12_00001",12,41740886,11002,"airphoto",1988,"1988-07-20",,"Film - BW","1:20000",5,"969764"
"12_00001",12,41740886,11002,"airphoto",1990,"1990-07-29",,"Film - BW","1:15000",3,"1063256"
"12_00001",12,41740886,11002,"airphoto",1995,"1995-09-23",,"Film - BW","1:15000",6,"95650"
"12_00001",12,41740886,11002,"airphoto",1996,"1996-07-07",,"Film - BW","1:40000",6,"128575"
"12_00001",12,41740886,11002,"airphoto",2000,"2000-09-19",,"Film - Colour","1:30000",5,"455808"
"12_00001",12,41740886,11002,"airphoto",2012,"2012-07-14",,"Digital - Colour","1:50000",2,"2053476"
"12_00002",12,55654813,11002,"airphoto",1979,"1979-07-29",,"Film - BW","1:15840",3,"1123332"
"12_00002",12,55654813,11002,"airphoto",1986,"1986-05-31",,"Film - Colour","1:10000",2,"891995"
"12_00002",12,55654813,11002,"airphoto",1987,"1987-08-06",,"Film - Colour","1:10000",4,"528397"
"12_00002",12,55654813,11002,"airphoto",1988,"1988-09-17",,"Film - Colour","1:10000",5,"999371"
"12_00002",12,55654813,11002,"airphoto",1989,"1989-06-12",,"Film - BW","1:15000",5,"1021852"
"12_00002",12,55654813,11002,"airphoto",1990,"1990-07-26",,"Film - BW","1:15000",3,"1063141"
"12_00002",12,55654813,11002,"airphoto",1994,"1994-08-19",,"Film - BW","1:15000",1,"76684"
"12_00002",12,55654813,11002,"airphoto",1995,"1995-08-30",,"Film - BW","1:15000",3,"96214"
"12_00002",12,55654813,11002,"airphoto",1996,"1996-07-07",,"Film - BW","1:40000",3,"127809"
"12_00002",12,55654813,11002,"airphoto",1999,"1999-09-07",,"Film - BW","1:15000",3,"388992"
"12_00002",12,55654813,11002,"airphoto",2000,"2000-09-22",,"Film - Colour","1:30000",3,"455942"
"12_00002",12,55654813,11002,"airphoto",2002,"2002-08-21",,"Film - Colour","1:30000",1,"644087"
"12_00002",12,55654813,11002,"airphoto",2006,"2006-09-01",,"Film - Colour","1:20000",2,"1588258"
"12_00002",12,55654813,11002,"airphoto",2012,"2012-08-16",,"Digital - Colour","1:50000",3,"2053756"
"12_00003",12,39929167,11002,"airphoto",1974,"1974-07-21",,"Film - BW","1:16000",2,"1316627"
"12_00003",12,39929167,11002,"airphoto",1979,"1979-08-24",,"Film - BW","1:15840",1,"1123501"
"12_00003",12,39929167,11002,"airphoto",1985,"1985-07-16",,"Film - BW","1:15000",2,"851760"
"12_00003",12,39929167,11002,"airphoto",1987,"1987-08-06",,"Film - Colour","1:10000",4,"528281"
"12_00003",12,39929167,11002,"airphoto",1988,"1988-09-12",,"Film - Colour","1:10000",4,"998839"
"12_00003",12,39929167,11002,"airphoto",1990,"1990-07-29",,"Film - BW","1:15000",6,"1063869"
"12_00003",12,39929167,11002,"airphoto",1995,"1995-09-16",,"Film - BW","1:15000",5,"94958"
"12_00003",12,39929167,11002,"airphoto",1996,"1996-07-07",,"Film - BW","1:40000",3,"128587"
"12_00003",12,39929167,11002,"airphoto",1999,"1999-10-02",,"Film - BW","1:15000",1,"389538"
"12_00003",12,39929167,11002,"airphoto",2000,"2000-09-15",,"Film - Colour","1:30000",3,"455504"
"12_00003",12,39929167,11002,"airphoto",2002,"2002-08-21",,"Film - Colour","1:30000",1,"643501"
"12_00003",12,39929167,11002,"airphoto",2006,"2006-08-19",,"Film - Colour","1:20000",1,"1587031"
"12_00003",12,39929167,11002,"airphoto",2012,"2012-07-14",,"Digital - Colour","1:50000",6,"2053316"
"12_00004",12,15243951,11002,"airphoto",1975,"1975-09-08",,"Film - BW","1:15000",5,"1292684"
"12_00004",12,15243951,11002,"airphoto",1977,"1977-08-16",,"Film - BW","1:10000",10,"1203890"
"12_00004",12,15243951,11002,"airphoto",1984,"1984-07-24",,"Film - BW","1:60000",4,"322849"
"12_00004",12,15243951,11002,"airphoto",1985,"1985-06-20",,"Film - BW","1:15000",1,"851081"
"12_00004",12,15243951,11002,"airphoto",1986,"1986-07-21",,"Film - BW","1:60000",1,"327428"
"12_00004",12,15243951,11002,"airphoto",1987,"1987-06-28",,"Film - BW","1:40000",2,"908318"
"12_00004",12,15243951,11002,"airphoto",1988,"1988-08-27",,"Film - Colour","1:10000",8,"998401"
"12_00004",12,15243951,11002,"airphoto",1991,"1991-07-22",,"Film - BW","1:15000",5,"599333"
"12_00004",12,15243951,11002,"airphoto",1996,"1996-07-07",,"Film - BW","1:40000",5,"128772"
"12_00004",12,15243951,11002,"airphoto",1997,"1997-08-17",,"Film - Colour","1:20000",3,"349415"
"12_00004",12,15243951,11002,"airphoto",2000,"2000-09-15",,"Film - Colour","1:30000",4,"455354"
"12_00004",12,15243951,11002,"airphoto",2012,"2012-07-06",,"Digital - Colour","1:50000",4,"2050310"
"12_00004",12,15243951,11002,"orthophoto",2021,,0.149999999999999,,,1,
"12_00005",12,16455240,11002,"airphoto",1971,"1971-08-12",,"Film - BW","1:31680",4,"1414786"
"12_00005",12,16455240,11002,"airphoto",1972,"1972-08-14",,"Film - BW","1:60000",2,"1384612"
"12_00005",12,16455240,11002,"airphoto",1973,"1973-08-11",,"Film - BW","1:15000",2,"1368192"
"12_00005",12,16455240,11002,"airphoto",1977,"1977-08-16",,"Film - BW","1:10000",9,"1203832"
"12_00005",12,16455240,11002,"airphoto",1984,"1984-08-12",,"Film - BW","1:18000",11,"680999"
"12_00005",12,16455240,11002,"airphoto",1985,"1985-06-20",,"Film - BW","1:15000",2,"851060"
"12_00005",12,16455240,11002,"airphoto",1988,"1988-08-07",,"Film - BW","1:20000",6,"970774"
"12_00005",12,16455240,11002,"airphoto",1991,"1991-07-22",,"Film - BW","1:15000",3,"599413"
"12_00005",12,16455240,11002,"airphoto",1996,"1996-07-07",,"Film - BW","1:40000",6,"128761"
"12_00005",12,16455240,11002,"airphoto",1997,"1997-08-17",,"Film - Colour","1:20000",5,"349435"
"12_00005",12,16455240,11002,"airphoto",2000,"2000-09-15",,"Film - Colour","1:30000",5,"455341"
"12_00005",12,16455240,11002,"airphoto",2006,"2006-09-05",,"Film - Colour","1:20000",2,"1588812"
"12_00005",12,16455240,11002,"airphoto",2012,"2012-07-06",,"Digital - Colour","1:50000",6,"2050337"
"12_00005",12,16455240,11002,"orthophoto",2021,,0.15,,,1,
"12_00006",12,11571329,11002,"airphoto",1973,"1973-08-11",,"Film - BW","1:15000",2,"1368399"
"12_00006",12,11571329,11002,"airphoto",1984,"1984-09-14",,"Film - BW","1:18000",11,"681218"
"12_00006",12,11571329,11002,"airphoto",1985,"1985-06-20",,"Film - BW","1:15000",3,"850946"
"12_00006",12,11571329,11002,"airphoto",1986,"1986-05-15",,"Film - Colour","1:10000",3,"891943"
"12_00006",12,11571329,11002,"airphoto",1988,"1988-07-21",,"Film - BW","1:20000",2,"970467"
"12_00006",12,11571329,11002,"airphoto",1991,"1991-07-22",,"Film - BW","1:15000",5,"599632"
"12_00006",12,11571329,11002,"airphoto",1996,"1996-07-07",,"Film - BW","1:40000",4,"128802"
"12_00006",12,11571329,11002,"airphoto",1997,"1997-08-17",,"Film - Colour","1:20000",5,"349485"
"12_00006",12,11571329,11002,"airphoto",2000,"2000-09-15",,"Film - Colour","1:30000",5,"455406"
"12_00006",12,11571329,11002,"airphoto",2005,"2005-09-16",,"Film - Colour","1:20000",3,"1531716"
"12_00006",12,11571329,11002,"airphoto",2006,"2006-09-05",,"Film - Colour","1:20000",3,"1588816"
"12_00006",12,11571329,11002,"airphoto",2012,"2012-07-06",,"Digital - Colour","1:50000",2,"2050396"
"12_00007",12,48300790,11002,"airphoto",1971,"1971-08-12",,"Film - BW","1:31680",2,"1414821"
"12_00007",12,48300790,11002,"airphoto",1974,"1974-08-02",,"Film - BW","1:16000",5,"1316709"
"12_00007",12,48300790,11002,"airphoto",1979,"1979-07-29",,"Film - BW","1:15840",3,"1123402"
"12_00007",12,48300790,11002,"airphoto",1987,"1987-08-06",,"Film - Colour","1:10000",6,"528714"
"12_00007",12,48300790,11002,"airphoto",1988,"1988-09-12",,"Film - Colour","1:10000",9,"998999"
"12_00007",12,48300790,11002,"airphoto",1992,"1992-07-19",,"Film - BW","1:15000",5,"587446"
"12_00007",12,48300790,11002,"airphoto",1995,"1995-09-04",,"Film - BW","1:15000",6,"94370"
"12_00007",12,48300790,11002,"airphoto",1996,"1996-07-12",,"Film - BW","1:40000",4,"129012"
"12_00007",12,48300790,11002,"airphoto",2000,"2000-09-19",,"Film - Colour","1:30000",2,"455776"
"12_00007",12,48300790,11002,"airphoto",2012,"2012-07-14",,"Digital - Colour","1:50000",3,"2053690"
"12_00008",12,14076445,11002,"airphoto",1977,"1977-07-25",,"Film - BW","1:20000",1,"1204355"
"12_00008",12,14076445,11002,"airphoto",1984,"1984-08-12",,"Film - BW","1:18000",17,"681048"
"12_00008",12,14076445,11002,"airphoto",1988,"1988-08-07",,"Film - BW","1:20000",4,"970812"
"12_00008",12,14076445,11002,"airphoto",1991,"1991-07-22",,"Film - BW","1:15000",6,"599300"
"12_00008",12,14076445,11002,"airphoto",1996,"1996-07-07",,"Film - BW","1:40000",4,"128759"
"12_00008",12,14076445,11002,"airphoto",1997,"1997-08-17",,"Film - Colour","1:20000",4,"349438"
"12_00008",12,14076445,11002,"airphoto",2000,"2000-09-15",,"Film - Colour","1:30000",3,"455408"
"12_00008",12,14076445,11002,"airphoto",2006,"2006-09-05",,"Film - Colour","1:20000",5,"1588819"
"12_00008",12,14076445,11002,"airphoto",2012,"2012-07-06",,"Digital - Colour","1:50000",6,"2050341"
"12_00009",12,41922828,11002,"airphoto",1971,"1971-08-12",,"Film - BW","1:31680",2,"1414823"
"12_00009",12,41922828,11002,"airphoto",1974,"1974-08-01",,"Film - BW","1:16000",2,"1308708"
"12_00009",12,41922828,11002,"airphoto",1979,"1979-08-24",,"Film - BW","1:15840",3,"1123491"
"12_00009",12,41922828,11002,"airphoto",1985,"1985-07-16",,"Film - BW","1:15000",2,"851766"
"12_00009",12,41922828,11002,"airphoto",1987,"1987-08-06",,"Film - Colour","1:10000",4,"528143"
"12_00009",12,41922828,11002,"airphoto",1988,"1988-09-12",,"Film - Colour","1:10000",8,"998876"
"12_00009",12,41922828,11002,"airphoto",1990,"1990-07-29",,"Film - BW","1:15000",2,"1063877"
"12_00009",12,41922828,11002,"airphoto",1992,"1992-07-19",,"Film - BW","1:15000",2,"587505"
"12_00009",12,41922828,11002,"airphoto",1995,"1995-09-16",,"Film - BW","1:15000",5,"94950"
"12_00009",12,41922828,11002,"airphoto",1996,"1996-07-07",,"Film - BW","1:40000",6,"128584"
"12_00009",12,41922828,11002,"airphoto",2000,"2000-09-19",,"Film - Colour","1:30000",4,"455796"
"12_00009",12,41922828,11002,"airphoto",2012,"2012-07-14",,"Digital - Colour","1:50000",3,"2053498"
"12_00010",12,14756319,11002,"airphoto",1973,"1973-08-11",,"Film - BW","1:15000",2,"1368188"
"12_00010",12,14756319,11002,"airphoto",1977,"1977-07-25",,"Film - BW","1:20000",1,"1204355"
"12_00010",12,14756319,11002,"airphoto",1984,"1984-09-14",,"Film - BW","1:18000",22,"681163"
"12_00010",12,14756319,11002,"airphoto",1985,"1985-06-20",,"Film - BW","1:15000",2,"851056"
"12_00010",12,14756319,11002,"airphoto",1988,"1988-08-07",,"Film - BW","1:20000",3,"970811"
"12_00010",12,14756319,11002,"airphoto",1991,"1991-07-22",,"Film - BW","1:15000",3,"599300"
"12_00010",12,14756319,11002,"airphoto",1996,"1996-07-07",,"Film - BW","1:40000",3,"128759"
"12_00010",12,14756319,11002,"airphoto",1997,"1997-08-17",,"Film - Colour","1:20000",2,"349439"
"12_00010",12,14756319,11002,"airphoto",2000,"2000-09-15",,"Film - Colour","1:30000",6,"455408"
"12_00010",12,14756319,11002,"airphoto",2006,"2006-09-05",,"Film - Colour","1:20000",6,"1588808"
"12_00010",12,14756319,11002,"airphoto",2012,"2012-07-06",,"Digital - Colour","1:50000",2,"2050342"
"12_00011",12,16016970,11002,"airphoto",1971,"1971-08-12",,"Film - BW","1:31680",1,"1414809"
"12_00011",12,16016970,11002,"airphoto",1972,"1972-08-14",,"Film - BW","1:60000",2,"1384612"
"12_00011",12,16016970,11002,"airphoto",1973,"1973-08-11",,"Film - BW","1:15000",2,"1368192"
"12_00011",12,16016970,11002,"airphoto",1977,"1977-08-16",,"Film - BW","1:10000",8,"1203934"
"12_00011",12,16016970,11002,"airphoto",1984,"1984-08-12",,"Film - BW","1:18000",15,"680999"
"12_00011",12,16016970,11002,"airphoto",1985,"1985-06-20",,"Film - BW","1:15000",2,"851060"
"12_00011",12,16016970,11002,"airphoto",1988,"1988-08-07",,"Film - BW","1:20000",6,"970815"
"12_00011",12,16016970,11002,"airphoto",1991,"1991-07-22",,"Film - BW","1:15000",4,"599414"
"12_00011",12,16016970,11002,"airphoto",1996,"1996-07-07",,"Film - BW","1:40000",4,"128761"
"12_00011",12,16016970,11002,"airphoto",1997,"1997-08-17",,"Film - Colour","1:20000",2,"349435"
"12_00011",12,16016970,11002,"airphoto",2000,"2000-09-15",,"Film - Colour","1:30000",6,"455341"
"12_00011",12,16016970,11002,"airphoto",2006,"2006-09-05",,"Film - Colour","1:20000",2,"1588811"
"12_00011",12,16016970,11002,"airphoto",2012,"2012-07-06",,"Digital - Colour","1:50000",4,"2050337"
"12_00011",12,16016970,11002,"orthophoto",2021,,0.150000000000002,,,1,
"12_00012",12,11068954,11002,"airphoto",1977,"1977-08-16",,"Film - BW","1:10000",6,"1204229"
"12_00012",12,11068954,11002,"airphoto",1980,"1980-08-12",,"Film - BW","1:20000",3,"721637"
"12_00012",12,11068954,11002,"airphoto",1984,"1984-09-14",,"Film - BW","1:18000",6,"681204"
"12_00012",12,11068954,11002,"airphoto",1985,"1985-06-20",,"Film - BW","1:15000",4,"850938"
"12_00012",12,11068954,11002,"airphoto",1988,"1988-07-21",,"Film - BW","1:20000",2,"970459"
"12_00012",12,11068954,11002,"airphoto",1991,"1991-07-22",,"Film - BW","1:15000",2,"599642"
"12_00012",12,11068954,11002,"airphoto",1996,"1996-07-07",,"Film - BW","1:40000",6,"128798"
"12_00012",12,11068954,11002,"airphoto",1997,"1997-08-17",,"Film - Colour","1:20000",5,"349493"
"12_00012",12,11068954,11002,"airphoto",2000,"2000-09-15",,"Film - Colour","1:30000",4,"455439"
"12_00012",12,11068954,11002,"airphoto",2005,"2005-07-25",,"Film - Colour","1:20000",2,"1529518"
"12_00012",12,11068954,11002,"airphoto",2012,"2012-07-06",,"Digital - Colour","1:50000",2,"2050406"
"12_00012",12,11068954,11002,"orthophoto",2021,,0.150000000000001,,,2,
"12_00013",12,48792953,11002,"airphoto",1974,"1974-08-02",,"Film - BW","1:16000",8,"1316708"
"12_00013",12,48792953,11002,"airphoto",1979,"1979-07-29",,"Film - BW","1:15840",2,"1123400"
"12_00013",12,48792953,11002,"airphoto",1987,"1987-08-06",,"Film - Colour","1:10000",4,"528563"
"12_00013",12,48792953,11002,"airphoto",1988,"1988-09-12",,"Film - Colour","1:10000",9,"999006"
"12_00013",12,48792953,11002,"airphoto",1992,"1992-07-19",,"Film - BW","1:15000",4,"587445"
"12_00013",12,48792953,11002,"airphoto",1995,"1995-09-04",,"Film - BW","1:15000",6,"94328"
"12_00013",12,48792953,11002,"airphoto",1996,"1996-07-12",,"Film - BW","1:40000",6,"129012"
"12_00013",12,48792953,11002,"airphoto",2000,"2000-09-19",,"Film - Colour","1:30000",3,"455777"
"12_00013",12,48792953,11002,"airphoto",2012,"2012-07-14",,"Digital - Colour","1:50000",3,"2053691"
"12_00014",12,48157653,11002,"airphoto",1971,"1971-08-12",,"Film - BW","1:31680",2,"1414821"
"12_00014",12,48157653,11002,"airphoto",1974,"1974-08-02",,"Film - BW","1:16000",5,"1316709"
"12_00014",12,48157653,11002,"airphoto",1979,"1979-07-29",,"Film - BW","1:15840",6,"1123402"
"12_00014",12,48157653,11002,"airphoto",1987,"1987-08-06",,"Film - Colour","1:10000",3,"528714"
"12_00014",12,48157653,11002,"airphoto",1988,"1988-09-12",,"Film - Colour","1:10000",9,"998999"
"12_00014",12,48157653,11002,"airphoto",1992,"1992-07-19",,"Film - BW","1:15000",4,"587446"
"12_00014",12,48157653,11002,"airphoto",1995,"1995-09-04",,"Film - BW","1:15000",6,"94370"
"12_00014",12,48157653,11002,"airphoto",1996,"1996-07-12",,"Film - BW","1:40000",4,"129012"
"12_00014",12,48157653,11002,"airphoto",2000,"2000-09-19",,"Film - Colour","1:30000",2,"455776"
"12_00014",12,48157653,11002,"airphoto",2012,"2012-07-14",,"Digital - Colour","1:50000",2,"2053690"
"12_00015",12,32238178,11002,"airphoto",1973,"1973-09-15",,"Film - BW","1:15000",6,"1368856"
"12_00015",12,32238178,11002,"airphoto",1980,"1980-08-12",,"Film - BW","1:20000",4,"721672"
"12_00015",12,32238178,11002,"airphoto",1985,"1985-07-16",,"Film - BW","1:15000",2,"851535"
"12_00015",12,32238178,11002,"airphoto",1987,"1987-06-28",,"Film - BW","1:40000",4,"908359"
"12_00015",12,32238178,11002,"airphoto",1988,"1988-08-26",,"Film - Colour","1:10000",5,"998298"
"12_00015",12,32238178,11002,"airphoto",1990,"1990-07-29",,"Film - BW","1:15000",6,"1063589"
"12_00015",12,32238178,11002,"airphoto",1995,"1995-09-04",,"Film - BW","1:15000",5,"94425"
"12_00015",12,32238178,11002,"airphoto",1996,"1996-07-12",,"Film - BW","1:40000",6,"129574"
"12_00015",12,32238178,11002,"airphoto",1997,"1997-08-10",,"Film - Colour","1:20000",2,"349010"
"12_00015",12,32238178,11002,"airphoto",2000,"2000-09-15",,"Film - Colour","1:30000",6,"455257"
"12_00015",12,32238178,11002,"airphoto",2002,"2002-08-16",,"Film - Colour","1:15000",2,"645100"
"12_00015",12,32238178,11002,"airphoto",2012,"2012-07-14",,"Digital - Colour","1:50000",2,"2053235"
"12_00016",12,16410546,11002,"airphoto",1971,"1971-08-12",,"Film - BW","1:31680",1,"1414809"
"12_00016",12,16410546,11002,"airphoto",1972,"1972-08-14",,"Film - BW","1:60000",2,"1384612"
"12_00016",12,16410546,11002,"airphoto",1973,"1973-08-11",,"Film - BW","1:15000",2,"1368192"
"12_00016",12,16410546,11002,"airphoto",1977,"1977-08-16",,"Film - BW","1:10000",9,"1203832"
"12_00016",12,16410546,11002,"airphoto",1984,"1984-08-12",,"Film - BW","1:18000",14,"680999"
"12_00016",12,16410546,11002,"airphoto",1985,"1985-06-20",,"Film - BW","1:15000",2,"851060"
"12_00016",12,16410546,11002,"airphoto",1988,"1988-08-07",,"Film - BW","1:20000",6,"970774"
"12_00016",12,16410546,11002,"airphoto",1991,"1991-07-22",,"Film - BW","1:15000",2,"599413"
"12_00016",12,16410546,11002,"airphoto",1996,"1996-07-07",,"Film - BW","1:40000",4,"128761"
"12_00016",12,16410546,11002,"airphoto",1997,"1997-08-17",,"Film - Colour","1:20000",5,"349435"
"12_00016",12,16410546,11002,"airphoto",2000,"2000-09-15",,"Film - Colour","1:30000",6,"455341"
"12_00016",12,16410546,11002,"airphoto",2006,"2006-09-05",,"Film - Colour","1:20000",2,"1588812"
"12_00016",12,16410546,11002,"airphoto",2012,"2012-07-06",,"Digital - Colour","1:50000",6,"2050337"
"12_00016",12,16410546,11002,"orthophoto",2021,,0.15,,,1,
"12_00017",12,20294119,11002,"airphoto",1971,"1971-08-30",,"Film - BW","1:31680",1,"1414886"
"12_00017",12,20294119,11002,"airphoto",1972,"1972-08-14",,"Film - BW","1:60000",3,"1384615"
"12_00017",12,20294119,11002,"airphoto",1973,"1973-08-11",,"Film - BW","1:15000",3,"1368235"
"12_00017",12,20294119,11002,"airphoto",1977,"1977-08-16",,"Film - BW","1:10000",5,"1204170"
"12_00017",12,20294119,11002,"airphoto",1980,"1980-08-12",,"Film - BW","1:20000",2,"721918"
"12_00017",12,20294119,11002,"airphoto",1984,"1984-07-24",,"Film - BW","1:60000",2,"322858"
"12_00017",12,20294119,11002,"airphoto",1985,"1985-05-19",,"Film - BW","1:15000",4,"842955"
"12_00017",12,20294119,11002,"airphoto",1988,"1988-08-07",,"Film - BW","1:20000",3,"970694"
"12_00017",12,20294119,11002,"airphoto",1991,"1991-07-31",,"Film - BW","1:15000",5,"599951"
"12_00017",12,20294119,11002,"airphoto",1996,"1996-07-07",,"Film - BW","1:40000",3,"128688"
"12_00017",12,20294119,11002,"airphoto",1997,"1997-08-10",,"Film - Colour","1:20000",6,"349141"
"12_00017",12,20294119,11002,"airphoto",2000,"2000-09-15",,"Film - Colour","1:30000",5,"455315"
"12_00017",12,20294119,11002,"airphoto",2006,"2006-09-05",,"Film - Colour","1:20000",5,"1588760"
"12_00017",12,20294119,11002,"airphoto",2012,"2012-07-06",,"Digital - Colour","1:50000",6,"2050204"
"12_00017",12,20294119,11002,"orthophoto",2021,,0.15,,,1,
"12_00018",12,33069005,11002,"airphoto",1971,"1971-08-30",,"Film - BW","1:31680",1,"1414858"
"12_00018",12,33069005,11002,"airphoto",1973,"1973-09-15",,"Film - BW","1:15000",2,"1368917"
"12_00018",12,33069005,11002,"airphoto",1980,"1980-08-12",,"Film - BW","1:20000",4,"721715"
"12_00018",12,33069005,11002,"airphoto",1985,"1985-05-15",,"Film - Colour","1:10000",5,"855891"
"12_00018",12,33069005,11002,"airphoto",1988,"1988-09-03",,"Film - BW","1:20000",3,"971276"
"12_00018",12,33069005,11002,"airphoto",1990,"1990-07-29",,"Film - BW","1:15000",5,"1063494"
"12_00018",12,33069005,11002,"airphoto",1995,"1995-09-01",,"Film - BW","1:15000",5,"94123"
"12_00018",12,33069005,11002,"airphoto",1996,"1996-07-07",,"Film - BW","1:40000",6,"128645"
"12_00018",12,33069005,11002,"airphoto",2000,"2000-09-23",,"Film - BW","1:15000",12,"468448"
"12_00018",12,33069005,11002,"airphoto",2006,"2006-08-17",,"Film - Colour","1:20000",3,"1586718"
"12_00018",12,33069005,11002,"airphoto",2012,"2012-07-14",,"Digital - Colour","1:50000",2,"2053062"
"12_00019",12,11616069,11002,"airphoto",1973,"1973-08-11",,"Film - BW","1:15000",2,"1368398"
"12_00019",12,11616069,11002,"airphoto",1984,"1984-09-14",,"Film - BW","1:18000",15,"681218"
"12_00019",12,11616069,11002,"airphoto",1985,"1985-06-20",,"Film - BW","1:15000",2,"850946"
"12_00019",12,11616069,11002,"airphoto",1986,"1986-05-15",,"Film - Colour","1:10000",2,"891943"
"12_00019",12,11616069,11002,"airphoto",1988,"1988-07-21",,"Film - BW","1:20000",2,"970468"
"12_00019",12,11616069,11002,"airphoto",1991,"1991-07-22",,"Film - BW","1:15000",5,"599632"
"12_00019",12,11616069,11002,"airphoto",1996,"1996-07-07",,"Film - BW","1:40000",4,"128802"
"12_00019",12,11616069,11002,"airphoto",1997,"1997-08-17",,"Film - Colour","1:20000",4,"349485"
"12_00019",12,11616069,11002,"airphoto",2000,"2000-09-15",,"Film - Colour","1:30000",5,"455406"
"12_00019",12,11616069,11002,"airphoto",2006,"2006-09-05",,"Film - Colour","1:20000",3,"1588816"
"12_00019",12,11616069,11002,"airphoto",2012,"2012-07-06",,"Digital - Colour","1:50000",2,"2050396"
"12_00020",12,20679289,11002,"airphoto",1963,"1963-05-17",,"Film - BW","1:32000",1,"1473914"
"12_00020",12,20679289,11002,"airphoto",1971,"1971-08-30",,"Film - BW","1:31680",4,"1414863"
"12_00020",12,20679289,11002,"airphoto",1972,"1972-08-14",,"Film - BW","1:60000",3,"1384616"
"12_00020",12,20679289,11002,"airphoto",1977,"1977-07-25",,"Film - BW","1:20000",5,"1204434"
"12_00020",12,20679289,11002,"airphoto",1980,"1980-08-12",,"Film - BW","1:20000",2,"721920"
"12_00020",12,20679289,11002,"airphoto",1984,"1984-07-24",,"Film - BW","1:60000",3,"322859"
"12_00020",12,20679289,11002,"airphoto",1985,"1985-05-19",,"Film - BW","1:15000",4,"842959"
"12_00020",12,20679289,11002,"airphoto",1988,"1988-08-07",,"Film - BW","1:20000",3,"970691"
"12_00020",12,20679289,11002,"airphoto",1991,"1991-07-31",,"Film - BW","1:15000",5,"599691"
"12_00020",12,20679289,11002,"airphoto",1996,"1996-07-07",,"Film - BW","1:40000",2,"128689"
"12_00020",12,20679289,11002,"airphoto",1997,"1997-08-10",,"Film - Colour","1:20000",3,"349138"
"12_00020",12,20679289,11002,"airphoto",1999,"1999-08-02",,"Film - BW","1:15000",6,"387371"
"12_00020",12,20679289,11002,"airphoto",2000,"2000-09-15",,"Film - Colour","1:30000",6,"455317"
"12_00020",12,20679289,11002,"airphoto",2002,"2002-08-21",,"Film - Colour","1:30000",1,"643817"
"12_00020",12,20679289,11002,"airphoto",2006,"2006-09-05",,"Film - Colour","1:20000",5,"1588737"
"12_00020",12,20679289,11002,"airphoto",2012,"2012-07-13",,"Digital - Colour","1:50000",5,"2052718"
"12_00020",12,20679289,11002,"orthophoto",2021,,0.150000000000002,,,1,
"12_00021",12,41356308,11002,"airphoto",1974,"1974-08-01",,"Film - BW","1:16000",3,"1308688"
"12_00021",12,41356308,11002,"airphoto",1987,"1987-08-06",,"Film - Colour","1:10000",4,"528113"
"12_00021",12,41356308,11002,"airphoto",1988,"1988-07-20",,"Film - BW","1:20000",5,"969839"
"12_00021",12,41356308,11002,"airphoto",1990,"1990-07-29",,"Film - BW","1:15000",5,"1063256"
"12_00021",12,41356308,11002,"airphoto",1995,"1995-09-16",,"Film - BW","1:15000",6,"94922"
"12_00021",12,41356308,11002,"airphoto",1996,"1996-07-07",,"Film - BW","1:40000",6,"128575"
"12_00021",12,41356308,11002,"airphoto",2000,"2000-09-19",,"Film - Colour","1:30000",4,"455808"
"12_00021",12,41356308,11002,"airphoto",2012,"2012-07-14",,"Digital - Colour","1:50000",3,"2053476"
"12_00022",12,19864756,11002,"airphoto",1971,"1971-08-30",,"Film - BW","1:31680",2,"1414886"
"12_00022",12,19864756,11002,"airphoto",1972,"1972-08-14",,"Film - BW","1:60000",3,"1384615"
"12_00022",12,19864756,11002,"airphoto",1973,"1973-08-11",,"Film - BW","1:15000",3,"1368235"
"12_00022",12,19864756,11002,"airphoto",1977,"1977-08-16",,"Film - BW","1:10000",5,"1204170"
"12_00022",12,19864756,11002,"airphoto",1980,"1980-08-12",,"Film - BW","1:20000",2,"721918"
"12_00022",12,19864756,11002,"airphoto",1984,"1984-07-24",,"Film - BW","1:60000",2,"322858"
"12_00022",12,19864756,11002,"airphoto",1985,"1985-05-19",,"Film - BW","1:15000",5,"842955"
"12_00022",12,19864756,11002,"airphoto",1988,"1988-08-07",,"Film - BW","1:20000",6,"970694"
"12_00022",12,19864756,11002,"airphoto",1991,"1991-07-31",,"Film - BW","1:15000",3,"599951"
"12_00022",12,19864756,11002,"airphoto",1996,"1996-07-07",,"Film - BW","1:40000",3,"128688"
"12_00022",12,19864756,11002,"airphoto",1997,"1997-08-10",,"Film - Colour","1:20000",6,"349141"
"12_00022",12,19864756,11002,"airphoto",2000,"2000-09-15",,"Film - Colour","1:30000",5,"455336"
"12_00022",12,19864756,11002,"airphoto",2006,"2006-09-05",,"Film - Colour","1:20000",5,"1588760"
"12_00022",12,19864756,11002,"airphoto",2012,"2012-07-06",,"Digital - Colour","1:50000",5,"2050204"
"12_00022",12,19864756,11002,"orthophoto",2021,,0.149999999999999,,,1,
"12_00023",12,14478923,11002,"airphoto",1977,"1977-07-25",,"Film - BW","1:20000",2,"1204355"
"12_00023",12,14478923,11002,"airphoto",1984,"1984-08-12",,"Film - BW","1:18000",21,"681048"
"12_00023",12,14478923,11002,"airphoto",1985,"1985-06-20",,"Film - BW","1:15000",2,"851057"
"12_00023",12,14478923,11002,"airphoto",1988,"1988-08-07",,"Film - BW","1:20000",3,"970812"
"12_00023",12,14478923,11002,"airphoto",1991,"1991-07-22",,"Film - BW","1:15000",2,"599301"
"12_00023",12,14478923,11002,"airphoto",1996,"1996-07-07",,"Film - BW","1:40000",3,"128759"
"12_00023",12,14478923,11002,"airphoto",1997,"1997-08-17",,"Film - Colour","1:20000",5,"349438"
"12_00023",12,14478923,11002,"airphoto",2000,"2000-09-15",,"Film - Colour","1:30000",2,"455408"
"12_00023",12,14478923,11002,"airphoto",2006,"2006-09-05",,"Film - Colour","1:20000",4,"1588819"
"12_00023",12,14478923,11002,"airphoto",2012,"2012-07-06",,"Digital - Colour","1:50000",3,"2050341"
"12_00024",12,2032830,11002,"airphoto",1980,"1980-08-12",,"Film - BW","1:20000",5,"721530"
"12_00024",12,2032830,11002,"airphoto",1984,"1984-07-24",,"Film - BW","1:60000",2,"322723"
"12_00024",12,2032830,11002,"airphoto",1988,"1988-07-21",,"Film - BW","1:20000",2,"970280"
"12_00024",12,2032830,11002,"airphoto",1990,"1990-07-19",,"Film - BW","1:15000",3,"1071746"
"12_00024",12,2032830,11002,"airphoto",1992,"1992-06-21",,"Film - BW","1:15000",3,"540117"
"12_00024",12,2032830,11002,"airphoto",1996,"1996-07-12",,"Film - BW","1:40000",6,"129996"
"12_00024",12,2032830,11002,"airphoto",1997,"1997-08-14",,"Film - Colour","1:20000",6,"349594"
"12_00024",12,2032830,11002,"airphoto",2000,"2000-09-15",,"Film - Colour","1:30000",6,"455607"
"12_00024",12,2032830,11002,"airphoto",2012,"2012-07-13",,"Digital - Colour","1:50000",3,"2052102"
"12_00025",12,42056992,11002,"airphoto",1971,"1971-08-12",,"Film - BW","1:31680",2,"1414823"
"12_00025",12,42056992,11002,"airphoto",1974,"1974-08-01",,"Film - BW","1:16000",3,"1308708"
"12_00025",12,42056992,11002,"airphoto",1979,"1979-08-24",,"Film - BW","1:15840",3,"1123491"
"12_00025",12,42056992,11002,"airphoto",1985,"1985-07-16",,"Film - BW","1:15000",2,"851766"
"12_00025",12,42056992,11002,"airphoto",1987,"1987-08-06",,"Film - Colour","1:10000",3,"528142"
"12_00025",12,42056992,11002,"airphoto",1988,"1988-09-12",,"Film - Colour","1:10000",8,"998877"
"12_00025",12,42056992,11002,"airphoto",1992,"1992-07-19",,"Film - BW","1:15000",2,"587505"
"12_00025",12,42056992,11002,"airphoto",1995,"1995-09-20",,"Film - BW","1:15000",5,"95772"
"12_00025",12,42056992,11002,"airphoto",1996,"1996-07-07",,"Film - BW","1:40000",6,"128584"
"12_00025",12,42056992,11002,"airphoto",2000,"2000-09-19",,"Film - Colour","1:30000",4,"455796"
"12_00025",12,42056992,11002,"airphoto",2012,"2012-07-14",,"Digital - Colour","1:50000",3,"2053498"
"12_00026",12,38820677,11002,"airphoto",1974,"1974-07-21",,"Film - BW","1:16000",6,"1316632"
"12_00026",12,38820677,11002,"airphoto",1977,"1977-08-14",,"Film - BW","1:20000",5,"1198816"
"12_00026",12,38820677,11002,"airphoto",1985,"1985-07-16",,"Film - BW","1:15000",2,"851698"
"12_00026",12,38820677,11002,"airphoto",1987,"1987-08-06",,"Film - Colour","1:10000",2,"528273"
"12_00026",12,38820677,11002,"airphoto",1988,"1988-07-20",,"Film - BW","1:20000",2,"970068"
"12_00026",12,38820677,11002,"airphoto",1990,"1990-07-29",,"Film - BW","1:15000",3,"1063840"
"12_00026",12,38820677,11002,"airphoto",1994,"1994-07-27",,"Film - BW","1:15000",3,"74685"
"12_00026",12,38820677,11002,"airphoto",1995,"1995-09-16",,"Film - BW","1:15000",3,"94766"
"12_00026",12,38820677,11002,"airphoto",1996,"1996-07-07",,"Film - BW","1:40000",6,"128589"
"12_00026",12,38820677,11002,"airphoto",2000,"2000-09-23",,"Film - BW","1:15000",5,"468707"
"12_00026",12,38820677,11002,"airphoto",2002,"2002-08-21",,"Film - Colour","1:30000",1,"643656"
"12_00026",12,38820677,11002,"airphoto",2006,"2006-08-19",,"Film - Colour","1:20000",3,"1587028"
"12_00026",12,38820677,11002,"airphoto",2012,"2012-07-14",,"Digital - Colour","1:50000",3,"2053311"
"12_00027",12,2023887,11002,"airphoto",1980,"1980-08-12",,"Film - BW","1:20000",5,"721530"
"12_00027",12,2023887,11002,"airphoto",1984,"1984-07-24",,"Film - BW","1:60000",2,"322723"
"12_00027",12,2023887,11002,"airphoto",1988,"1988-07-21",,"Film - BW","1:20000",2,"970280"
"12_00027",12,2023887,11002,"airphoto",1990,"1990-07-19",,"Film - BW","1:15000",3,"1071746"
"12_00027",12,2023887,11002,"airphoto",1992,"1992-06-21",,"Film - BW","1:15000",3,"540117"
"12_00027",12,2023887,11002,"airphoto",1996,"1996-07-12",,"Film - BW","1:40000",6,"129996"
"12_00027",12,2023887,11002,"airphoto",1997,"1997-08-14",,"Film - Colour","1:20000",6,"349594"
"12_00027",12,2023887,11002,"airphoto",2000,"2000-09-15",,"Film - Colour","1:30000",6,"455607"
"12_00027",12,2023887,11002,"airphoto",2012,"2012-07-13",,"Digital - Colour","1:50000",3,"2052102"
"12_00028",12,52568627,11002,"airphoto",1979,"1979-07-29",,"Film - BW","1:15840",5,"1123342"
"12_00028",12,52568627,11002,"airphoto",1987,"1987-08-06",,"Film - Colour","1:10000",2,"528484"
"12_00028",12,52568627,11002,"airphoto",1988,"1988-09-12",,"Film - Colour","1:10000",6,"999054"
"12_00028",12,52568627,11002,"airphoto",1989,"1989-06-12",,"Film - BW","1:15000",2,"1021776"
"12_00028",12,52568627,11002,"airphoto",1992,"1992-07-18",,"Film - BW","1:15000",4,"587380"
"12_00028",12,52568627,11002,"airphoto",1994,"1994-08-18",,"Film - BW","1:15000",1,"76542"
"12_00028",12,52568627,11002,"airphoto",1995,"1995-09-04",,"Film - BW","1:15000",5,"94152"
"12_00028",12,52568627,11002,"airphoto",1996,"1996-07-07",,"Film - BW","1:40000",6,"127809"
"12_00028",12,52568627,11002,"airphoto",2000,"2000-09-22",,"Film - Colour","1:30000",5,"455953"
"12_00028",12,52568627,11002,"airphoto",2002,"2002-08-21",,"Film - Colour","1:30000",2,"643578"
"12_00028",12,52568627,11002,"airphoto",2006,"2006-09-07",,"Film - Colour","1:20000",2,"1588954"
"12_00028",12,52568627,11002,"airphoto",2012,"2012-07-14",,"Digital - Colour","1:50000",5,"2053721"
"12_00029",12,51476157,11002,"airphoto",1971,"1971-08-12",,"Film - BW","1:31680",1,"1414821"
"12_00029",12,51476157,11002,"airphoto",1974,"1974-08-03",,"Film - BW","1:16000",3,"1308844"
"12_00029",12,51476157,11002,"airphoto",1979,"1979-07-29",,"Film - BW","1:15840",3,"1123379"
"12_00029",12,51476157,11002,"airphoto",1986,"1986-05-31",,"Film - Colour","1:10000",1,"892003"
"12_00029",12,51476157,11002,"airphoto",1987,"1987-08-06",,"Film - Colour","1:10000",5,"528473"
"12_00029",12,51476157,11002,"airphoto",1988,"1988-09-17",,"Film - Colour","1:10000",6,"999246"
"12_00029",12,51476157,11002,"airphoto",1992,"1992-07-18",,"Film - BW","1:15000",4,"587388"
"12_00029",12,51476157,11002,"airphoto",1995,"1995-09-04",,"Film - BW","1:15000",2,"94161"
"12_00029",12,51476157,11002,"airphoto",1996,"1996-07-12",,"Film - BW","1:40000",6,"129013"
"12_00029",12,51476157,11002,"airphoto",2000,"2000-09-22",,"Film - Colour","1:30000",3,"455957"
"12_00029",12,51476157,11002,"airphoto",2012,"2012-07-14",,"Digital - Colour","1:50000",3,"2053730"
"12_00030",12,19435041,11002,"airphoto",1972,"1972-08-14",,"Film - BW","1:60000",3,"1384614"
"12_00030",12,19435041,11002,"airphoto",1973,"1973-08-11",,"Film - BW","1:15000",2,"1368233"
"12_00030",12,19435041,11002,"airphoto",1976,"1976-05-07",,"Film - BW","1:18000",1,"1225014"
"12_00030",12,19435041,11002,"airphoto",1977,"1977-08-16",,"Film - BW","1:10000",6,"1204173"
"12_00030",12,19435041,11002,"airphoto",1984,"1984-09-14",,"Film - BW","1:18000",4,"681169"
"12_00030",12,19435041,11002,"airphoto",1985,"1985-06-20",,"Film - BW","1:15000",2,"851145"
"12_00030",12,19435041,11002,"airphoto",1988,"1988-08-07",,"Film - BW","1:20000",6,"970696"
"12_00030",12,19435041,11002,"airphoto",1991,"1991-07-31",,"Film - BW","1:15000",2,"599949"
"12_00030",12,19435041,11002,"airphoto",1996,"1996-07-07",,"Film - BW","1:40000",3,"128687"
"12_00030",12,19435041,11002,"airphoto",1997,"1997-08-12",,"Film - Colour","1:20000",6,"349310"
"12_00030",12,19435041,11002,"airphoto",2000,"2000-09-15",,"Film - Colour","1:30000",6,"455337"
"12_00030",12,19435041,11002,"airphoto",2006,"2006-09-05",,"Film - Colour","1:20000",3,"1588758"
"12_00030",12,19435041,11002,"airphoto",2012,"2012-07-06",,"Digital - Colour","1:50000",3,"2050207"
"12_00030",12,19435041,11002,"orthophoto",2021,,0.150000000000001,,,1,
"13_00001",13,35178721,11005,"airphoto",1973,"1973-09-15",,"Film - BW","1:15000",3,"1368943"
"13_00001",13,35178721,11005,"airphoto",1980,"1980-08-12",,"Film - BW","1:20000",3,"721275"
"13_00001",13,35178721,11005,"airphoto",1985,"1985-07-16",,"Film - BW","1:15000",2,"851651"
"13_00001",13,35178721,11005,"airphoto",1988,"1988-07-20",,"Film - BW","1:20000",2,"970173"
"13_00001",13,35178721,11005,"airphoto",1990,"1990-07-29",,"Film - BW","1:15000",6,"1063647"
"13_00001",13,35178721,11005,"airphoto",1995,"1995-09-16",,"Film - BW","1:15000",3,"94571"
"13_00001",13,35178721,11005,"airphoto",1996,"1996-07-07",,"Film - BW","1:40000",3,"128649"
"13_00001",13,35178721,11005,"airphoto",1997,"1997-08-10",,"Film - Colour","1:20000",3,"348972"
"13_00001",13,35178721,11005,"airphoto",2000,"2000-09-15",,"Film - Colour","1:30000",3,"455234"
"13_00001",13,35178721,11005,"airphoto",2012,"2012-07-14",,"Digital - Colour","1:50000",3,"2053284"
"13_00002",13,20674235,11005,"airphoto",1975,"1975-09-08",,"Film - BW","1:15000",6,"1292690"
"13_00002",13,20674235,11005,"airphoto",1977,"1977-08-16",,"Film - BW","1:10000",7,"1204120"
"13_00002",13,20674235,11005,"airphoto",1980,"1980-08-12",,"Film - BW","1:20000",2,"721894"
"13_00002",13,20674235,11005,"airphoto",1984,"1984-07-24",,"Film - BW","1:60000",2,"322850"
"13_00002",13,20674235,11005,"airphoto",1985,"1985-07-09",,"Film - BW","1:15000",2,"851186"
"13_00002",13,20674235,11005,"airphoto",1987,"1987-06-28",,"Film - BW","1:40000",5,"908289"
"13_00002",13,20674235,11005,"airphoto",1988,"1988-08-26",,"Film - Colour","1:10000",7,"998004"
"13_00002",13,20674235,11005,"airphoto",1991,"1991-07-31",,"Film - BW","1:15000",3,"599726"
"13_00002",13,20674235,11005,"airphoto",1996,"1996-07-07",,"Film - BW","1:40000",6,"128674"
"13_00002",13,20674235,11005,"airphoto",1997,"1997-08-10",,"Film - Colour","1:20000",3,"349166"
"13_00002",13,20674235,11005,"airphoto",2000,"2000-09-15",,"Film - Colour","1:30000",2,"455299"
"13_00002",13,20674235,11005,"airphoto",2005,"2005-08-11",,"Film - Colour","1:20000",1,"1531042"
"13_00002",13,20674235,11005,"airphoto",2012,"2012-07-13",,"Digital - Colour","1:50000",3,"2052682"
"13_00002",13,20674235,11005,"orthophoto",2021,,0.150000000000001,,,2,
"13_00003",13,28421417,11005,"airphoto",1973,"1973-09-11",,"Film - BW","1:15000",6,"1368679"
"13_00003",13,28421417,11005,"airphoto",1974,"1974-06-14",,"Film - BW","1:20000",2,"1338836"
"13_00003",13,28421417,11005,"airphoto",1980,"1980-08-12",,"Film - BW","1:20000",2,"721747"
"13_00003",13,28421417,11005,"airphoto",1985,"1985-07-16",,"Film - BW","1:15000",2,"851516"
"13_00003",13,28421417,11005,"airphoto",1987,"1987-06-28",,"Film - BW","1:40000",1,"908321"
"13_00003",13,28421417,11005,"airphoto",1988,"1988-08-12",,"Film - BW","1:20000",6,"970995"
"13_00003",13,28421417,11005,"airphoto",1990,"1990-07-29",,"Film - BW","1:15000",6,"1063456"
"13_00003",13,28421417,11005,"airphoto",1991,"1991-09-08",,"Film - BW","1:15000",5,"600397"
"13_00003",13,28421417,11005,"airphoto",1996,"1996-07-07",,"Film - BW","1:40000",4,"127987"
"13_00003",13,28421417,11005,"airphoto",1997,"1997-08-10",,"Film - Colour","1:20000",3,"349070"
"13_00003",13,28421417,11005,"airphoto",2000,"2000-09-15",,"Film - Colour","1:30000",11,"455520"
"13_00003",13,28421417,11005,"airphoto",2012,"2012-07-13",,"Digital - Colour","1:50000",5,"2053007"
"13_00004",13,30715333,5011,"airphoto",1973,"1973-09-11",,"Film - BW","1:15000",2,"1368744"
"13_00004",13,30715333,5011,"airphoto",1980,"1980-08-12",,"Film - BW","1:20000",5,"721726"
"13_00004",13,30715333,5011,"airphoto",1985,"1985-07-16",,"Film - BW","1:15000",2,"851493"
"13_00004",13,30715333,5011,"airphoto",1988,"1988-07-21",,"Film - BW","1:20000",5,"970533"
"13_00004",13,30715333,5011,"airphoto",1990,"1990-07-26",,"Film - BW","1:15000",4,"1062723"
"13_00004",13,30715333,5011,"airphoto",1995,"1995-09-01",,"Film - BW","1:15000",6,"94094"
"13_00004",13,30715333,5011,"airphoto",1996,"1996-07-07",,"Film - BW","1:40000",3,"127975"
"13_00004",13,30715333,5011,"airphoto",1997,"1997-08-10",,"Film - Colour","1:20000",3,"349048"
"13_00004",13,30715333,5011,"airphoto",2000,"2000-08-04",,"Film - Colour","1:30000",2,"454609"
"13_00004",13,30715333,5011,"airphoto",2012,"2012-07-14",,"Digital - Colour","1:50000",5,"2053071"
"13_00005",13,38220152,5011,"airphoto",1974,"1974-07-21",,"Film - BW","1:16000",6,"1316624"
"13_00005",13,38220152,5011,"airphoto",1985,"1985-07-16",,"Film - BW","1:15000",4,"851691"
"13_00005",13,38220152,5011,"airphoto",1988,"1988-07-20",,"Film - BW","1:20000",3,"970074"
"13_00005",13,38220152,5011,"airphoto",1990,"1990-07-29",,"Film - BW","1:15000",3,"1063831"
"13_00005",13,38220152,5011,"airphoto",1995,"1995-09-16",,"Film - BW","1:15000",6,"94775"
"13_00005",13,38220152,5011,"airphoto",1996,"1996-07-07",,"Film - BW","1:40000",6,"128586"
"13_00005",13,38220152,5011,"airphoto",1997,"1997-08-10",,"Film - Colour","1:20000",2,"348969"
"13_00005",13,38220152,5011,"airphoto",2000,"2000-09-15",,"Film - Colour","1:30000",2,"455503"
"13_00005",13,38220152,5011,"airphoto",2012,"2012-07-14",,"Digital - Colour","1:50000",3,"2053320"
"13_00006",13,13652590,11005,"airphoto",1977,"1977-08-16",,"Film - BW","1:10000",6,"1203968"
"13_00006",13,13652590,11005,"airphoto",1984,"1984-07-24",,"Film - BW","1:60000",5,"322893"
"13_00006",13,13652590,11005,"airphoto",1985,"1985-06-20",,"Film - BW","1:15000",4,"851078"
"13_00006",13,13652590,11005,"airphoto",1987,"1987-06-28",,"Film - BW","1:40000",1,"908319"
"13_00006",13,13652590,11005,"airphoto",1988,"1988-08-07",,"Film - BW","1:20000",3,"970830"
"13_00006",13,13652590,11005,"airphoto",1991,"1991-07-22",,"Film - BW","1:15000",6,"599326"
"13_00006",13,13652590,11005,"airphoto",1996,"1996-07-07",,"Film - BW","1:40000",2,"128769"
"13_00006",13,13652590,11005,"airphoto",1997,"1997-08-17",,"Film - Colour","1:20000",4,"349419"
"13_00006",13,13652590,11005,"airphoto",2000,"2000-09-15",,"Film - Colour","1:30000",2,"455395"
"13_00006",13,13652590,11005,"airphoto",2005,"2005-07-25",,"Film - Colour","1:20000",4,"1529509"
"13_00006",13,13652590,11005,"airphoto",2012,"2012-07-06",,"Digital - Colour","1:50000",3,"2050316"
"13_00006",13,13652590,11005,"orthophoto",2021,,0.149999999999998,,,1,
"13_00007",13,40657355,5011,"airphoto",1974,"1974-08-01",,"Film - BW","1:16000",2,"1308678"
"13_00007",13,40657355,5011,"airphoto",1987,"1987-06-28",,"Film - BW","1:40000",1,"908366"
"13_00007",13,40657355,5011,"airphoto",1988,"1988-07-20",,"Film - BW","1:20000",6,"969832"
"13_00007",13,40657355,5011,"airphoto",1990,"1990-07-29",,"Film - BW","1:15000",5,"1063911"
"13_00007",13,40657355,5011,"airphoto",1995,"1995-09-16",,"Film - BW","1:15000",2,"94913"
"13_00007",13,40657355,5011,"airphoto",1996,"1996-07-12",,"Film - BW","1:40000",7,"129581"
"13_00007",13,40657355,5011,"airphoto",2000,"2000-09-15",,"Film - Colour","1:30000",5,"455485"
"13_00007",13,40657355,5011,"airphoto",2002,"2002-08-16",,"Film - Colour","1:15000",3,"644920"
"13_00007",13,40657355,5011,"airphoto",2012,"2012-07-14",,"Digital - Colour","1:50000",3,"2053467"
"13_00008",13,14030256,5011,"airphoto",1977,"1977-08-16",,"Film - BW","1:10000",5,"1203944"
"13_00008",13,14030256,5011,"airphoto",1984,"1984-08-12",,"Film - BW","1:18000",18,"681060"
"13_00008",13,14030256,5011,"airphoto",1985,"1985-06-20",,"Film - BW","1:15000",1,"851065"
"13_00008",13,14030256,5011,"airphoto",1988,"1988-08-07",,"Film - BW","1:20000",5,"970820"
"13_00008",13,14030256,5011,"airphoto",1991,"1991-07-22",,"Film - BW","1:15000",4,"599312"
"13_00008",13,14030256,5011,"airphoto",1996,"1996-07-07",,"Film - BW","1:40000",2,"128763"
"13_00008",13,14030256,5011,"airphoto",1997,"1997-08-17",,"Film - Colour","1:20000",5,"349430"
"13_00008",13,14030256,5011,"airphoto",2000,"2000-09-15",,"Film - Colour","1:30000",2,"455402"
"13_00008",13,14030256,5011,"airphoto",2005,"2005-07-25",,"Film - Colour","1:20000",2,"1529499"
"13_00008",13,14030256,5011,"airphoto",2012,"2012-07-06",,"Digital - Colour","1:50000",2,"2050330"
"13_00008",13,14030256,5011,"orthophoto",2021,,0.15,,,1,
"13_00009",13,18795401,11005,"airphoto",1975,"1975-09-08",,"Film - BW","1:15000",6,"1292706"
"13_00009",13,18795401,11005,"airphoto",1977,"1977-08-16",,"Film - BW","1:10000",8,"1203745"
"13_00009",13,18795401,11005,"airphoto",1980,"1980-08-12",,"Film - BW","1:20000",2,"721892"
"13_00009",13,18795401,11005,"airphoto",1984,"1984-07-24",,"Film - BW","1:60000",2,"322850"
"13_00009",13,18795401,11005,"airphoto",1985,"1985-06-20",,"Film - BW","1:15000",2,"851120"
"13_00009",13,18795401,11005,"airphoto",1987,"1987-06-28",,"Film - BW","1:40000",2,"908318"
"13_00009",13,18795401,11005,"airphoto",1988,"1988-08-27",,"Film - Colour","1:10000",8,"998527"
"13_00009",13,18795401,11005,"airphoto",1991,"1991-07-31",,"Film - BW","1:15000",2,"599917"
"13_00009",13,18795401,11005,"airphoto",1996,"1996-07-07",,"Film - BW","1:40000",3,"128673"
"13_00009",13,18795401,11005,"airphoto",1997,"1997-08-17",,"Film - Colour","1:20000",6,"349338"
"13_00009",13,18795401,11005,"airphoto",2000,"2000-09-15",,"Film - Colour","1:30000",5,"455353"
"13_00009",13,18795401,11005,"airphoto",2012,"2012-07-06",,"Digital - Colour","1:50000",5,"2050240"
"13_00009",13,18795401,11005,"orthophoto",2021,,0.15,,,1,
"13_00010",13,16819185,5011,"airphoto",1975,"1975-09-08",,"Film - BW","1:15000",4,"1292697"
"13_00010",13,16819185,5011,"airphoto",1977,"1977-08-16",,"Film - BW","1:10000",7,"1203864"
"13_00010",13,16819185,5011,"airphoto",1984,"1984-07-24",,"Film - BW","1:60000",3,"322851"
"13_00010",13,16819185,5011,"airphoto",1985,"1985-06-20",,"Film - BW","1:15000",2,"851124"
"13_00010",13,16819185,5011,"airphoto",1987,"1987-06-28",,"Film - BW","1:40000",2,"908320"
"13_00010",13,16819185,5011,"airphoto",1988,"1988-08-07",,"Film - BW","1:20000",2,"970759"
"13_00010",13,16819185,5011,"airphoto",1991,"1991-07-22",,"Film - BW","1:15000",3,"599392"
"13_00010",13,16819185,5011,"airphoto",1996,"1996-07-07",,"Film - BW","1:40000",6,"128769"
"13_00010",13,16819185,5011,"airphoto",1997,"1997-08-17",,"Film - Colour","1:20000",5,"349335"
"13_00010",13,16819185,5011,"airphoto",2000,"2000-09-15",,"Film - Colour","1:30000",3,"455351"
"13_00010",13,16819185,5011,"airphoto",2005,"2005-07-25",,"Film - Colour","1:20000",5,"1529489"
"13_00010",13,16819185,5011,"airphoto",2012,"2012-07-06",,"Digital - Colour","1:50000",3,"2050236"
"13_00010",13,16819185,5011,"orthophoto",2021,,0.15,,,1,
"13_00011",13,27723788,11005,"airphoto",1973,"1973-09-11",,"Film - BW","1:15000",2,"1368680"
"13_00011",13,27723788,11005,"airphoto",1980,"1980-08-12",,"Film - BW","1:20000",5,"721747"
"13_00011",13,27723788,11005,"airphoto",1985,"1985-07-16",,"Film - BW","1:15000",2,"851515"
"13_00011",13,27723788,11005,"airphoto",1987,"1987-06-28",,"Film - BW","1:40000",1,"908321"
"13_00011",13,27723788,11005,"airphoto",1988,"1988-08-12",,"Film - BW","1:20000",4,"970995"
"13_00011",13,27723788,11005,"airphoto",1990,"1990-07-29",,"Film - BW","1:15000",2,"1063353"
"13_00011",13,27723788,11005,"airphoto",1991,"1991-09-08",,"Film - BW","1:15000",2,"600397"
"13_00011",13,27723788,11005,"airphoto",1996,"1996-07-07",,"Film - BW","1:40000",6,"127987"
"13_00011",13,27723788,11005,"airphoto",1997,"1997-08-10",,"Film - Colour","1:20000",4,"349070"
"13_00011",13,27723788,11005,"airphoto",2000,"2000-09-15",,"Film - Colour","1:30000",7,"455530"
"13_00011",13,27723788,11005,"airphoto",2012,"2012-07-13",,"Digital - Colour","1:50000",2,"2053008"
"13_00012",13,16372321,11005,"airphoto",1977,"1977-08-16",,"Film - BW","1:10000",4,"1203859"
"13_00012",13,16372321,11005,"airphoto",1984,"1984-07-24",,"Film - BW","1:60000",2,"322852"
"13_00012",13,16372321,11005,"airphoto",1985,"1985-06-20",,"Film - BW","1:15000",3,"851126"
"13_00012",13,16372321,11005,"airphoto",1987,"1987-06-28",,"Film - BW","1:40000",1,"908320"
"13_00012",13,16372321,11005,"airphoto",1988,"1988-08-07",,"Film - BW","1:20000",2,"970761"
"13_00012",13,16372321,11005,"airphoto",1991,"1991-07-22",,"Film - BW","1:15000",3,"599395"
"13_00012",13,16372321,11005,"airphoto",1996,"1996-07-07",,"Film - BW","1:40000",6,"128768"
"13_00012",13,16372321,11005,"airphoto",1997,"1997-08-17",,"Film - Colour","1:20000",5,"349422"
"13_00012",13,16372321,11005,"airphoto",2000,"2000-09-15",,"Film - Colour","1:30000",2,"455350"
"13_00012",13,16372321,11005,"airphoto",2005,"2005-07-25",,"Film - Colour","1:20000",5,"1529491"
"13_00012",13,16372321,11005,"airphoto",2012,"2012-07-06",,"Digital - Colour","1:50000",6,"2050233"
"13_00012",13,16372321,11005,"orthophoto",2021,,0.149999999999998,,,1,
"13_00013",13,38774702,5011,"airphoto",1974,"1974-07-21",,"Film - BW","1:16000",2,"1316624"
"13_00013",13,38774702,5011,"airphoto",1979,"1979-08-24",,"Film - BW","1:15840",2,"1123504"
"13_00013",13,38774702,5011,"airphoto",1985,"1985-07-16",,"Film - BW","1:15000",4,"851691"
"13_00013",13,38774702,5011,"airphoto",1987,"1987-08-06",,"Film - Colour","1:10000",2,"528286"
"13_00013",13,38774702,5011,"airphoto",1988,"1988-07-20",,"Film - BW","1:20000",5,"970074"
"13_00013",13,38774702,5011,"airphoto",1990,"1990-07-29",,"Film - BW","1:15000",2,"1063831"
"13_00013",13,38774702,5011,"airphoto",1995,"1995-09-16",,"Film - BW","1:15000",2,"94775"
"13_00013",13,38774702,5011,"airphoto",1996,"1996-07-07",,"Film - BW","1:40000",4,"128586"
"13_00013",13,38774702,5011,"airphoto",1997,"1997-08-10",,"Film - Colour","1:20000",3,"348969"
"13_00013",13,38774702,5011,"airphoto",2000,"2000-09-15",,"Film - Colour","1:30000",2,"455503"
"13_00013",13,38774702,5011,"airphoto",2012,"2012-07-14",,"Digital - Colour","1:50000",3,"2053320"
"13_00014",13,28045958,5011,"airphoto",1973,"1973-09-11",,"Film - BW","1:15000",2,"1368681"
"13_00014",13,28045958,5011,"airphoto",1980,"1980-08-12",,"Film - BW","1:20000",2,"721746"
"13_00014",13,28045958,5011,"airphoto",1985,"1985-07-16",,"Film - BW","1:15000",2,"851514"
"13_00014",13,28045958,5011,"airphoto",1988,"1988-08-12",,"Film - BW","1:20000",4,"970996"
"13_00014",13,28045958,5011,"airphoto",1990,"1990-07-29",,"Film - BW","1:15000",4,"1063352"
"13_00014",13,28045958,5011,"airphoto",1991,"1991-09-08",,"Film - BW","1:15000",2,"600395"
"13_00014",13,28045958,5011,"airphoto",1996,"1996-07-07",,"Film - BW","1:40000",6,"127987"
"13_00014",13,28045958,5011,"airphoto",1997,"1997-08-10",,"Film - Colour","1:20000",6,"349069"
"13_00014",13,28045958,5011,"airphoto",2000,"2000-08-04",,"Film - Colour","1:30000",9,"454640"
"13_00014",13,28045958,5011,"airphoto",2012,"2012-07-13",,"Digital - Colour","1:50000",2,"2053009"
"13_00015",13,9270226,11005,"airphoto",1975,"1975-01-14",,"Film - BW","1:12000",1,"1263862"
"13_00015",13,9270226,11005,"airphoto",1977,"1977-08-16",,"Film - BW","1:10000",5,"1204278"
"13_00015",13,9270226,11005,"airphoto",1980,"1980-08-12",,"Film - BW","1:20000",3,"721633"
"13_00015",13,9270226,11005,"airphoto",1984,"1984-07-24",,"Film - BW","1:60000",2,"322892"
"13_00015",13,9270226,11005,"airphoto",1985,"1985-06-20",,"Film - BW","1:15000",2,"850870"
"13_00015",13,9270226,11005,"airphoto",1988,"1988-07-21",,"Film - BW","1:20000",4,"970448"
"13_00015",13,9270226,11005,"airphoto",1991,"1991-07-22",,"Film - BW","1:15000",5,"599648"
"13_00015",13,9270226,11005,"airphoto",1996,"1996-07-07",,"Film - BW","1:40000",3,"128796"
"13_00015",13,9270226,11005,"airphoto",1997,"1997-08-16",,"Film - Colour","1:20000",2,"349673"
"13_00015",13,9270226,11005,"airphoto",2000,"2000-09-15",,"Film - Colour","1:30000",2,"455441"
"13_00015",13,9270226,11005,"airphoto",2012,"2012-07-06",,"Digital - Colour","1:50000",5,"2050495"
"13_00015",13,9270226,11005,"orthophoto",2021,,0.149999999999978,,,1,
"13_00016",13,38309599,5011,"airphoto",1974,"1974-07-21",,"Film - BW","1:16000",6,"1316624"
"13_00016",13,38309599,5011,"airphoto",1985,"1985-07-16",,"Film - BW","1:15000",4,"851691"
"13_00016",13,38309599,5011,"airphoto",1988,"1988-07-20",,"Film - BW","1:20000",3,"970074"
"13_00016",13,38309599,5011,"airphoto",1990,"1990-07-29",,"Film - BW","1:15000",3,"1063831"
"13_00016",13,38309599,5011,"airphoto",1995,"1995-09-16",,"Film - BW","1:15000",3,"94775"
"13_00016",13,38309599,5011,"airphoto",1996,"1996-07-07",,"Film - BW","1:40000",6,"128586"
"13_00016",13,38309599,5011,"airphoto",1997,"1997-08-10",,"Film - Colour","1:20000",2,"348969"
"13_00016",13,38309599,5011,"airphoto",2000,"2000-09-15",,"Film - Colour","1:30000",2,"455503"
"13_00016",13,38309599,5011,"airphoto",2012,"2012-07-14",,"Digital - Colour","1:50000",3,"2053320"
"13_00017",13,19426459,11005,"airphoto",1971,"1971-08-30",,"Film - BW","1:31680",2,"1414886"
"13_00017",13,19426459,11005,"airphoto",1972,"1972-08-14",,"Film - BW","1:60000",3,"1384615"
"13_00017",13,19426459,11005,"airphoto",1973,"1973-08-11",,"Film - BW","1:15000",3,"1368235"
"13_00017",13,19426459,11005,"airphoto",1977,"1977-07-25",,"Film - BW","1:20000",5,"1204356"
"13_00017",13,19426459,11005,"airphoto",1984,"1984-07-24",,"Film - BW","1:60000",2,"322858"
"13_00017",13,19426459,11005,"airphoto",1985,"1985-05-19",,"Film - BW","1:15000",5,"842954"
"13_00017",13,19426459,11005,"airphoto",1988,"1988-08-07",,"Film - BW","1:20000",6,"970694"
"13_00017",13,19426459,11005,"airphoto",1991,"1991-07-31",,"Film - BW","1:15000",3,"599951"
"13_00017",13,19426459,11005,"airphoto",1996,"1996-07-07",,"Film - BW","1:40000",3,"128688"
"13_00017",13,19426459,11005,"airphoto",1997,"1997-08-12",,"Film - Colour","1:20000",6,"349308"
"13_00017",13,19426459,11005,"airphoto",2000,"2000-09-15",,"Film - Colour","1:30000",5,"455336"
"13_00017",13,19426459,11005,"airphoto",2006,"2006-09-05",,"Film - Colour","1:20000",3,"1588760"
"13_00017",13,19426459,11005,"airphoto",2012,"2012-07-06",,"Digital - Colour","1:50000",3,"2050204"
"13_00017",13,19426459,11005,"orthophoto",2021,,0.149999999999999,,,1,
"13_00018",13,18358027,11005,"airphoto",1975,"1975-09-08",,"Film - BW","1:15000",3,"1292713"
"13_00018",13,18358027,11005,"airphoto",1977,"1977-08-16",,"Film - BW","1:10000",10,"1203734"
"13_00018",13,18358027,11005,"airphoto",1980,"1980-08-12",,"Film - BW","1:20000",2,"721897"
"13_00018",13,18358027,11005,"airphoto",1984,"1984-07-24",,"Film - BW","1:60000",2,"322851"
"13_00018",13,18358027,11005,"airphoto",1985,"1985-06-20",,"Film - BW","1:15000",2,"851126"
"13_00018",13,18358027,11005,"airphoto",1987,"1987-06-28",,"Film - BW","1:40000",1,"908320"
"13_00018",13,18358027,11005,"airphoto",1988,"1988-08-07",,"Film - BW","1:20000",5,"970761"
"13_00018",13,18358027,11005,"airphoto",1991,"1991-07-31",,"Film - BW","1:15000",3,"599923"
"13_00018",13,18358027,11005,"airphoto",1996,"1996-07-07",,"Film - BW","1:40000",6,"128676"
"13_00018",13,18358027,11005,"airphoto",1997,"1997-08-17",,"Film - Colour","1:20000",3,"349333"
"13_00018",13,18358027,11005,"airphoto",2000,"2000-09-15",,"Film - Colour","1:30000",3,"455350"
"13_00018",13,18358027,11005,"airphoto",2005,"2005-07-25",,"Film - Colour","1:20000",2,"1529490"
"13_00018",13,18358027,11005,"airphoto",2012,"2012-07-06",,"Digital - Colour","1:50000",2,"2050234"
"13_00018",13,18358027,11005,"orthophoto",2021,,0.15,,,1,
"13_00019",13,24157841,11005,"airphoto",1971,"1971-08-12",,"Film - BW","1:31680",5,"1414830"
"13_00019",13,24157841,11005,"airphoto",1972,"1972-08-14",,"Film - BW","1:60000",3,"1384614"
"13_00019",13,24157841,11005,"airphoto",1973,"1973-09-11",,"Film - BW","1:15000",6,"1368525"
"13_00019",13,24157841,11005,"airphoto",1977,"1977-08-16",,"Film - BW","1:10000",11,"1204023"
"13_00019",13,24157841,11005,"airphoto",1980,"1980-08-12",,"Film - BW","1:20000",3,"721829"
"13_00019",13,24157841,11005,"airphoto",1984,"1984-09-14",,"Film - BW","1:18000",6,"681105"
"13_00019",13,24157841,11005,"airphoto",1985,"1985-07-09",,"Film - BW","1:15000",2,"851339"
"13_00019",13,24157841,11005,"airphoto",1988,"1988-08-07",,"Film - BW","1:20000",6,"970880"
"13_00019",13,24157841,11005,"airphoto",1990,"1990-07-26",,"Film - BW","1:15000",4,"1062533"
"13_00019",13,24157841,11005,"airphoto",1991,"1991-09-08",,"Film - BW","1:15000",2,"600456"
"13_00019",13,24157841,11005,"airphoto",1995,"1995-07-21",,"Film - BW","1:15000",4,"93716"
"13_00019",13,24157841,11005,"airphoto",1996,"1996-07-07",,"Film - BW","1:40000",4,"127903"
"13_00019",13,24157841,11005,"airphoto",1997,"1997-08-10",,"Film - Colour","1:20000",2,"349272"
"13_00019",13,24157841,11005,"airphoto",2000,"2000-09-15",,"Film - Colour","1:30000",4,"455313"
"13_00019",13,24157841,11005,"airphoto",2005,"2005-07-25",,"Film - Colour","1:20000",3,"1529423"
"13_00019",13,24157841,11005,"airphoto",2012,"2012-07-13",,"Digital - Colour","1:50000",5,"2052757"
"13_00019",13,24157841,11005,"orthophoto",2021,,0.150000000000002,,,1,
"13_00020",13,30849541,5011,"airphoto",1973,"1973-09-11",,"Film - BW","1:15000",2,"1368743"
"13_00020",13,30849541,5011,"airphoto",1980,"1980-08-12",,"Film - BW","1:20000",5,"721709"
"13_00020",13,30849541,5011,"airphoto",1985,"1985-07-16",,"Film - BW","1:15000",2,"851493"
"13_00020",13,30849541,5011,"airphoto",1988,"1988-09-03",,"Film - BW","1:20000",5,"971282"
"13_00020",13,30849541,5011,"airphoto",1990,"1990-07-29",,"Film - BW","1:15000",4,"1063502"
"13_00020",13,30849541,5011,"airphoto",1995,"1995-09-01",,"Film - BW","1:15000",6,"94094"
"13_00020",13,30849541,5011,"airphoto",1996,"1996-07-07",,"Film - BW","1:40000",3,"127975"
"13_00020",13,30849541,5011,"airphoto",1997,"1997-08-10",,"Film - Colour","1:20000",3,"349048"
"13_00020",13,30849541,5011,"airphoto",2000,"2000-08-04",,"Film - Colour","1:30000",2,"454609"
"13_00020",13,30849541,5011,"airphoto",2012,"2012-07-14",,"Digital - Colour","1:50000",5,"2053071"
"13_00021",13,40595041,11005,"airphoto",1974,"1974-08-01",,"Film - BW","1:16000",3,"1308680"
"13_00021",13,40595041,11005,"airphoto",1988,"1988-07-20",,"Film - BW","1:20000",3,"969834"
"13_00021",13,40595041,11005,"airphoto",1990,"1990-07-29",,"Film - BW","1:15000",3,"1063909"
"13_00021",13,40595041,11005,"airphoto",1995,"1995-09-16",,"Film - BW","1:15000",3,"94915"
"13_00021",13,40595041,11005,"airphoto",1996,"1996-07-12",,"Film - BW","1:40000",7,"129582"
"13_00021",13,40595041,11005,"airphoto",2000,"2000-09-15",,"Film - Colour","1:30000",5,"455486"
"13_00021",13,40595041,11005,"airphoto",2002,"2002-08-16",,"Film - Colour","1:15000",6,"644918"
"13_00021",13,40595041,11005,"airphoto",2012,"2012-07-14",,"Digital - Colour","1:50000",3,"2053469"
"13_00022",13,38738902,5011,"airphoto",1974,"1974-07-21",,"Film - BW","1:16000",2,"1316623"
"13_00022",13,38738902,5011,"airphoto",1979,"1979-08-24",,"Film - BW","1:15840",2,"1123505"
"13_00022",13,38738902,5011,"airphoto",1985,"1985-07-16",,"Film - BW","1:15000",4,"851690"
"13_00022",13,38738902,5011,"airphoto",1987,"1987-08-06",,"Film - Colour","1:10000",2,"528286"
"13_00022",13,38738902,5011,"airphoto",1988,"1988-07-20",,"Film - BW","1:20000",4,"970074"
"13_00022",13,38738902,5011,"airphoto",1990,"1990-07-29",,"Film - BW","1:15000",2,"1063831"
"13_00022",13,38738902,5011,"airphoto",1995,"1995-09-16",,"Film - BW","1:15000",2,"94775"
"13_00022",13,38738902,5011,"airphoto",1996,"1996-07-07",,"Film - BW","1:40000",4,"128585"
"13_00022",13,38738902,5011,"airphoto",1997,"1997-08-10",,"Film - Colour","1:20000",3,"348969"
"13_00022",13,38738902,5011,"airphoto",2000,"2000-09-15",,"Film - Colour","1:30000",2,"455502"
"13_00022",13,38738902,5011,"airphoto",2012,"2012-07-14",,"Digital - Colour","1:50000",3,"2053320"
"13_00023",13,17849711,11005,"airphoto",1976,"1976-05-07",,"Film - BW","1:18000",3,"1225002"
"13_00023",13,17849711,11005,"airphoto",1977,"1977-08-16",,"Film - BW","1:10000",5,"1203793"
"13_00023",13,17849711,11005,"airphoto",1984,"1984-09-14",,"Film - BW","1:18000",13,"681190"
"13_00023",13,17849711,11005,"airphoto",1985,"1985-06-20",,"Film - BW","1:15000",1,"851134"
"13_00023",13,17849711,11005,"airphoto",1988,"1988-08-07",,"Film - BW","1:20000",2,"970769"
"13_00023",13,17849711,11005,"airphoto",1991,"1991-07-22",,"Film - BW","1:15000",6,"599406"
"13_00023",13,17849711,11005,"airphoto",1996,"1996-07-07",,"Film - BW","1:40000",4,"128680"
"13_00023",13,17849711,11005,"airphoto",1997,"1997-08-17",,"Film - Colour","1:20000",2,"349325"
"13_00023",13,17849711,11005,"airphoto",2000,"2000-09-15",,"Film - Colour","1:30000",2,"455344"
"13_00023",13,17849711,11005,"airphoto",2005,"2005-07-25",,"Film - Colour","1:20000",1,"1529498"
"13_00023",13,17849711,11005,"airphoto",2012,"2012-07-06",,"Digital - Colour","1:50000",3,"2050222"
"13_00023",13,17849711,11005,"orthophoto",2021,,0.149999999999999,,,1,
"13_00024",13,31597524,5011,"airphoto",1973,"1973-09-15",,"Film - BW","1:15000",3,"1368883"
"13_00024",13,31597524,5011,"airphoto",1980,"1980-08-12",,"Film - BW","1:20000",3,"721690"
"13_00024",13,31597524,5011,"airphoto",1985,"1985-07-16",,"Film - BW","1:15000",2,"851554"
"13_00024",13,31597524,5011,"airphoto",1988,"1988-09-03",,"Film - BW","1:20000",3,"971302"
"13_00024",13,31597524,5011,"airphoto",1990,"1990-07-29",,"Film - BW","1:15000",3,"1063529"
"13_00024",13,31597524,5011,"airphoto",1991,"1991-09-08",,"Film - BW","1:15000",2,"600310"
"13_00024",13,31597524,5011,"airphoto",1996,"1996-07-07",,"Film - BW","1:40000",4,"127985"
"13_00024",13,31597524,5011,"airphoto",1997,"1997-08-10",,"Film - Colour","1:20000",2,"349029"
"13_00024",13,31597524,5011,"airphoto",2000,"2000-09-15",,"Film - Colour","1:30000",6,"455522"
"13_00024",13,31597524,5011,"airphoto",2002,"2002-08-16",,"Film - Colour","1:15000",2,"645077"
"13_00024",13,31597524,5011,"airphoto",2005,"2005-07-25",,"Film - Colour","1:20000",2,"1529480"
"13_00024",13,31597524,5011,"airphoto",2012,"2012-07-14",,"Digital - Colour","1:50000",2,"2053096"
"13_00025",13,24104257,11005,"airphoto",1971,"1971-08-12",,"Film - BW","1:31680",2,"1414830"
"13_00025",13,24104257,11005,"airphoto",1972,"1972-08-14",,"Film - BW","1:60000",3,"1384614"
"13_00025",13,24104257,11005,"airphoto",1973,"1973-09-11",,"Film - BW","1:15000",4,"1368525"
"13_00025",13,24104257,11005,"airphoto",1977,"1977-08-16",,"Film - BW","1:10000",10,"1204024"
"13_00025",13,24104257,11005,"airphoto",1980,"1980-08-12",,"Film - BW","1:20000",2,"721829"
"13_00025",13,24104257,11005,"airphoto",1984,"1984-07-24",,"Film - BW","1:60000",2,"322857"
"13_00025",13,24104257,11005,"airphoto",1985,"1985-07-09",,"Film - BW","1:15000",1,"851339"
"13_00025",13,24104257,11005,"airphoto",1988,"1988-08-07",,"Film - BW","1:20000",5,"970881"
"13_00025",13,24104257,11005,"airphoto",1990,"1990-07-26",,"Film - BW","1:15000",4,"1062533"
"13_00025",13,24104257,11005,"airphoto",1991,"1991-09-08",,"Film - BW","1:15000",2,"600456"
"13_00025",13,24104257,11005,"airphoto",1995,"1995-07-21",,"Film - BW","1:15000",4,"93715"
"13_00025",13,24104257,11005,"airphoto",1996,"1996-07-07",,"Film - BW","1:40000",4,"127904"
"13_00025",13,24104257,11005,"airphoto",1997,"1997-08-10",,"Film - Colour","1:20000",3,"349272"
"13_00025",13,24104257,11005,"airphoto",2000,"2000-09-15",,"Film - Colour","1:30000",6,"455314"
"13_00025",13,24104257,11005,"airphoto",2005,"2005-07-25",,"Film - Colour","1:20000",2,"1529424"
"13_00025",13,24104257,11005,"airphoto",2012,"2012-07-13",,"Digital - Colour","1:50000",6,"2052756"
"13_00025",13,24104257,11005,"orthophoto",2021,,0.150000000000002,,,1,
"13_00026",13,13920858,5011,"airphoto",1977,"1977-07-25",,"Film - BW","1:20000",5,"1204336"
"13_00026",13,13920858,5011,"airphoto",1984,"1984-07-24",,"Film - BW","1:60000",5,"322893"
"13_00026",13,13920858,5011,"airphoto",1985,"1985-06-20",,"Film - BW","1:15000",4,"851078"
"13_00026",13,13920858,5011,"airphoto",1987,"1987-06-28",,"Film - BW","1:40000",2,"908319"
"13_00026",13,13920858,5011,"airphoto",1988,"1988-08-07",,"Film - BW","1:20000",2,"970830"
"13_00026",13,13920858,5011,"airphoto",1991,"1991-07-22",,"Film - BW","1:15000",3,"599327"
"13_00026",13,13920858,5011,"airphoto",1996,"1996-07-07",,"Film - BW","1:40000",3,"128770"
"13_00026",13,13920858,5011,"airphoto",1997,"1997-08-17",,"Film - Colour","1:20000",6,"349419"
"13_00026",13,13920858,5011,"airphoto",2000,"2000-09-15",,"Film - Colour","1:30000",3,"455395"
"13_00026",13,13920858,5011,"airphoto",2005,"2005-07-25",,"Film - Colour","1:20000",3,"1529509"
"13_00026",13,13920858,5011,"airphoto",2012,"2012-07-06",,"Digital - Colour","1:50000",3,"2050315"
"13_00026",13,13920858,5011,"orthophoto",2021,,0.149999999999999,,,1,
"13_00027",13,18697069,5011,"airphoto",1975,"1975-09-08",,"Film - BW","1:15000",5,"1292687"
"13_00027",13,18697069,5011,"airphoto",1977,"1977-08-16",,"Film - BW","1:10000",8,"1203744"
"13_00027",13,18697069,5011,"airphoto",1980,"1980-08-12",,"Film - BW","1:20000",3,"721892"
"13_00027",13,18697069,5011,"airphoto",1984,"1984-07-24",,"Film - BW","1:60000",3,"322850"
"13_00027",13,18697069,5011,"airphoto",1985,"1985-06-20",,"Film - BW","1:15000",2,"851121"
"13_00027",13,18697069,5011,"airphoto",1987,"1987-06-28",,"Film - BW","1:40000",2,"908319"
"13_00027",13,18697069,5011,"airphoto",1988,"1988-08-27",,"Film - Colour","1:10000",6,"998527"
"13_00027",13,18697069,5011,"airphoto",1991,"1991-07-31",,"Film - BW","1:15000",2,"599917"
"13_00027",13,18697069,5011,"airphoto",1996,"1996-07-07",,"Film - BW","1:40000",3,"128673"
"13_00027",13,18697069,5011,"airphoto",1997,"1997-08-17",,"Film - Colour","1:20000",5,"349338"
"13_00027",13,18697069,5011,"airphoto",2000,"2000-09-15",,"Film - Colour","1:30000",6,"455353"
"13_00027",13,18697069,5011,"airphoto",2012,"2012-07-06",,"Digital - Colour","1:50000",5,"2050240"
"13_00027",13,18697069,5011,"orthophoto",2021,,0.150000000000002,,,1,
"13_00028",13,35974931,5011,"airphoto",1973,"1973-09-15",,"Film - BW","1:15000",2,"1368942"
"13_00028",13,35974931,5011,"airphoto",1974,"1974-07-21",,"Film - BW","1:16000",2,"1316487"
"13_00028",13,35974931,5011,"airphoto",1980,"1980-08-12",,"Film - BW","1:20000",2,"721274"
"13_00028",13,35974931,5011,"airphoto",1985,"1985-07-16",,"Film - BW","1:15000",2,"851651"
"13_00028",13,35974931,5011,"airphoto",1988,"1988-07-20",,"Film - BW","1:20000",5,"970174"
"13_00028",13,35974931,5011,"airphoto",1990,"1990-07-29",,"Film - BW","1:15000",3,"1063690"
"13_00028",13,35974931,5011,"airphoto",1995,"1995-09-16",,"Film - BW","1:15000",2,"94739"
"13_00028",13,35974931,5011,"airphoto",1996,"1996-07-07",,"Film - BW","1:40000",2,"128648"
"13_00028",13,35974931,5011,"airphoto",1997,"1997-08-10",,"Film - Colour","1:20000",2,"348972"
"13_00028",13,35974931,5011,"airphoto",2000,"2000-09-15",,"Film - Colour","1:30000",2,"455234"
"13_00028",13,35974931,5011,"airphoto",2012,"2012-07-14",,"Digital - Colour","1:50000",3,"2053285"
"13_00029",13,13484583,5011,"airphoto",1977,"1977-08-16",,"Film - BW","1:10000",11,"1203944"
"13_00029",13,13484583,5011,"airphoto",1984,"1984-08-12",,"Film - BW","1:18000",12,"681059"
"13_00029",13,13484583,5011,"airphoto",1985,"1985-06-20",,"Film - BW","1:15000",2,"850941"
"13_00029",13,13484583,5011,"airphoto",1988,"1988-08-07",,"Film - BW","1:20000",5,"970820"
"13_00029",13,13484583,5011,"airphoto",1991,"1991-07-22",,"Film - BW","1:15000",5,"599252"
"13_00029",13,13484583,5011,"airphoto",1996,"1996-07-07",,"Film - BW","1:40000",4,"128764"
"13_00029",13,13484583,5011,"airphoto",1997,"1997-08-17",,"Film - Colour","1:20000",6,"349491"
"13_00029",13,13484583,5011,"airphoto",2000,"2000-09-15",,"Film - Colour","1:30000",2,"455402"
"13_00029",13,13484583,5011,"airphoto",2005,"2005-07-25",,"Film - Colour","1:20000",2,"1529499"
"13_00029",13,13484583,5011,"airphoto",2012,"2012-07-06",,"Digital - Colour","1:50000",6,"2050330"
"13_00029",13,13484583,5011,"orthophoto",2021,,0.15,,,2,
"13_00030",13,25553494,5011,"airphoto",1971,"1971-08-12",,"Film - BW","1:31680",2,"1414829"
"13_00030",13,25553494,5011,"airphoto",1972,"1972-08-14",,"Film - BW","1:60000",3,"1384615"
"13_00030",13,25553494,5011,"airphoto",1973,"1973-09-11",,"Film - BW","1:15000",2,"1368570"
"13_00030",13,25553494,5011,"airphoto",1977,"1977-08-16",,"Film - BW","1:10000",7,"1204026"
"13_00030",13,25553494,5011,"airphoto",1980,"1980-08-12",,"Film - BW","1:20000",6,"721800"
"13_00030",13,25553494,5011,"airphoto",1985,"1985-07-09",,"Film - BW","1:15000",2,"851406"
"13_00030",13,25553494,5011,"airphoto",1988,"1988-08-12",,"Film - BW","1:20000",5,"971016"
"13_00030",13,25553494,5011,"airphoto",1990,"1990-07-26",,"Film - BW","1:15000",5,"1062665"
"13_00030",13,25553494,5011,"airphoto",1991,"1991-09-08",,"Film - BW","1:15000",2,"600450"
"13_00030",13,25553494,5011,"airphoto",1995,"1995-07-21",,"Film - BW","1:15000",2,"93719"
"13_00030",13,25553494,5011,"airphoto",1996,"1996-07-07",,"Film - BW","1:40000",3,"127904"
"13_00030",13,25553494,5011,"airphoto",1997,"1997-08-10",,"Film - Colour","1:20000",6,"349120"
"13_00030",13,25553494,5011,"airphoto",2000,"2000-08-04",,"Film - Colour","1:30000",2,"454630"
"13_00030",13,25553494,5011,"airphoto",2005,"2005-07-25",,"Film - Colour","1:20000",5,"1529429"
"13_00030",13,25553494,5011,"airphoto",2012,"2012-07-13",,"Digital - Colour","1:50000",3,"2052755"
"13_00030",13,25553494,5011,"orthophoto",2021,,0.149999999999998,,,1,
"14_00001",14,30420054,5002,"airphoto",1973,"1973-09-11",,"Film - BW","1:15000",2,"1368744"
"14_00001",14,30420054,5002,"airphoto",1980,"1980-08-12",,"Film - BW","1:20000",5,"721726"
"14_00001",14,30420054,5002,"airphoto",1985,"1985-07-16",,"Film - BW","1:15000",2,"851493"
"14_00001",14,30420054,5002,"airphoto",1988,"1988-07-21",,"Film - BW","1:20000",3,"970534"
"14_00001",14,30420054,5002,"airphoto",1990,"1990-07-26",,"Film - BW","1:15000",2,"1062723"
"14_00001",14,30420054,5002,"airphoto",1995,"1995-09-01",,"Film - BW","1:15000",3,"94093"
"14_00001",14,30420054,5002,"airphoto",1996,"1996-07-07",,"Film - BW","1:40000",2,"127976"
"14_00001",14,30420054,5002,"airphoto",1997,"1997-08-10",,"Film - Colour","1:20000",3,"349048"
"14_00001",14,30420054,5002,"airphoto",2000,"2000-08-04",,"Film - Colour","1:30000",3,"454608"
"14_00001",14,30420054,5002,"airphoto",2005,"2005-07-25",,"Film - Colour","1:20000",1,"1529462"
"14_00001",14,30420054,5002,"airphoto",2012,"2012-07-14",,"Digital - Colour","1:50000",5,"2053036"
"14_00002",14,22402212,5002,"airphoto",1973,"1973-09-11",,"Film - BW","1:15000",2,"1368508"
"14_00002",14,22402212,5002,"airphoto",1977,"1977-07-25",,"Film - BW","1:20000",6,"1204463"
"14_00002",14,22402212,5002,"airphoto",1980,"1980-08-12",,"Film - BW","1:20000",2,"721842"
"14_00002",14,22402212,5002,"airphoto",1984,"1984-09-14",,"Film - BW","1:18000",11,"681075"
"14_00002",14,22402212,5002,"airphoto",1985,"1985-07-09",,"Film - BW","1:15000",3,"851357"
"14_00002",14,22402212,5002,"airphoto",1988,"1988-08-07",,"Film - BW","1:20000",2,"970867"
"14_00002",14,22402212,5002,"airphoto",1990,"1990-07-26",,"Film - BW","1:15000",3,"1062549"
"14_00002",14,22402212,5002,"airphoto",1991,"1991-09-08",,"Film - BW","1:15000",5,"600473"
"14_00002",14,22402212,5002,"airphoto",1996,"1996-07-07",,"Film - BW","1:40000",6,"127896"
"14_00002",14,22402212,5002,"airphoto",1997,"1997-08-10",,"Film - Colour","1:20000",5,"349258"
"14_00002",14,22402212,5002,"airphoto",2000,"2000-09-15",,"Film - Colour","1:30000",3,"455305"
"14_00002",14,22402212,5002,"airphoto",2005,"2005-07-25",,"Film - Colour","1:20000",6,"1529410"
"14_00002",14,22402212,5002,"airphoto",2012,"2012-07-13",,"Digital - Colour","1:50000",6,"2052694"
"14_00002",14,22402212,5002,"orthophoto",2021,,0.15,,,1,
"14_00003",14,37416117,5002,"airphoto",1974,"1974-07-21",,"Film - BW","1:16000",2,"1316480"
"14_00003",14,37416117,5002,"airphoto",1977,"1977-08-14",,"Film - BW","1:20000",2,"1198815"
"14_00003",14,37416117,5002,"airphoto",1985,"1985-05-15",,"Film - Colour","1:10000",6,"855847"
"14_00003",14,37416117,5002,"airphoto",1988,"1988-07-20",,"Film - BW","1:20000",2,"970069"
"14_00003",14,37416117,5002,"airphoto",1990,"1990-07-29",,"Film - BW","1:15000",6,"1063682"
"14_00003",14,37416117,5002,"airphoto",1994,"1994-07-27",,"Film - BW","1:15000",2,"74686"
"14_00003",14,37416117,5002,"airphoto",1995,"1995-09-16",,"Film - BW","1:15000",5,"94746"
"14_00003",14,37416117,5002,"airphoto",1996,"1996-07-07",,"Film - BW","1:40000",6,"128645"
"14_00003",14,37416117,5002,"airphoto",2000,"2000-09-23",,"Film - BW","1:15000",12,"468303"
"14_00003",14,37416117,5002,"airphoto",2006,"2006-08-19",,"Film - Colour","1:20000",5,"1586911"
"14_00003",14,37416117,5002,"airphoto",2012,"2012-07-14",,"Digital - Colour","1:50000",4,"2053312"
"14_00004",14,13681400,5002,"airphoto",1977,"1977-08-16",,"Film - BW","1:10000",10,"1203944"
"14_00004",14,13681400,5002,"airphoto",1984,"1984-08-12",,"Film - BW","1:18000",14,"681060"
"14_00004",14,13681400,5002,"airphoto",1985,"1985-06-20",,"Film - BW","1:15000",2,"850941"
"14_00004",14,13681400,5002,"airphoto",1988,"1988-08-07",,"Film - BW","1:20000",5,"970820"
"14_00004",14,13681400,5002,"airphoto",1991,"1991-07-22",,"Film - BW","1:15000",5,"599253"
"14_00004",14,13681400,5002,"airphoto",1996,"1996-07-07",,"Film - BW","1:40000",4,"128763"
"14_00004",14,13681400,5002,"airphoto",1997,"1997-08-17",,"Film - Colour","1:20000",5,"349491"
"14_00004",14,13681400,5002,"airphoto",2000,"2000-09-15",,"Film - Colour","1:30000",2,"455402"
"14_00004",14,13681400,5002,"airphoto",2005,"2005-07-25",,"Film - Colour","1:20000",2,"1529499"
"14_00004",14,13681400,5002,"airphoto",2012,"2012-07-06",,"Digital - Colour","1:50000",4,"2050330"
"14_00004",14,13681400,5002,"orthophoto",2021,,0.15,,,1,
"14_00005",14,20212405,5002,"airphoto",1971,"1971-08-12",,"Film - BW","1:31680",2,"1414809"
"14_00005",14,20212405,5002,"airphoto",1972,"1972-08-14",,"Film - BW","1:60000",3,"1384613"
"14_00005",14,20212405,5002,"airphoto",1975,"1975-09-08",,"Film - BW","1:15000",3,"1292733"
"14_00005",14,20212405,5002,"airphoto",1976,"1976-05-07",,"Film - BW","1:18000",2,"1225009"
"14_00005",14,20212405,5002,"airphoto",1977,"1977-08-16",,"Film - BW","1:10000",7,"1204157"
"14_00005",14,20212405,5002,"airphoto",1980,"1980-08-12",,"Film - BW","1:20000",2,"721911"
"14_00005",14,20212405,5002,"airphoto",1984,"1984-09-14",,"Film - BW","1:18000",13,"681113"
"14_00005",14,20212405,5002,"airphoto",1985,"1985-07-09",,"Film - BW","1:15000",2,"851205"
"14_00005",14,20212405,5002,"airphoto",1988,"1988-08-07",,"Film - BW","1:20000",2,"970700"
"14_00005",14,20212405,5002,"airphoto",1991,"1991-07-31",,"Film - BW","1:15000",5,"599943"
"14_00005",14,20212405,5002,"airphoto",1996,"1996-07-07",,"Film - BW","1:40000",3,"128684"
"14_00005",14,20212405,5002,"airphoto",1997,"1997-08-10",,"Film - Colour","1:20000",2,"349148"
"14_00005",14,20212405,5002,"airphoto",2000,"2000-09-15",,"Film - Colour","1:30000",6,"455311"
"14_00005",14,20212405,5002,"airphoto",2006,"2006-09-05",,"Film - Colour","1:20000",6,"1588753"
"14_00005",14,20212405,5002,"airphoto",2012,"2012-07-13",,"Digital - Colour","1:50000",6,"2052705"
"14_00005",14,20212405,5002,"orthophoto",2021,,0.150000000000001,,,1,
"14_00006",14,15337168,5002,"airphoto",1973,"1973-08-11",,"Film - BW","1:15000",2,"1368191"
"14_00006",14,15337168,5002,"airphoto",1977,"1977-08-16",,"Film - BW","1:10000",5,"1203934"
"14_00006",14,15337168,5002,"airphoto",1984,"1984-08-12",,"Film - BW","1:18000",13,"680999"
"14_00006",14,15337168,5002,"airphoto",1985,"1985-06-20",,"Film - BW","1:15000",2,"851060"
"14_00006",14,15337168,5002,"airphoto",1988,"1988-08-07",,"Film - BW","1:20000",2,"970815"
"14_00006",14,15337168,5002,"airphoto",1991,"1991-07-22",,"Film - BW","1:15000",3,"599304"
"14_00006",14,15337168,5002,"airphoto",1996,"1996-07-07",,"Film - BW","1:40000",2,"128761"
"14_00006",14,15337168,5002,"airphoto",1997,"1997-08-17",,"Film - Colour","1:20000",2,"349435"
"14_00006",14,15337168,5002,"airphoto",2000,"2000-09-15",,"Film - Colour","1:30000",6,"455406"
"14_00006",14,15337168,5002,"airphoto",2006,"2006-09-05",,"Film - Colour","1:20000",2,"1588811"
"14_00006",14,15337168,5002,"airphoto",2012,"2012-07-06",,"Digital - Colour","1:50000",2,"2050337"
"14_00006",14,15337168,5002,"orthophoto",2021,,0.150000000000002,,,1,
"14_00007",14,11524505,2005,"airphoto",1977,"1977-08-16",,"Film - BW","1:10000",5,"1204237"
"14_00007",14,11524505,2005,"airphoto",1984,"1984-07-24",,"Film - BW","1:60000",2,"322892"
"14_00007",14,11524505,2005,"airphoto",1985,"1985-06-20",,"Film - BW","1:15000",1,"850935"
"14_00007",14,11524505,2005,"airphoto",1988,"1988-07-21",,"Film - BW","1:20000",3,"970456"
"14_00007",14,11524505,2005,"airphoto",1991,"1991-07-22",,"Film - BW","1:15000",5,"599244"
"14_00007",14,11524505,2005,"airphoto",1996,"1996-07-07",,"Film - BW","1:40000",6,"128796"
"14_00007",14,11524505,2005,"airphoto",1997,"1997-08-17",,"Film - Colour","1:20000",3,"349497"
"14_00007",14,11524505,2005,"airphoto",2000,"2000-09-15",,"Film - Colour","1:30000",5,"455398"
"14_00007",14,11524505,2005,"airphoto",2005,"2005-07-25",,"Film - Colour","1:20000",3,"1529515"
"14_00007",14,11524505,2005,"airphoto",2012,"2012-07-06",,"Digital - Colour","1:50000",3,"2050411"
"14_00007",14,11524505,2005,"orthophoto",2021,,0.149999999999999,,,1,
"14_00008",14,16169364,2005,"airphoto",1972,"1972-08-14",,"Film - BW","1:60000",3,"1384613"
"14_00008",14,16169364,2005,"airphoto",1973,"1973-08-11",,"Film - BW","1:15000",2,"1368189"
"14_00008",14,16169364,2005,"airphoto",1977,"1977-08-16",,"Film - BW","1:10000",5,"1203828"
"14_00008",14,16169364,2005,"airphoto",1984,"1984-08-12",,"Film - BW","1:18000",15,"681003"
"14_00008",14,16169364,2005,"airphoto",1985,"1985-06-20",,"Film - BW","1:15000",2,"851058"
"14_00008",14,16169364,2005,"airphoto",1988,"1988-08-07",,"Film - BW","1:20000",6,"970776"
"14_00008",14,16169364,2005,"airphoto",1991,"1991-07-22",,"Film - BW","1:15000",6,"599416"
"14_00008",14,16169364,2005,"airphoto",1996,"1996-07-07",,"Film - BW","1:40000",4,"128760"
"14_00008",14,16169364,2005,"airphoto",1997,"1997-08-17",,"Film - Colour","1:20000",6,"349437"
"14_00008",14,16169364,2005,"airphoto",2000,"2000-09-15",,"Film - Colour","1:30000",6,"455340"
"14_00008",14,16169364,2005,"airphoto",2006,"2006-09-05",,"Film - Colour","1:20000",2,"1588810"
"14_00008",14,16169364,2005,"airphoto",2012,"2012-07-06",,"Digital - Colour","1:50000",4,"2050340"
"14_00008",14,16169364,2005,"orthophoto",2021,,0.15,,,2,
"14_00009",14,23090523,2005,"airphoto",1973,"1973-09-11",,"Film - BW","1:15000",2,"1368504"
"14_00009",14,23090523,2005,"airphoto",1977,"1977-07-25",,"Film - BW","1:20000",2,"1204465"
"14_00009",14,23090523,2005,"airphoto",1980,"1980-08-12",,"Film - BW","1:20000",3,"721844"
"14_00009",14,23090523,2005,"airphoto",1984,"1984-07-24",,"Film - BW","1:60000",2,"322852"
"14_00009",14,23090523,2005,"airphoto",1985,"1985-07-09",,"Film - BW","1:15000",2,"851359"
"14_00009",14,23090523,2005,"airphoto",1988,"1988-08-07",,"Film - BW","1:20000",2,"970864"
"14_00009",14,23090523,2005,"airphoto",1990,"1990-07-26",,"Film - BW","1:15000",5,"1062553"
"14_00009",14,23090523,2005,"airphoto",1991,"1991-09-08",,"Film - BW","1:15000",2,"600477"
"14_00009",14,23090523,2005,"airphoto",1996,"1996-07-07",,"Film - BW","1:40000",4,"127895"
"14_00009",14,23090523,2005,"airphoto",1997,"1997-08-10",,"Film - Colour","1:20000",3,"349256"
"14_00009",14,23090523,2005,"airphoto",2000,"2000-09-15",,"Film - Colour","1:30000",7,"455303"
"14_00009",14,23090523,2005,"airphoto",2012,"2012-07-13",,"Digital - Colour","1:50000",5,"2052779"
"14_00009",14,23090523,2005,"orthophoto",2021,,0.149999999999999,,,1,
"14_00010",14,15694967,5002,"airphoto",1972,"1972-08-14",,"Film - BW","1:60000",2,"1384612"
"14_00010",14,15694967,5002,"airphoto",1973,"1973-08-11",,"Film - BW","1:15000",2,"1368191"
"14_00010",14,15694967,5002,"airphoto",1977,"1977-08-16",,"Film - BW","1:10000",5,"1203934"
"14_00010",14,15694967,5002,"airphoto",1984,"1984-08-12",,"Film - BW","1:18000",13,"680999"
"14_00010",14,15694967,5002,"airphoto",1985,"1985-06-20",,"Film - BW","1:15000",2,"851060"
"14_00010",14,15694967,5002,"airphoto",1988,"1988-08-07",,"Film - BW","1:20000",4,"970815"
"14_00010",14,15694967,5002,"airphoto",1991,"1991-07-22",,"Film - BW","1:15000",5,"599304"
"14_00010",14,15694967,5002,"airphoto",1996,"1996-07-07",,"Film - BW","1:40000",2,"128761"
"14_00010",14,15694967,5002,"airphoto",1997,"1997-08-17",,"Film - Colour","1:20000",2,"349435"
"14_00010",14,15694967,5002,"airphoto",2000,"2000-09-15",,"Film - Colour","1:30000",6,"455341"
"14_00010",14,15694967,5002,"airphoto",2006,"2006-09-05",,"Film - Colour","1:20000",2,"1588811"
"14_00010",14,15694967,5002,"airphoto",2012,"2012-07-06",,"Digital - Colour","1:50000",2,"2050337"
"14_00010",14,15694967,5002,"orthophoto",2021,,0.150000000000002,,,1,
"14_00011",14,11050966,2005,"airphoto",1977,"1977-08-16",,"Film - BW","1:10000",4,"1204230"
"14_00011",14,11050966,2005,"airphoto",1980,"1980-08-12",,"Film - BW","1:20000",2,"721637"
"14_00011",14,11050966,2005,"airphoto",1984,"1984-09-14",,"Film - BW","1:18000",5,"681203"
"14_00011",14,11050966,2005,"airphoto",1985,"1985-06-20",,"Film - BW","1:15000",3,"850938"
"14_00011",14,11050966,2005,"airphoto",1988,"1988-07-21",,"Film - BW","1:20000",3,"970459"
"14_00011",14,11050966,2005,"airphoto",1991,"1991-07-22",,"Film - BW","1:15000",3,"599643"
"14_00011",14,11050966,2005,"airphoto",1996,"1996-07-07",,"Film - BW","1:40000",6,"128798"
"14_00011",14,11050966,2005,"airphoto",1997,"1997-08-17",,"Film - Colour","1:20000",5,"349494"
"14_00011",14,11050966,2005,"airphoto",2000,"2000-09-15",,"Film - Colour","1:30000",5,"455439"
"14_00011",14,11050966,2005,"airphoto",2005,"2005-07-25",,"Film - Colour","1:20000",3,"1529518"
"14_00011",14,11050966,2005,"airphoto",2012,"2012-07-06",,"Digital - Colour","1:50000",3,"2050407"
"14_00011",14,11050966,2005,"orthophoto",2021,,0.150000000000002,,,1,
"14_00012",14,3025842,5002,"airphoto",1980,"1980-08-12",,"Film - BW","1:20000",6,"721557"
"14_00012",14,3025842,5002,"airphoto",1984,"1984-07-24",,"Film - BW","1:60000",2,"322723"
"14_00012",14,3025842,5002,"airphoto",1985,"1985-06-20",,"Film - BW","1:15000",2,"850717"
"14_00012",14,3025842,5002,"airphoto",1988,"1988-07-21",,"Film - BW","1:20000",3,"970279"
"14_00012",14,3025842,5002,"airphoto",1991,"1991-07-22",,"Film - BW","1:15000",3,"599070"
"14_00012",14,3025842,5002,"airphoto",1996,"1996-07-12",,"Film - BW","1:40000",6,"129996"
"14_00012",14,3025842,5002,"airphoto",1997,"1997-08-14",,"Film - Colour","1:20000",3,"349595"
"14_00012",14,3025842,5002,"airphoto",2000,"2000-09-15",,"Film - Colour","1:30000",5,"455563"
"14_00012",14,3025842,5002,"airphoto",2012,"2012-07-13",,"Digital - Colour","1:50000",5,"2052103"
"14_00013",14,35876479,5002,"airphoto",1973,"1973-09-15",,"Film - BW","1:15000",3,"1368943"
"14_00013",14,35876479,5002,"airphoto",1974,"1974-07-21",,"Film - BW","1:16000",2,"1316488"
"14_00013",14,35876479,5002,"airphoto",1980,"1980-08-12",,"Film - BW","1:20000",2,"721275"
"14_00013",14,35876479,5002,"airphoto",1985,"1985-07-16",,"Film - BW","1:15000",2,"851651"
"14_00013",14,35876479,5002,"airphoto",1988,"1988-07-20",,"Film - BW","1:20000",4,"970174"
"14_00013",14,35876479,5002,"airphoto",1990,"1990-07-29",,"Film - BW","1:15000",3,"1063691"
"14_00013",14,35876479,5002,"airphoto",1995,"1995-09-16",,"Film - BW","1:15000",6,"94738"
"14_00013",14,35876479,5002,"airphoto",1996,"1996-07-07",,"Film - BW","1:40000",2,"128649"
"14_00013",14,35876479,5002,"airphoto",1997,"1997-08-10",,"Film - Colour","1:20000",3,"348972"
"14_00013",14,35876479,5002,"airphoto",2000,"2000-09-15",,"Film - Colour","1:30000",3,"455234"
"14_00013",14,35876479,5002,"airphoto",2012,"2012-07-14",,"Digital - Colour","1:50000",2,"2053284"
"14_00014",14,14556285,2005,"airphoto",1977,"1977-07-25",,"Film - BW","1:20000",9,"1204338"
"14_00014",14,14556285,2005,"airphoto",1984,"1984-07-24",,"Film - BW","1:60000",5,"322851"
"14_00014",14,14556285,2005,"airphoto",1985,"1985-06-20",,"Film - BW","1:15000",3,"851076"
"14_00014",14,14556285,2005,"airphoto",1987,"1987-06-28",,"Film - BW","1:40000",1,"908320"
"14_00014",14,14556285,2005,"airphoto",1988,"1988-08-07",,"Film - BW","1:20000",2,"970829"
"14_00014",14,14556285,2005,"airphoto",1991,"1991-07-22",,"Film - BW","1:15000",2,"599324"
"14_00014",14,14556285,2005,"airphoto",1996,"1996-07-07",,"Film - BW","1:40000",3,"128769"
"14_00014",14,14556285,2005,"airphoto",1997,"1997-08-17",,"Film - Colour","1:20000",3,"349421"
"14_00014",14,14556285,2005,"airphoto",2000,"2000-09-15",,"Film - Colour","1:30000",4,"455396"
"14_00014",14,14556285,2005,"airphoto",2005,"2005-07-25",,"Film - Colour","1:20000",2,"1529508"
"14_00014",14,14556285,2005,"airphoto",2012,"2012-07-06",,"Digital - Colour","1:50000",2,"2050318"
"14_00014",14,14556285,2005,"orthophoto",2021,,0.149999999999998,,,1,
"14_00015",14,15730750,5002,"airphoto",1972,"1972-08-14",,"Film - BW","1:60000",2,"1384612"
"14_00015",14,15730750,5002,"airphoto",1973,"1973-08-11",,"Film - BW","1:15000",2,"1368191"
"14_00015",14,15730750,5002,"airphoto",1977,"1977-08-16",,"Film - BW","1:10000",7,"1203934"
"14_00015",14,15730750,5002,"airphoto",1984,"1984-08-12",,"Film - BW","1:18000",13,"680999"
"14_00015",14,15730750,5002,"airphoto",1985,"1985-06-20",,"Film - BW","1:15000",2,"851060"
"14_00015",14,15730750,5002,"airphoto",1988,"1988-08-07",,"Film - BW","1:20000",4,"970815"
"14_00015",14,15730750,5002,"airphoto",1991,"1991-07-22",,"Film - BW","1:15000",5,"599304"
"14_00015",14,15730750,5002,"airphoto",1996,"1996-07-07",,"Film - BW","1:40000",2,"128761"
"14_00015",14,15730750,5002,"airphoto",1997,"1997-08-17",,"Film - Colour","1:20000",2,"349435"
"14_00015",14,15730750,5002,"airphoto",2000,"2000-09-15",,"Film - Colour","1:30000",6,"455341"
"14_00015",14,15730750,5002,"airphoto",2006,"2006-09-05",,"Film - Colour","1:20000",2,"1588811"
"14_00015",14,15730750,5002,"airphoto",2012,"2012-07-06",,"Digital - Colour","1:50000",2,"2050337"
"14_00015",14,15730750,5002,"orthophoto",2021,,0.150000000000002,,,1,
"14_00016",14,16705197,5002,"airphoto",1969,"1969-08-06",,"Film - BW","1:16000",4,"779712"
"14_00016",14,16705197,5002,"airphoto",1971,"1971-08-12",,"Film - BW","1:31680",3,"1414786"
"14_00016",14,16705197,5002,"airphoto",1972,"1972-08-14",,"Film - BW","1:60000",1,"1384612"
"14_00016",14,16705197,5002,"airphoto",1976,"1976-05-07",,"Film - BW","1:18000",2,"1225004"
"14_00016",14,16705197,5002,"airphoto",1977,"1977-08-16",,"Film - BW","1:10000",7,"1203838"
"14_00016",14,16705197,5002,"airphoto",1984,"1984-08-12",,"Film - BW","1:18000",24,"680993"
"14_00016",14,16705197,5002,"airphoto",1985,"1985-06-20",,"Film - BW","1:15000",4,"851063"
"14_00016",14,16705197,5002,"airphoto",1988,"1988-08-07",,"Film - BW","1:20000",3,"970771"
"14_00016",14,16705197,5002,"airphoto",1991,"1991-07-22",,"Film - BW","1:15000",2,"599409"
"14_00016",14,16705197,5002,"airphoto",1996,"1996-07-07",,"Film - BW","1:40000",6,"128762"
"14_00016",14,16705197,5002,"airphoto",1997,"1997-08-17",,"Film - Colour","1:20000",5,"349322"
"14_00016",14,16705197,5002,"airphoto",2000,"2000-09-15",,"Film - Colour","1:30000",3,"455343"
"14_00016",14,16705197,5002,"airphoto",2006,"2006-09-05",,"Film - Colour","1:20000",1,"1588750"
"14_00016",14,16705197,5002,"airphoto",2012,"2012-07-06",,"Digital - Colour","1:50000",6,"2050219"
"14_00016",14,16705197,5002,"orthophoto",2021,,0.15,,,1,
"14_00017",14,19215819,2005,"airphoto",1975,"1975-09-08",,"Film - BW","1:15000",6,"1292706"
"14_00017",14,19215819,2005,"airphoto",1977,"1977-08-16",,"Film - BW","1:10000",8,"1203745"
"14_00017",14,19215819,2005,"airphoto",1980,"1980-08-12",,"Film - BW","1:20000",2,"721892"
"14_00017",14,19215819,2005,"airphoto",1984,"1984-07-24",,"Film - BW","1:60000",2,"322850"
"14_00017",14,19215819,2005,"airphoto",1985,"1985-07-09",,"Film - BW","1:15000",2,"851184"
"14_00017",14,19215819,2005,"airphoto",1987,"1987-06-28",,"Film - BW","1:40000",2,"908318"
"14_00017",14,19215819,2005,"airphoto",1988,"1988-08-27",,"Film - Colour","1:10000",7,"998606"
"14_00017",14,19215819,2005,"airphoto",1991,"1991-07-31",,"Film - BW","1:15000",2,"599917"
"14_00017",14,19215819,2005,"airphoto",1996,"1996-07-07",,"Film - BW","1:40000",3,"128673"
"14_00017",14,19215819,2005,"airphoto",1997,"1997-08-10",,"Film - Colour","1:20000",6,"349168"
"14_00017",14,19215819,2005,"airphoto",2000,"2000-09-15",,"Film - Colour","1:30000",5,"455353"
"14_00017",14,19215819,2005,"airphoto",2012,"2012-07-13",,"Digital - Colour","1:50000",5,"2052679"
"14_00017",14,19215819,2005,"orthophoto",2021,,0.15,,,1,
"14_00018",14,11533466,2005,"airphoto",1977,"1977-08-16",,"Film - BW","1:10000",5,"1204237"
"14_00018",14,11533466,2005,"airphoto",1984,"1984-07-24",,"Film - BW","1:60000",2,"322891"
"14_00018",14,11533466,2005,"airphoto",1985,"1985-06-20",,"Film - BW","1:15000",2,"850935"
"14_00018",14,11533466,2005,"airphoto",1988,"1988-07-21",,"Film - BW","1:20000",4,"970456"
"14_00018",14,11533466,2005,"airphoto",1991,"1991-07-22",,"Film - BW","1:15000",6,"599244"
"14_00018",14,11533466,2005,"airphoto",1996,"1996-07-07",,"Film - BW","1:40000",6,"128796"
"14_00018",14,11533466,2005,"airphoto",1997,"1997-08-17",,"Film - Colour","1:20000",3,"349497"
"14_00018",14,11533466,2005,"airphoto",2000,"2000-09-15",,"Film - Colour","1:30000",5,"455398"
"14_00018",14,11533466,2005,"airphoto",2005,"2005-07-25",,"Film - Colour","1:20000",3,"1529515"
"14_00018",14,11533466,2005,"airphoto",2012,"2012-07-06",,"Digital - Colour","1:50000",3,"2050411"
"14_00018",14,11533466,2005,"orthophoto",2021,,0.149999999999999,,,1,
"14_00019",14,20195618,5002,"airphoto",1971,"1971-08-30",,"Film - BW","1:31680",1,"1414886"
"14_00019",14,20195618,5002,"airphoto",1972,"1972-08-14",,"Film - BW","1:60000",3,"1384615"
"14_00019",14,20195618,5002,"airphoto",1973,"1973-08-11",,"Film - BW","1:15000",2,"1368234"
"14_00019",14,20195618,5002,"airphoto",1977,"1977-07-25",,"Film - BW","1:20000",8,"1204430"
"14_00019",14,20195618,5002,"airphoto",1980,"1980-08-12",,"Film - BW","1:20000",3,"721917"
"14_00019",14,20195618,5002,"airphoto",1984,"1984-07-24",,"Film - BW","1:60000",3,"322858"
"14_00019",14,20195618,5002,"airphoto",1985,"1985-07-09",,"Film - BW","1:15000",3,"851211"
"14_00019",14,20195618,5002,"airphoto",1988,"1988-08-07",,"Film - BW","1:20000",2,"970694"
"14_00019",14,20195618,5002,"airphoto",1991,"1991-07-31",,"Film - BW","1:15000",4,"599950"
"14_00019",14,20195618,5002,"airphoto",1996,"1996-07-07",,"Film - BW","1:40000",2,"128688"
"14_00019",14,20195618,5002,"airphoto",1997,"1997-08-10",,"Film - Colour","1:20000",5,"349142"
"14_00019",14,20195618,5002,"airphoto",2000,"2000-09-15",,"Film - Colour","1:30000",6,"455315"
"14_00019",14,20195618,5002,"airphoto",2006,"2006-09-05",,"Film - Colour","1:20000",5,"1588759"
"14_00019",14,20195618,5002,"airphoto",2012,"2012-07-06",,"Digital - Colour","1:50000",6,"2050205"
"14_00019",14,20195618,5002,"orthophoto",2021,,0.149999999999998,,,2,
"14_00020",14,19282835,2005,"airphoto",1971,"1971-08-12",,"Film - BW","1:31680",1,"1414810"
"14_00020",14,19282835,2005,"airphoto",1972,"1972-08-14",,"Film - BW","1:60000",3,"1384614"
"14_00020",14,19282835,2005,"airphoto",1973,"1973-08-11",,"Film - BW","1:15000",2,"1368232"
"14_00020",14,19282835,2005,"airphoto",1977,"1977-08-16",,"Film - BW","1:10000",8,"1204175"
"14_00020",14,19282835,2005,"airphoto",1984,"1984-09-14",,"Film - BW","1:18000",9,"681169"
"14_00020",14,19282835,2005,"airphoto",1985,"1985-06-20",,"Film - BW","1:15000",2,"851144"
"14_00020",14,19282835,2005,"airphoto",1988,"1988-08-07",,"Film - BW","1:20000",4,"970697"
"14_00020",14,19282835,2005,"airphoto",1991,"1991-07-31",,"Film - BW","1:15000",2,"599948"
"14_00020",14,19282835,2005,"airphoto",1996,"1996-07-07",,"Film - BW","1:40000",3,"128686"
"14_00020",14,19282835,2005,"airphoto",1997,"1997-08-12",,"Film - Colour","1:20000",7,"349311"
"14_00020",14,19282835,2005,"airphoto",2000,"2000-09-15",,"Film - Colour","1:30000",4,"455338"
"14_00020",14,19282835,2005,"airphoto",2006,"2006-09-05",,"Film - Colour","1:20000",3,"1588757"
"14_00020",14,19282835,2005,"airphoto",2012,"2012-07-06",,"Digital - Colour","1:50000",3,"2050208"
"14_00020",14,19282835,2005,"orthophoto",2021,,0.150000000000001,,,1,
"14_00021",14,9725071,2005,"airphoto",1977,"1977-08-16",,"Film - BW","1:10000",8,"1204263"
"14_00021",14,9725071,2005,"airphoto",1984,"1984-07-24",,"Film - BW","1:60000",3,"322894"
"14_00021",14,9725071,2005,"airphoto",1985,"1985-05-19",,"Film - BW","1:15000",5,"842883"
"14_00021",14,9725071,2005,"airphoto",1986,"1986-07-21",,"Film - BW","1:60000",1,"327428"
"14_00021",14,9725071,2005,"airphoto",1988,"1988-08-12",,"Film - BW","1:20000",6,"971073"
"14_00021",14,9725071,2005,"airphoto",1989,"1989-05-14",,"Film - Colour","1:10000",5,"1045493"
"14_00021",14,9725071,2005,"airphoto",1991,"1991-07-22",,"Film - BW","1:15000",2,"599657"
"14_00021",14,9725071,2005,"airphoto",1996,"1996-07-07",,"Film - BW","1:40000",2,"128791"
"14_00021",14,9725071,2005,"airphoto",1997,"1997-08-16",,"Film - Colour","1:20000",3,"349666"
"14_00021",14,9725071,2005,"airphoto",2000,"2000-09-15",,"Film - Colour","1:30000",2,"455446"
"14_00021",14,9725071,2005,"airphoto",2012,"2012-07-06",,"Digital - Colour","1:50000",6,"2050422"
"14_00022",14,28269473,2005,"airphoto",1973,"1973-09-11",,"Film - BW","1:15000",5,"1368680"
"14_00022",14,28269473,2005,"airphoto",1980,"1980-08-12",,"Film - BW","1:20000",3,"721747"
"14_00022",14,28269473,2005,"airphoto",1985,"1985-07-16",,"Film - BW","1:15000",2,"851515"
"14_00022",14,28269473,2005,"airphoto",1987,"1987-06-28",,"Film - BW","1:40000",1,"908321"
"14_00022",14,28269473,2005,"airphoto",1988,"1988-08-12",,"Film - BW","1:20000",5,"970996"
"14_00022",14,28269473,2005,"airphoto",1990,"1990-07-29",,"Film - BW","1:15000",6,"1063457"
"14_00022",14,28269473,2005,"airphoto",1991,"1991-09-08",,"Film - BW","1:15000",6,"600396"
"14_00022",14,28269473,2005,"airphoto",1996,"1996-07-07",,"Film - BW","1:40000",6,"127987"
"14_00022",14,28269473,2005,"airphoto",1997,"1997-08-10",,"Film - Colour","1:20000",4,"349069"
"14_00022",14,28269473,2005,"airphoto",2000,"2000-09-15",,"Film - Colour","1:30000",7,"455521"
"14_00022",14,28269473,2005,"airphoto",2012,"2012-07-13",,"Digital - Colour","1:50000",3,"2053008"
"14_00023",14,14692883,5002,"airphoto",1971,"1971-08-12",,"Film - BW","1:31680",3,"1414785"
"14_00023",14,14692883,5002,"airphoto",1973,"1973-08-11",,"Film - BW","1:15000",1,"1368192"
"14_00023",14,14692883,5002,"airphoto",1977,"1977-07-25",,"Film - BW","1:20000",5,"1204351"
"14_00023",14,14692883,5002,"airphoto",1984,"1984-08-12",,"Film - BW","1:18000",16,"680997"
"14_00023",14,14692883,5002,"airphoto",1985,"1985-06-20",,"Film - BW","1:15000",2,"851061"
"14_00023",14,14692883,5002,"airphoto",1988,"1988-08-07",,"Film - BW","1:20000",3,"970816"
"14_00023",14,14692883,5002,"airphoto",1991,"1991-07-22",,"Film - BW","1:15000",3,"599306"
"14_00023",14,14692883,5002,"airphoto",1996,"1996-07-07",,"Film - BW","1:40000",3,"128761"
"14_00023",14,14692883,5002,"airphoto",1997,"1997-08-17",,"Film - Colour","1:20000",3,"349434"
"14_00023",14,14692883,5002,"airphoto",2000,"2000-09-15",,"Film - Colour","1:30000",5,"455405"
"14_00023",14,14692883,5002,"airphoto",2006,"2006-09-05",,"Film - Colour","1:20000",4,"1588813"
"14_00023",14,14692883,5002,"airphoto",2012,"2012-07-06",,"Digital - Colour","1:50000",2,"2050335"
"14_00023",14,14692883,5002,"orthophoto",2021,,0.149999999999999,,,1,
"14_00024",14,14871667,5002,"airphoto",1971,"1971-08-12",,"Film - BW","1:31680",2,"1414785"
"14_00024",14,14871667,5002,"airphoto",1977,"1977-07-25",,"Film - BW","1:20000",8,"1204351"
"14_00024",14,14871667,5002,"airphoto",1984,"1984-09-14",,"Film - BW","1:18000",18,"681153"
"14_00024",14,14871667,5002,"airphoto",1985,"1985-06-20",,"Film - BW","1:15000",2,"851062"
"14_00024",14,14871667,5002,"airphoto",1988,"1988-08-07",,"Film - BW","1:20000",2,"970817"
"14_00024",14,14871667,5002,"airphoto",1991,"1991-07-22",,"Film - BW","1:15000",3,"599307"
"14_00024",14,14871667,5002,"airphoto",1996,"1996-07-07",,"Film - BW","1:40000",3,"128762"
"14_00024",14,14871667,5002,"airphoto",1997,"1997-08-17",,"Film - Colour","1:20000",2,"349433"
"14_00024",14,14871667,5002,"airphoto",2000,"2000-09-15",,"Film - Colour","1:30000",5,"455405"
"14_00024",14,14871667,5002,"airphoto",2006,"2006-09-05",,"Film - Colour","1:20000",3,"1588813"
"14_00024",14,14871667,5002,"airphoto",2012,"2012-07-06",,"Digital - Colour","1:50000",2,"2050335"
"14_00024",14,14871667,5002,"orthophoto",2021,,0.150000000000001,,,1,
"14_00025",14,3025841,5002,"airphoto",1980,"1980-08-12",,"Film - BW","1:20000",6,"721557"
"14_00025",14,3025841,5002,"airphoto",1984,"1984-07-24",,"Film - BW","1:60000",2,"322723"
"14_00025",14,3025841,5002,"airphoto",1985,"1985-06-20",,"Film - BW","1:15000",2,"850717"
"14_00025",14,3025841,5002,"airphoto",1988,"1988-07-21",,"Film - BW","1:20000",3,"970279"
"14_00025",14,3025841,5002,"airphoto",1991,"1991-07-22",,"Film - BW","1:15000",3,"599070"
"14_00025",14,3025841,5002,"airphoto",1996,"1996-07-12",,"Film - BW","1:40000",6,"129996"
"14_00025",14,3025841,5002,"airphoto",1997,"1997-08-14",,"Film - Colour","1:20000",3,"349595"
"14_00025",14,3025841,5002,"airphoto",2000,"2000-09-15",,"Film - Colour","1:30000",5,"455563"
"14_00025",14,3025841,5002,"airphoto",2012,"2012-07-13",,"Digital - Colour","1:50000",5,"2052103"
"14_00026",14,17686138,2005,"airphoto",1975,"1975-09-08",,"Film - BW","1:15000",4,"1292686"
"14_00026",14,17686138,2005,"airphoto",1977,"1977-08-16",,"Film - BW","1:10000",7,"1203763"
"14_00026",14,17686138,2005,"airphoto",1984,"1984-07-24",,"Film - BW","1:60000",2,"322850"
"14_00026",14,17686138,2005,"airphoto",1985,"1985-06-20",,"Film - BW","1:15000",2,"851120"
"14_00026",14,17686138,2005,"airphoto",1987,"1987-06-28",,"Film - BW","1:40000",2,"908318"
"14_00026",14,17686138,2005,"airphoto",1988,"1988-08-27",,"Film - Colour","1:10000",8,"998528"
"14_00026",14,17686138,2005,"airphoto",1991,"1991-07-31",,"Film - BW","1:15000",4,"599916"
"14_00026",14,17686138,2005,"airphoto",1996,"1996-07-07",,"Film - BW","1:40000",4,"128673"
"14_00026",14,17686138,2005,"airphoto",1997,"1997-08-17",,"Film - Colour","1:20000",2,"349339"
"14_00026",14,17686138,2005,"airphoto",2000,"2000-09-15",,"Film - Colour","1:30000",2,"455354"
"14_00026",14,17686138,2005,"airphoto",2012,"2012-07-06",,"Digital - Colour","1:50000",3,"2050241"
"14_00026",14,17686138,2005,"orthophoto",2021,,0.150000000000002,,,1,
"14_00027",14,12267972,5002,"airphoto",1977,"1977-08-16",,"Film - BW","1:10000",7,"1204217"
"14_00027",14,12267972,5002,"airphoto",1984,"1984-08-12",,"Film - BW","1:18000",11,"681058"
"14_00027",14,12267972,5002,"airphoto",1985,"1985-06-20",,"Film - BW","1:15000",2,"850941"
"14_00027",14,12267972,5002,"airphoto",1988,"1988-07-21",,"Film - BW","1:20000",4,"970462"
"14_00027",14,12267972,5002,"airphoto",1991,"1991-07-22",,"Film - BW","1:15000",3,"599252"
"14_00027",14,12267972,5002,"airphoto",1996,"1996-07-07",,"Film - BW","1:40000",6,"128799"
"14_00027",14,12267972,5002,"airphoto",1997,"1997-08-17",,"Film - Colour","1:20000",2,"349491"
"14_00027",14,12267972,5002,"airphoto",2000,"2000-09-15",,"Film - Colour","1:30000",3,"455402"
"14_00027",14,12267972,5002,"airphoto",2005,"2005-07-25",,"Film - Colour","1:20000",1,"1529520"
"14_00027",14,12267972,5002,"airphoto",2012,"2012-07-06",,"Digital - Colour","1:50000",2,"2050404"
"14_00027",14,12267972,5002,"orthophoto",2021,,0.149999999999999,,,2,
"14_00028",14,12080199,5002,"airphoto",1969,"1969-08-06",,"Film - BW","1:16000",2,"779717"
"14_00028",14,12080199,5002,"airphoto",1977,"1977-07-25",,"Film - BW","1:20000",8,"1204306"
"14_00028",14,12080199,5002,"airphoto",1984,"1984-09-14",,"Film - BW","1:18000",11,"681208"
"14_00028",14,12080199,5002,"airphoto",1985,"1985-06-20",,"Film - BW","1:15000",1,"850941"
"14_00028",14,12080199,5002,"airphoto",1988,"1988-07-21",,"Film - BW","1:20000",3,"970462"
"14_00028",14,12080199,5002,"airphoto",1991,"1991-07-22",,"Film - BW","1:15000",3,"599252"
"14_00028",14,12080199,5002,"airphoto",1996,"1996-07-07",,"Film - BW","1:40000",5,"128799"
"14_00028",14,12080199,5002,"airphoto",1997,"1997-08-17",,"Film - Colour","1:20000",3,"349491"
"14_00028",14,12080199,5002,"airphoto",2000,"2000-09-15",,"Film - Colour","1:30000",3,"455402"
"14_00028",14,12080199,5002,"airphoto",2005,"2005-07-25",,"Film - Colour","1:20000",1,"1529520"
"14_00028",14,12080199,5002,"airphoto",2012,"2012-07-06",,"Digital - Colour","1:50000",3,"2050403"
"14_00028",14,12080199,5002,"orthophoto",2021,,0.149999999999999,,,1,
"14_00029",14,15372819,5002,"airphoto",1971,"1971-08-12",,"Film - BW","1:31680",2,"1414785"
"14_00029",14,15372819,5002,"airphoto",1973,"1973-08-11",,"Film - BW","1:15000",1,"1368192"
"14_00029",14,15372819,5002,"airphoto",1977,"1977-08-16",,"Film - BW","1:10000",6,"1203933"
"14_00029",14,15372819,5002,"airphoto",1984,"1984-08-12",,"Film - BW","1:18000",10,"680998"
"14_00029",14,15372819,5002,"airphoto",1985,"1985-06-20",,"Film - BW","1:15000",2,"851061"
"14_00029",14,15372819,5002,"airphoto",1988,"1988-08-07",,"Film - BW","1:20000",3,"970815"
"14_00029",14,15372819,5002,"airphoto",1991,"1991-07-22",,"Film - BW","1:15000",2,"599305"
"14_00029",14,15372819,5002,"airphoto",1996,"1996-07-07",,"Film - BW","1:40000",3,"128761"
"14_00029",14,15372819,5002,"airphoto",1997,"1997-08-17",,"Film - Colour","1:20000",3,"349435"
"14_00029",14,15372819,5002,"airphoto",2000,"2000-09-15",,"Film - Colour","1:30000",4,"455405"
"14_00029",14,15372819,5002,"airphoto",2006,"2006-09-05",,"Film - Colour","1:20000",3,"1588812"
"14_00029",14,15372819,5002,"airphoto",2012,"2012-07-06",,"Digital - Colour","1:50000",2,"2050336"
"14_00029",14,15372819,5002,"orthophoto",2021,,0.150000000000002,,,1,
"14_00030",14,14717272,2005,"airphoto",1977,"1977-08-16",,"Film - BW","1:10000",8,"1203903"
"14_00030",14,14717272,2005,"airphoto",1984,"1984-07-24",,"Film - BW","1:60000",5,"322851"
"14_00030",14,14717272,2005,"airphoto",1985,"1985-06-20",,"Film - BW","1:15000",3,"851076"
"14_00030",14,14717272,2005,"airphoto",1987,"1987-06-28",,"Film - BW","1:40000",1,"908320"
"14_00030",14,14717272,2005,"airphoto",1988,"1988-08-07",,"Film - BW","1:20000",2,"970829"
"14_00030",14,14717272,2005,"airphoto",1991,"1991-07-22",,"Film - BW","1:15000",2,"599324"
"14_00030",14,14717272,2005,"airphoto",1996,"1996-07-07",,"Film - BW","1:40000",3,"128769"
"14_00030",14,14717272,2005,"airphoto",1997,"1997-08-17",,"Film - Colour","1:20000",2,"349421"
"14_00030",14,14717272,2005,"airphoto",2000,"2000-09-15",,"Film - Colour","1:30000",5,"455396"
"14_00030",14,14717272,2005,"airphoto",2005,"2005-07-25",,"Film - Colour","1:20000",2,"1529508"
"14_00030",14,14717272,2005,"airphoto",2012,"2012-07-06",,"Digital - Colour","1:50000",2,"2050317"
"14_00030",14,14717272,2005,"orthophoto",2021,,0.149999999999998,,,1,
"15_00001",15,46019685,9002,"airphoto",1971,"1971-08-12",,"Film - BW","1:31680",3,"1414822"
"15_00001",15,46019685,9002,"airphoto",1974,"1974-08-02",,"Film - BW","1:16000",2,"1316640"
"15_00001",15,46019685,9002,"airphoto",1979,"1979-08-24",,"Film - BW","1:15840",6,"1123434"
"15_00001",15,46019685,9002,"airphoto",1987,"1987-08-06",,"Film - Colour","1:10000",3,"528598"
"15_00001",15,46019685,9002,"airphoto",1988,"1988-09-12",,"Film - Colour","1:10000",8,"998954"
"15_00001",15,46019685,9002,"airphoto",1992,"1992-07-19",,"Film - BW","1:15000",5,"587474"
"15_00001",15,46019685,9002,"airphoto",1995,"1995-09-20",,"Film - BW","1:15000",6,"95815"
"15_00001",15,46019685,9002,"airphoto",1996,"1996-07-12",,"Film - BW","1:40000",6,"129457"
"15_00001",15,46019685,9002,"airphoto",2000,"2000-09-19",,"Film - Colour","1:30000",5,"455776"
"15_00001",15,46019685,9002,"airphoto",2012,"2012-07-14",,"Digital - Colour","1:50000",6,"2053540"
"15_00002",15,17471292,9002,"airphoto",1975,"1975-09-08",,"Film - BW","1:15000",4,"1292685"
"15_00002",15,17471292,9002,"airphoto",1977,"1977-08-16",,"Film - BW","1:10000",5,"1203761"
"15_00002",15,17471292,9002,"airphoto",1984,"1984-07-24",,"Film - BW","1:60000",2,"322849"
"15_00002",15,17471292,9002,"airphoto",1985,"1985-06-20",,"Film - BW","1:15000",3,"851119"
"15_00002",15,17471292,9002,"airphoto",1987,"1987-06-28",,"Film - BW","1:40000",2,"908318"
"15_00002",15,17471292,9002,"airphoto",1988,"1988-08-07",,"Film - BW","1:20000",8,"970755"
"15_00002",15,17471292,9002,"airphoto",1991,"1991-07-22",,"Film - BW","1:15000",6,"599385"
"15_00002",15,17471292,9002,"airphoto",1996,"1996-07-07",,"Film - BW","1:40000",6,"128672"
"15_00002",15,17471292,9002,"airphoto",1997,"1997-08-17",,"Film - Colour","1:20000",2,"349340"
"15_00002",15,17471292,9002,"airphoto",2000,"2000-09-15",,"Film - Colour","1:30000",3,"455354"
"15_00002",15,17471292,9002,"airphoto",2012,"2012-07-06",,"Digital - Colour","1:50000",2,"2050242"
"15_00002",15,17471292,9002,"orthophoto",2021,,0.15,,,1,
"15_00003",15,3571110,9011,"airphoto",1980,"1980-08-12",,"Film - BW","1:20000",2,"721554"
"15_00003",15,3571110,9011,"airphoto",1984,"1984-07-24",,"Film - BW","1:60000",5,"322722"
"15_00003",15,3571110,9011,"airphoto",1985,"1985-06-20",,"Film - BW","1:15000",2,"850719"
"15_00003",15,3571110,9011,"airphoto",1988,"1988-07-21",,"Film - BW","1:20000",3,"970281"
"15_00003",15,3571110,9011,"airphoto",1991,"1991-07-22",,"Film - BW","1:15000",3,"599067"
"15_00003",15,3571110,9011,"airphoto",1996,"1996-07-12",,"Film - BW","1:40000",4,"129997"
"15_00003",15,3571110,9011,"airphoto",1997,"1997-08-14",,"Film - Colour","1:20000",3,"349593"
"15_00003",15,3571110,9011,"airphoto",2000,"2000-09-15",,"Film - Colour","1:30000",3,"455562"
"15_00003",15,3571110,9011,"airphoto",2012,"2012-07-13",,"Digital - Colour","1:50000",2,"2052210"
"15_00004",15,46019680,9011,"airphoto",1971,"1971-08-12",,"Film - BW","1:31680",3,"1414822"
"15_00004",15,46019680,9011,"airphoto",1974,"1974-08-02",,"Film - BW","1:16000",2,"1316640"
"15_00004",15,46019680,9011,"airphoto",1979,"1979-08-24",,"Film - BW","1:15840",6,"1123434"
"15_00004",15,46019680,9011,"airphoto",1987,"1987-08-06",,"Film - Colour","1:10000",3,"528598"
"15_00004",15,46019680,9011,"airphoto",1988,"1988-09-12",,"Film - Colour","1:10000",8,"998954"
"15_00004",15,46019680,9011,"airphoto",1992,"1992-07-19",,"Film - BW","1:15000",5,"587474"
"15_00004",15,46019680,9011,"airphoto",1995,"1995-09-20",,"Film - BW","1:15000",6,"95815"
"15_00004",15,46019680,9011,"airphoto",1996,"1996-07-12",,"Film - BW","1:40000",6,"129457"
"15_00004",15,46019680,9011,"airphoto",2000,"2000-09-19",,"Film - Colour","1:30000",5,"455776"
"15_00004",15,46019680,9011,"airphoto",2012,"2012-07-14",,"Digital - Colour","1:50000",5,"2053540"
"15_00005",15,17295002,9011,"airphoto",1976,"1976-05-07",,"Film - BW","1:18000",2,"1225001"
"15_00005",15,17295002,9011,"airphoto",1977,"1977-08-16",,"Film - BW","1:10000",7,"1203792"
"15_00005",15,17295002,9011,"airphoto",1984,"1984-09-14",,"Film - BW","1:18000",18,"681191"
"15_00005",15,17295002,9011,"airphoto",1985,"1985-06-20",,"Film - BW","1:15000",2,"851133"
"15_00005",15,17295002,9011,"airphoto",1988,"1988-08-07",,"Film - BW","1:20000",3,"970768"
"15_00005",15,17295002,9011,"airphoto",1991,"1991-07-22",,"Film - BW","1:15000",3,"599405"
"15_00005",15,17295002,9011,"airphoto",1996,"1996-07-07",,"Film - BW","1:40000",6,"128680"
"15_00005",15,17295002,9011,"airphoto",1997,"1997-08-17",,"Film - Colour","1:20000",3,"349325"
"15_00005",15,17295002,9011,"airphoto",2000,"2000-09-15",,"Film - Colour","1:30000",3,"455345"
"15_00005",15,17295002,9011,"airphoto",2005,"2005-07-25",,"Film - Colour","1:20000",1,"1529498"
"15_00005",15,17295002,9011,"airphoto",2012,"2012-07-06",,"Digital - Colour","1:50000",6,"2050223"
"15_00005",15,17295002,9011,"orthophoto",2021,,0.149999999999999,,,1,
"15_00006",15,17382029,9007,"airphoto",1975,"1975-09-08",,"Film - BW","1:15000",4,"1292686"
"15_00006",15,17382029,9007,"airphoto",1977,"1977-08-16",,"Film - BW","1:10000",4,"1203763"
"15_00006",15,17382029,9007,"airphoto",1984,"1984-07-24",,"Film - BW","1:60000",2,"322850"
"15_00006",15,17382029,9007,"airphoto",1985,"1985-06-20",,"Film - BW","1:15000",2,"851120"
"15_00006",15,17382029,9007,"airphoto",1987,"1987-06-28",,"Film - BW","1:40000",2,"908318"
"15_00006",15,17382029,9007,"airphoto",1988,"1988-08-07",,"Film - BW","1:20000",7,"970756"
"15_00006",15,17382029,9007,"airphoto",1991,"1991-07-22",,"Film - BW","1:15000",5,"599387"
"15_00006",15,17382029,9007,"airphoto",1996,"1996-07-07",,"Film - BW","1:40000",6,"128673"
"15_00006",15,17382029,9007,"airphoto",1997,"1997-08-17",,"Film - Colour","1:20000",2,"349339"
"15_00006",15,17382029,9007,"airphoto",2000,"2000-09-15",,"Film - Colour","1:30000",2,"455353"
"15_00006",15,17382029,9007,"airphoto",2012,"2012-07-06",,"Digital - Colour","1:50000",3,"2050241"
"15_00006",15,17382029,9007,"orthophoto",2021,,0.150000000000002,,,1,
"15_00007",15,2999009,9002,"airphoto",1980,"1980-08-12",,"Film - BW","1:20000",6,"721557"
"15_00007",15,2999009,9002,"airphoto",1984,"1984-07-24",,"Film - BW","1:60000",2,"322723"
"15_00007",15,2999009,9002,"airphoto",1985,"1985-06-20",,"Film - BW","1:15000",2,"850717"
"15_00007",15,2999009,9002,"airphoto",1988,"1988-07-21",,"Film - BW","1:20000",3,"970279"
"15_00007",15,2999009,9002,"airphoto",1991,"1991-07-22",,"Film - BW","1:15000",2,"599070"
"15_00007",15,2999009,9002,"airphoto",1996,"1996-07-12",,"Film - BW","1:40000",6,"129996"
"15_00007",15,2999009,9002,"airphoto",1997,"1997-08-14",,"Film - Colour","1:20000",3,"349595"
"15_00007",15,2999009,9002,"airphoto",2000,"2000-09-15",,"Film - Colour","1:30000",6,"455563"
"15_00007",15,2999009,9002,"airphoto",2012,"2012-07-13",,"Digital - Colour","1:50000",5,"2052103"
"15_00008",15,28475519,9011,"airphoto",1973,"1973-09-11",,"Film - BW","1:15000",6,"1368682"
"15_00008",15,28475519,9011,"airphoto",1974,"1974-06-14",,"Film - BW","1:20000",1,"1338834"
"15_00008",15,28475519,9011,"airphoto",1980,"1980-08-12",,"Film - BW","1:20000",2,"721745"
"15_00008",15,28475519,9011,"airphoto",1985,"1985-07-16",,"Film - BW","1:15000",2,"851513"
"15_00008",15,28475519,9011,"airphoto",1988,"1988-08-12",,"Film - BW","1:20000",4,"970997"
"15_00008",15,28475519,9011,"airphoto",1990,"1990-07-29",,"Film - BW","1:15000",6,"1063459"
"15_00008",15,28475519,9011,"airphoto",1991,"1991-09-08",,"Film - BW","1:15000",5,"600394"
"15_00008",15,28475519,9011,"airphoto",1996,"1996-07-07",,"Film - BW","1:40000",6,"127986"
"15_00008",15,28475519,9011,"airphoto",1997,"1997-08-10",,"Film - Colour","1:20000",2,"349068"
"15_00008",15,28475519,9011,"airphoto",2000,"2000-08-04",,"Film - Colour","1:30000",6,"454596"
"15_00008",15,28475519,9011,"airphoto",2005,"2005-07-25",,"Film - Colour","1:20000",1,"1529445"
"15_00008",15,28475519,9011,"airphoto",2012,"2012-07-13",,"Digital - Colour","1:50000",6,"2053010"
"15_00009",15,21407607,9002,"airphoto",1973,"1973-09-11",,"Film - BW","1:15000",3,"1368495"
"15_00009",15,21407607,9002,"airphoto",1977,"1977-08-16",,"Film - BW","1:10000",8,"1204105"
"15_00009",15,21407607,9002,"airphoto",1980,"1980-08-12",,"Film - BW","1:20000",5,"721893"
"15_00009",15,21407607,9002,"airphoto",1984,"1984-07-24",,"Film - BW","1:60000",2,"322850"
"15_00009",15,21407607,9002,"airphoto",1985,"1985-07-09",,"Film - BW","1:15000",2,"851185"
"15_00009",15,21407607,9002,"airphoto",1987,"1987-06-28",,"Film - BW","1:40000",4,"908290"
"15_00009",15,21407607,9002,"airphoto",1988,"1988-08-26",,"Film - Colour","1:10000",7,"998005"
"15_00009",15,21407607,9002,"airphoto",1990,"1990-07-26",,"Film - BW","1:15000",3,"1062562"
"15_00009",15,21407607,9002,"airphoto",1991,"1991-07-31",,"Film - BW","1:15000",3,"599727"
"15_00009",15,21407607,9002,"airphoto",1996,"1996-07-07",,"Film - BW","1:40000",6,"128674"
"15_00009",15,21407607,9002,"airphoto",1997,"1997-08-10",,"Film - Colour","1:20000",5,"349166"
"15_00009",15,21407607,9002,"airphoto",2000,"2000-09-15",,"Film - Colour","1:30000",3,"455299"
"15_00009",15,21407607,9002,"airphoto",2005,"2005-08-11",,"Film - Colour","1:20000",1,"1531042"
"15_00009",15,21407607,9002,"airphoto",2012,"2012-07-13",,"Digital - Colour","1:50000",3,"2052681"
"15_00009",15,21407607,9002,"orthophoto",2021,,0.150000000000002,,,1,
"15_00010",15,45948110,9002,"airphoto",1971,"1971-08-12",,"Film - BW","1:31680",3,"1414822"
"15_00010",15,45948110,9002,"airphoto",1974,"1974-08-02",,"Film - BW","1:16000",2,"1316640"
"15_00010",15,45948110,9002,"airphoto",1979,"1979-08-24",,"Film - BW","1:15840",6,"1123434"
"15_00010",15,45948110,9002,"airphoto",1987,"1987-08-06",,"Film - Colour","1:10000",4,"528599"
"15_00010",15,45948110,9002,"airphoto",1988,"1988-09-12",,"Film - Colour","1:10000",7,"998954"
"15_00010",15,45948110,9002,"airphoto",1992,"1992-07-19",,"Film - BW","1:15000",5,"587474"
"15_00010",15,45948110,9002,"airphoto",1995,"1995-09-20",,"Film - BW","1:15000",5,"95815"
"15_00010",15,45948110,9002,"airphoto",1996,"1996-07-12",,"Film - BW","1:40000",6,"129457"
"15_00010",15,45948110,9002,"airphoto",2000,"2000-09-19",,"Film - Colour","1:30000",5,"455776"
"15_00010",15,45948110,9002,"airphoto",2012,"2012-07-14",,"Digital - Colour","1:50000",4,"2053540"
"15_00011",15,44225242,9011,"airphoto",1974,"1974-09-01",,"Film - BW","1:16000",6,"1310366"
"15_00011",15,44225242,9011,"airphoto",1975,"1975-01-14",,"Film - BW","1:12000",2,"1263826"
"15_00011",15,44225242,9011,"airphoto",1987,"1987-06-28",,"Film - BW","1:40000",3,"908392"
"15_00011",15,44225242,9011,"airphoto",1988,"1988-07-20",,"Film - BW","1:20000",4,"969776"
"15_00011",15,44225242,9011,"airphoto",1989,"1989-05-13",,"Film - Colour","1:10000",3,"1045339"
"15_00011",15,44225242,9011,"airphoto",1990,"1990-07-29",,"Film - BW","1:15000",3,"1063309"
"15_00011",15,44225242,9011,"airphoto",1995,"1995-09-20",,"Film - BW","1:15000",2,"95857"
"15_00011",15,44225242,9011,"airphoto",1996,"1996-07-12",,"Film - BW","1:40000",3,"129441"
"15_00011",15,44225242,9011,"airphoto",2000,"2000-09-19",,"Film - Colour","1:30000",11,"455816"
"15_00011",15,44225242,9011,"airphoto",2002,"2002-08-16",,"Film - Colour","1:15000",6,"644841"
"15_00011",15,44225242,9011,"airphoto",2012,"2012-07-14",,"Digital - Colour","1:50000",4,"2053580"
"15_00011",15,44225242,9011,"airphoto",2019,"2019-08-28",,"Digital - Colour","9600",3,"2327540"
"15_00011",15,44225242,9011,"orthophoto",2021,,0.15,,,1,
"15_00012",15,17301520,9005,"airphoto",1975,"1975-09-08",,"Film - BW","1:15000",3,"1292686"
"15_00012",15,17301520,9005,"airphoto",1977,"1977-08-16",,"Film - BW","1:10000",8,"1203763"
"15_00012",15,17301520,9005,"airphoto",1984,"1984-07-24",,"Film - BW","1:60000",2,"322850"
"15_00012",15,17301520,9005,"airphoto",1985,"1985-06-20",,"Film - BW","1:15000",2,"851120"
"15_00012",15,17301520,9005,"airphoto",1987,"1987-06-28",,"Film - BW","1:40000",2,"908318"
"15_00012",15,17301520,9005,"airphoto",1988,"1988-08-07",,"Film - BW","1:20000",7,"970756"
"15_00012",15,17301520,9005,"airphoto",1991,"1991-07-22",,"Film - BW","1:15000",5,"599387"
"15_00012",15,17301520,9005,"airphoto",1996,"1996-07-07",,"Film - BW","1:40000",6,"128673"
"15_00012",15,17301520,9005,"airphoto",1997,"1997-08-17",,"Film - Colour","1:20000",2,"349339"
"15_00012",15,17301520,9005,"airphoto",2000,"2000-09-15",,"Film - Colour","1:30000",2,"455354"
"15_00012",15,17301520,9005,"airphoto",2012,"2012-07-06",,"Digital - Colour","1:50000",3,"2050241"
"15_00012",15,17301520,9005,"orthophoto",2021,,0.150000000000002,,,1,
"15_00013",15,3651608,9011,"airphoto",1980,"1980-08-12",,"Film - BW","1:20000",2,"721554"
"15_00013",15,3651608,9011,"airphoto",1984,"1984-07-24",,"Film - BW","1:60000",5,"322722"
"15_00013",15,3651608,9011,"airphoto",1985,"1985-06-20",,"Film - BW","1:15000",2,"850719"
"15_00013",15,3651608,9011,"airphoto",1988,"1988-07-21",,"Film - BW","1:20000",3,"970281"
"15_00013",15,3651608,9011,"airphoto",1991,"1991-07-22",,"Film - BW","1:15000",3,"599067"
"15_00013",15,3651608,9011,"airphoto",1996,"1996-07-12",,"Film - BW","1:40000",3,"129997"
"15_00013",15,3651608,9011,"airphoto",1997,"1997-08-14",,"Film - Colour","1:20000",2,"349593"
"15_00013",15,3651608,9011,"airphoto",2000,"2000-09-15",,"Film - Colour","1:30000",3,"455562"
"15_00013",15,3651608,9011,"airphoto",2012,"2012-07-13",,"Digital - Colour","1:50000",2,"2052211"
"15_00014",15,22185777,9002,"airphoto",1973,"1973-09-11",,"Film - BW","1:15000",3,"1368495"
"15_00014",15,22185777,9002,"airphoto",1977,"1977-07-25",,"Film - BW","1:20000",6,"1204473"
"15_00014",15,22185777,9002,"airphoto",1980,"1980-08-12",,"Film - BW","1:20000",6,"721851"
"15_00014",15,22185777,9002,"airphoto",1984,"1984-07-24",,"Film - BW","1:60000",3,"322850"
"15_00014",15,22185777,9002,"airphoto",1985,"1985-07-09",,"Film - BW","1:15000",4,"851367"
"15_00014",15,22185777,9002,"airphoto",1987,"1987-06-28",,"Film - BW","1:40000",3,"908290"
"15_00014",15,22185777,9002,"airphoto",1988,"1988-08-27",,"Film - Colour","1:10000",4,"998614"
"15_00014",15,22185777,9002,"airphoto",1990,"1990-07-26",,"Film - BW","1:15000",2,"1062562"
"15_00014",15,22185777,9002,"airphoto",1991,"1991-09-08",,"Film - BW","1:15000",6,"600486"
"15_00014",15,22185777,9002,"airphoto",1996,"1996-07-07",,"Film - BW","1:40000",4,"127891"
"15_00014",15,22185777,9002,"airphoto",1997,"1997-08-10",,"Film - Colour","1:20000",4,"349249"
"15_00014",15,22185777,9002,"airphoto",2000,"2000-09-15",,"Film - Colour","1:30000",2,"455299"
"15_00014",15,22185777,9002,"airphoto",2012,"2012-07-13",,"Digital - Colour","1:50000",4,"2052681"
"15_00014",15,22185777,9002,"orthophoto",2021,,0.149999999999998,,,1,
"15_00015",15,46487944,9011,"airphoto",1974,"1974-09-01",,"Film - BW","1:16000",4,"1310413"
"15_00015",15,46487944,9011,"airphoto",1975,"1975-01-14",,"Film - BW","1:12000",3,"1263822"
"15_00015",15,46487944,9011,"airphoto",1987,"1987-06-28",,"Film - BW","1:40000",3,"908391"
"15_00015",15,46487944,9011,"airphoto",1988,"1988-07-20",,"Film - BW","1:20000",2,"969676"
"15_00015",15,46487944,9011,"airphoto",1990,"1990-07-26",,"Film - BW","1:15000",3,"1062472"
"15_00015",15,46487944,9011,"airphoto",1995,"1995-09-23",,"Film - BW","1:15000",3,"95746"
"15_00015",15,46487944,9011,"airphoto",1996,"1996-07-12",,"Film - BW","1:40000",4,"129439"
"15_00015",15,46487944,9011,"airphoto",2000,"2000-09-22",,"Film - Colour","1:30000",8,"456005"
"15_00015",15,46487944,9011,"airphoto",2002,"2002-08-16",,"Film - Colour","1:15000",4,"644808"
"15_00015",15,46487944,9011,"airphoto",2012,"2012-07-14",,"Digital - Colour","1:50000",3,"2053646"
"15_00016",15,26335520,9011,"airphoto",1973,"1973-09-11",,"Film - BW","1:15000",2,"1368667"
"15_00016",15,26335520,9011,"airphoto",1980,"1980-08-12",,"Film - BW","1:20000",2,"721774"
"15_00016",15,26335520,9011,"airphoto",1985,"1985-07-09",,"Film - BW","1:15000",4,"851378"
"15_00016",15,26335520,9011,"airphoto",1987,"1987-06-28",,"Film - BW","1:40000",5,"908292"
"15_00016",15,26335520,9011,"airphoto",1988,"1988-08-27",,"Film - Colour","1:10000",8,"998694"
"15_00016",15,26335520,9011,"airphoto",1990,"1990-07-29",,"Film - BW","1:15000",3,"1063367"
"15_00016",15,26335520,9011,"airphoto",1991,"1991-09-08",,"Film - BW","1:15000",4,"600409"
"15_00016",15,26335520,9011,"airphoto",1995,"1995-07-21",,"Film - BW","1:15000",5,"93766"
"15_00016",15,26335520,9011,"airphoto",1996,"1996-07-07",,"Film - BW","1:40000",6,"127888"
"15_00016",15,26335520,9011,"airphoto",1997,"1997-08-10",,"Film - Colour","1:20000",2,"349092"
"15_00016",15,26335520,9011,"airphoto",2000,"2000-09-15",,"Film - Colour","1:30000",3,"455536"
"15_00016",15,26335520,9011,"airphoto",2012,"2012-07-13",,"Digital - Colour","1:50000",2,"2052994"
"15_00016",15,26335520,9011,"orthophoto",2021,,0.149999999999962,,,1,
"15_00017",15,17382026,9007,"airphoto",1975,"1975-09-08",,"Film - BW","1:15000",4,"1292686"
"15_00017",15,17382026,9007,"airphoto",1977,"1977-08-16",,"Film - BW","1:10000",4,"1203763"
"15_00017",15,17382026,9007,"airphoto",1984,"1984-07-24",,"Film - BW","1:60000",2,"322850"
"15_00017",15,17382026,9007,"airphoto",1985,"1985-06-20",,"Film - BW","1:15000",2,"851120"
"15_00017",15,17382026,9007,"airphoto",1987,"1987-06-28",,"Film - BW","1:40000",2,"908318"
"15_00017",15,17382026,9007,"airphoto",1988,"1988-08-07",,"Film - BW","1:20000",7,"970756"
"15_00017",15,17382026,9007,"airphoto",1991,"1991-07-22",,"Film - BW","1:15000",5,"599387"
"15_00017",15,17382026,9007,"airphoto",1996,"1996-07-07",,"Film - BW","1:40000",6,"128673"
"15_00017",15,17382026,9007,"airphoto",1997,"1997-08-17",,"Film - Colour","1:20000",2,"349339"
"15_00017",15,17382026,9007,"airphoto",2000,"2000-09-15",,"Film - Colour","1:30000",2,"455354"
"15_00017",15,17382026,9007,"airphoto",2012,"2012-07-06",,"Digital - Colour","1:50000",3,"2050241"
"15_00017",15,17382026,9007,"orthophoto",2021,,0.150000000000002,,,1,
"15_00018",15,40223410,9001,"airphoto",1971,"1971-08-12",,"Film - BW","1:31680",3,"1414824"
"15_00018",15,40223410,9001,"airphoto",1974,"1974-07-21",,"Film - BW","1:16000",5,"1316621"
"15_00018",15,40223410,9001,"airphoto",1979,"1979-08-24",,"Film - BW","1:15840",3,"1123507"
"15_00018",15,40223410,9001,"airphoto",1985,"1985-07-16",,"Film - BW","1:15000",2,"851765"
"15_00018",15,40223410,9001,"airphoto",1987,"1987-08-06",,"Film - Colour","1:10000",4,"528290"
"15_00018",15,40223410,9001,"airphoto",1988,"1988-09-12",,"Film - Colour","1:10000",5,"998828"
"15_00018",15,40223410,9001,"airphoto",1990,"1990-07-29",,"Film - BW","1:15000",2,"1063876"
"15_00018",15,40223410,9001,"airphoto",1995,"1995-09-16",,"Film - BW","1:15000",5,"94951"
"15_00018",15,40223410,9001,"airphoto",1996,"1996-07-07",,"Film - BW","1:40000",2,"128584"
"15_00018",15,40223410,9001,"airphoto",2000,"2000-09-15",,"Film - Colour","1:30000",2,"455501"
"15_00018",15,40223410,9001,"airphoto",2012,"2012-07-14",,"Digital - Colour","1:50000",6,"2053499"
"15_00019",15,20274474,9011,"airphoto",1969,"1969-08-06",,"Film - BW","1:16000",3,"779707"
"15_00019",15,20274474,9011,"airphoto",1971,"1971-08-12",,"Film - BW","1:31680",1,"1414787"
"15_00019",15,20274474,9011,"airphoto",1972,"1972-08-14",,"Film - BW","1:60000",1,"1384612"
"15_00019",15,20274474,9011,"airphoto",1975,"1975-09-08",,"Film - BW","1:15000",3,"1292729"
"15_00019",15,20274474,9011,"airphoto",1976,"1976-05-07",,"Film - BW","1:18000",5,"1225022"
"15_00019",15,20274474,9011,"airphoto",1977,"1977-08-16",,"Film - BW","1:10000",7,"1204151"
"15_00019",15,20274474,9011,"airphoto",1980,"1980-08-12",,"Film - BW","1:20000",2,"721908"
"15_00019",15,20274474,9011,"airphoto",1984,"1984-09-14",,"Film - BW","1:18000",7,"681119"
"15_00019",15,20274474,9011,"airphoto",1985,"1985-07-09",,"Film - BW","1:15000",2,"851202"
"15_00019",15,20274474,9011,"airphoto",1988,"1988-08-07",,"Film - BW","1:20000",3,"970703"
"15_00019",15,20274474,9011,"airphoto",1991,"1991-07-31",,"Film - BW","1:15000",4,"599939"
"15_00019",15,20274474,9011,"airphoto",1996,"1996-07-07",,"Film - BW","1:40000",2,"128682"
"15_00019",15,20274474,9011,"airphoto",1997,"1997-08-10",,"Film - Colour","1:20000",2,"349151"
"15_00019",15,20274474,9011,"airphoto",2000,"2000-09-15",,"Film - Colour","1:30000",6,"455309"
"15_00019",15,20274474,9011,"airphoto",2006,"2006-09-05",,"Film - Colour","1:20000",4,"1588749"
"15_00019",15,20274474,9011,"airphoto",2012,"2012-07-13",,"Digital - Colour","1:50000",6,"2052701"
"15_00019",15,20274474,9011,"orthophoto",2021,,0.150000000000002,,,1,
"15_00020",15,51270454,9002,"airphoto",1971,"1971-08-12",,"Film - BW","1:31680",1,"1414821"
"15_00020",15,51270454,9002,"airphoto",1974,"1974-08-03",,"Film - BW","1:16000",3,"1308844"
"15_00020",15,51270454,9002,"airphoto",1979,"1979-07-29",,"Film - BW","1:15840",3,"1123379"
"15_00020",15,51270454,9002,"airphoto",1986,"1986-05-31",,"Film - Colour","1:10000",1,"892003"
"15_00020",15,51270454,9002,"airphoto",1987,"1987-08-06",,"Film - Colour","1:10000",4,"528507"
"15_00020",15,51270454,9002,"airphoto",1988,"1988-09-17",,"Film - Colour","1:10000",4,"999210"
"15_00020",15,51270454,9002,"airphoto",1992,"1992-07-18",,"Film - BW","1:15000",6,"587388"
"15_00020",15,51270454,9002,"airphoto",1995,"1995-09-04",,"Film - BW","1:15000",2,"94160"
"15_00020",15,51270454,9002,"airphoto",1996,"1996-07-12",,"Film - BW","1:40000",6,"129013"
"15_00020",15,51270454,9002,"airphoto",2000,"2000-09-22",,"Film - Colour","1:30000",3,"455957"
"15_00020",15,51270454,9002,"airphoto",2012,"2012-07-14",,"Digital - Colour","1:50000",2,"2053730"
"15_00021",15,45948109,9002,"airphoto",1971,"1971-08-12",,"Film - BW","1:31680",3,"1414822"
"15_00021",15,45948109,9002,"airphoto",1974,"1974-08-02",,"Film - BW","1:16000",2,"1316640"
"15_00021",15,45948109,9002,"airphoto",1979,"1979-08-24",,"Film - BW","1:15840",6,"1123434"
"15_00021",15,45948109,9002,"airphoto",1987,"1987-08-06",,"Film - Colour","1:10000",3,"528599"
"15_00021",15,45948109,9002,"airphoto",1988,"1988-09-12",,"Film - Colour","1:10000",7,"998954"
"15_00021",15,45948109,9002,"airphoto",1992,"1992-07-19",,"Film - BW","1:15000",5,"587474"
"15_00021",15,45948109,9002,"airphoto",1995,"1995-09-20",,"Film - BW","1:15000",5,"95815"
"15_00021",15,45948109,9002,"airphoto",1996,"1996-07-12",,"Film - BW","1:40000",6,"129457"
"15_00021",15,45948109,9002,"airphoto",2000,"2000-09-19",,"Film - Colour","1:30000",5,"455776"
"15_00021",15,45948109,9002,"airphoto",2012,"2012-07-14",,"Digital - Colour","1:50000",4,"2053540"
"15_00022",15,21943965,9001,"airphoto",1973,"1973-09-11",,"Film - BW","1:15000",2,"1368493"
"15_00022",15,21943965,9001,"airphoto",1977,"1977-08-16",,"Film - BW","1:10000",5,"1204109"
"15_00022",15,21943965,9001,"airphoto",1980,"1980-08-12",,"Film - BW","1:20000",5,"721853"
"15_00022",15,21943965,9001,"airphoto",1984,"1984-07-24",,"Film - BW","1:60000",2,"322850"
"15_00022",15,21943965,9001,"airphoto",1985,"1985-07-09",,"Film - BW","1:15000",4,"851369"
"15_00022",15,21943965,9001,"airphoto",1987,"1987-06-28",,"Film - BW","1:40000",2,"908291"
"15_00022",15,21943965,9001,"airphoto",1988,"1988-08-27",,"Film - Colour","1:10000",7,"998617"
"15_00022",15,21943965,9001,"airphoto",1990,"1990-07-26",,"Film - BW","1:15000",2,"1062564"
"15_00022",15,21943965,9001,"airphoto",1991,"1991-09-08",,"Film - BW","1:15000",4,"600488"
"15_00022",15,21943965,9001,"airphoto",1996,"1996-07-07",,"Film - BW","1:40000",6,"127890"
"15_00022",15,21943965,9001,"airphoto",1997,"1997-08-10",,"Film - Colour","1:20000",5,"349247"
"15_00022",15,21943965,9001,"airphoto",2000,"2000-09-15",,"Film - Colour","1:30000",2,"455298"
"15_00022",15,21943965,9001,"airphoto",2012,"2012-07-13",,"Digital - Colour","1:50000",4,"2052678"
"15_00022",15,21943965,9001,"orthophoto",2021,,0.149999999999983,,,1,
"15_00023",15,26362355,9011,"airphoto",1973,"1973-09-11",,"Film - BW","1:15000",2,"1368667"
"15_00023",15,26362355,9011,"airphoto",1980,"1980-08-12",,"Film - BW","1:20000",2,"721774"
"15_00023",15,26362355,9011,"airphoto",1985,"1985-07-09",,"Film - BW","1:15000",4,"851378"
"15_00023",15,26362355,9011,"airphoto",1987,"1987-06-28",,"Film - BW","1:40000",5,"908292"
"15_00023",15,26362355,9011,"airphoto",1988,"1988-08-27",,"Film - Colour","1:10000",8,"998694"
"15_00023",15,26362355,9011,"airphoto",1990,"1990-07-29",,"Film - BW","1:15000",3,"1063367"
"15_00023",15,26362355,9011,"airphoto",1991,"1991-09-08",,"Film - BW","1:15000",4,"600409"
"15_00023",15,26362355,9011,"airphoto",1995,"1995-07-21",,"Film - BW","1:15000",5,"93766"
"15_00023",15,26362355,9011,"airphoto",1996,"1996-07-07",,"Film - BW","1:40000",6,"127888"
"15_00023",15,26362355,9011,"airphoto",1997,"1997-08-10",,"Film - Colour","1:20000",2,"349092"
"15_00023",15,26362355,9011,"airphoto",2000,"2000-09-15",,"Film - Colour","1:30000",3,"455536"
"15_00023",15,26362355,9011,"airphoto",2012,"2012-07-13",,"Digital - Colour","1:50000",2,"2052994"
"15_00023",15,26362355,9011,"orthophoto",2021,,0.149999999999962,,,1,
"15_00024",15,17507072,9007,"airphoto",1975,"1975-09-08",,"Film - BW","1:15000",4,"1292685"
"15_00024",15,17507072,9007,"airphoto",1977,"1977-08-16",,"Film - BW","1:10000",5,"1203761"
"15_00024",15,17507072,9007,"airphoto",1984,"1984-07-24",,"Film - BW","1:60000",2,"322849"
"15_00024",15,17507072,9007,"airphoto",1985,"1985-06-20",,"Film - BW","1:15000",3,"851119"
"15_00024",15,17507072,9007,"airphoto",1987,"1987-06-28",,"Film - BW","1:40000",2,"908318"
"15_00024",15,17507072,9007,"airphoto",1988,"1988-08-07",,"Film - BW","1:20000",8,"970755"
"15_00024",15,17507072,9007,"airphoto",1991,"1991-07-31",,"Film - BW","1:15000",6,"599915"
"15_00024",15,17507072,9007,"airphoto",1996,"1996-07-07",,"Film - BW","1:40000",6,"128672"
"15_00024",15,17507072,9007,"airphoto",1997,"1997-08-17",,"Film - Colour","1:20000",2,"349340"
"15_00024",15,17507072,9007,"airphoto",2000,"2000-09-15",,"Film - Colour","1:30000",3,"455354"
"15_00024",15,17507072,9007,"airphoto",2012,"2012-07-06",,"Digital - Colour","1:50000",2,"2050242"
"15_00024",15,17507072,9007,"orthophoto",2021,,0.15,,,1,
"15_00025",15,3624774,9011,"airphoto",1980,"1980-08-12",,"Film - BW","1:20000",2,"721554"
"15_00025",15,3624774,9011,"airphoto",1984,"1984-07-24",,"Film - BW","1:60000",5,"322722"
"15_00025",15,3624774,9011,"airphoto",1985,"1985-06-20",,"Film - BW","1:15000",2,"850719"
"15_00025",15,3624774,9011,"airphoto",1988,"1988-07-21",,"Film - BW","1:20000",3,"970281"
"15_00025",15,3624774,9011,"airphoto",1991,"1991-07-22",,"Film - BW","1:15000",3,"599067"
"15_00025",15,3624774,9011,"airphoto",1996,"1996-07-12",,"Film - BW","1:40000",3,"129997"
"15_00025",15,3624774,9011,"airphoto",1997,"1997-08-14",,"Film - Colour","1:20000",2,"349593"
"15_00025",15,3624774,9011,"airphoto",2000,"2000-09-15",,"Film - Colour","1:30000",3,"455562"
"15_00025",15,3624774,9011,"airphoto",2012,"2012-07-13",,"Digital - Colour","1:50000",2,"2052211"
"15_00026",15,22167885,9002,"airphoto",1973,"1973-09-11",,"Film - BW","1:15000",3,"1368495"
"15_00026",15,22167885,9002,"airphoto",1977,"1977-07-25",,"Film - BW","1:20000",6,"1204473"
"15_00026",15,22167885,9002,"airphoto",1980,"1980-08-12",,"Film - BW","1:20000",6,"721851"
"15_00026",15,22167885,9002,"airphoto",1984,"1984-07-24",,"Film - BW","1:60000",3,"322850"
"15_00026",15,22167885,9002,"airphoto",1985,"1985-07-09",,"Film - BW","1:15000",4,"851367"
"15_00026",15,22167885,9002,"airphoto",1987,"1987-06-28",,"Film - BW","1:40000",3,"908290"
"15_00026",15,22167885,9002,"airphoto",1988,"1988-08-27",,"Film - Colour","1:10000",4,"998614"
"15_00026",15,22167885,9002,"airphoto",1990,"1990-07-26",,"Film - BW","1:15000",2,"1062562"
"15_00026",15,22167885,9002,"airphoto",1991,"1991-09-08",,"Film - BW","1:15000",5,"600486"
"15_00026",15,22167885,9002,"airphoto",1996,"1996-07-07",,"Film - BW","1:40000",4,"127891"
"15_00026",15,22167885,9002,"airphoto",1997,"1997-08-10",,"Film - Colour","1:20000",4,"349249"
"15_00026",15,22167885,9002,"airphoto",2000,"2000-09-15",,"Film - Colour","1:30000",2,"455299"
"15_00026",15,22167885,9002,"airphoto",2012,"2012-07-13",,"Digital - Colour","1:50000",4,"2052681"
"15_00026",15,22167885,9002,"orthophoto",2021,,0.149999999999998,,,1,
"15_00027",15,21488111,9002,"airphoto",1973,"1973-09-11",,"Film - BW","1:15000",3,"1368495"
"15_00027",15,21488111,9002,"airphoto",1977,"1977-08-16",,"Film - BW","1:10000",8,"1204105"
"15_00027",15,21488111,9002,"airphoto",1980,"1980-08-12",,"Film - BW","1:20000",5,"721893"
"15_00027",15,21488111,9002,"airphoto",1984,"1984-07-24",,"Film - BW","1:60000",2,"322850"
"15_00027",15,21488111,9002,"airphoto",1985,"1985-07-09",,"Film - BW","1:15000",2,"851185"
"15_00027",15,21488111,9002,"airphoto",1987,"1987-06-28",,"Film - BW","1:40000",4,"908290"
"15_00027",15,21488111,9002,"airphoto",1988,"1988-08-26",,"Film - Colour","1:10000",7,"998005"
"15_00027",15,21488111,9002,"airphoto",1990,"1990-07-26",,"Film - BW","1:15000",3,"1062562"
"15_00027",15,21488111,9002,"airphoto",1991,"1991-07-31",,"Film - BW","1:15000",3,"599727"
"15_00027",15,21488111,9002,"airphoto",1996,"1996-07-07",,"Film - BW","1:40000",6,"128674"
"15_00027",15,21488111,9002,"airphoto",1997,"1997-08-10",,"Film - Colour","1:20000",5,"349166"
"15_00027",15,21488111,9002,"airphoto",2000,"2000-09-15",,"Film - Colour","1:30000",3,"455299"
"15_00027",15,21488111,9002,"airphoto",2005,"2005-08-11",,"Film - Colour","1:20000",1,"1531042"
"15_00027",15,21488111,9002,"airphoto",2012,"2012-07-13",,"Digital - Colour","1:50000",3,"2052681"
"15_00027",15,21488111,9002,"orthophoto",2021,,0.150000000000002,,,1,
"15_00028",15,26326573,9011,"airphoto",1973,"1973-09-11",,"Film - BW","1:15000",2,"1368667"
"15_00028",15,26326573,9011,"airphoto",1980,"1980-08-12",,"Film - BW","1:20000",2,"721774"
"15_00028",15,26326573,9011,"airphoto",1985,"1985-07-09",,"Film - BW","1:15000",4,"851378"
"15_00028",15,26326573,9011,"airphoto",1987,"1987-06-28",,"Film - BW","1:40000",5,"908292"
"15_00028",15,26326573,9011,"airphoto",1988,"1988-08-27",,"Film - Colour","1:10000",8,"998694"
"15_00028",15,26326573,9011,"airphoto",1990,"1990-07-29",,"Film - BW","1:15000",3,"1063367"
"15_00028",15,26326573,9011,"airphoto",1991,"1991-09-08",,"Film - BW","1:15000",4,"600409"
"15_00028",15,26326573,9011,"airphoto",1995,"1995-07-21",,"Film - BW","1:15000",5,"93766"
"15_00028",15,26326573,9011,"airphoto",1996,"1996-07-07",,"Film - BW","1:40000",6,"127888"
"15_00028",15,26326573,9011,"airphoto",1997,"1997-08-10",,"Film - Colour","1:20000",2,"349092"
"15_00028",15,26326573,9011,"airphoto",2000,"2000-09-15",,"Film - Colour","1:30000",3,"455536"
"15_00028",15,26326573,9011,"airphoto",2012,"2012-07-13",,"Digital - Colour","1:50000",3,"2052994"
"15_00028",15,26326573,9011,"orthophoto",2021,,0.149999999999962,,,1,
"15_00029",15,41821474,9002,"airphoto",1974,"1974-08-01",,"Film - BW","1:16000",6,"1308688"
"15_00029",15,41821474,9002,"airphoto",1987,"1987-08-06",,"Film - Colour","1:10000",2,"528113"
"15_00029",15,41821474,9002,"airphoto",1988,"1988-07-20",,"Film - BW","1:20000",5,"969763"
"15_00029",15,41821474,9002,"airphoto",1990,"1990-07-29",,"Film - BW","1:15000",3,"1063256"
"15_00029",15,41821474,9002,"airphoto",1995,"1995-09-23",,"Film - BW","1:15000",5,"95650"
"15_00029",15,41821474,9002,"airphoto",1996,"1996-07-07",,"Film - BW","1:40000",6,"128575"
"15_00029",15,41821474,9002,"airphoto",2000,"2000-09-19",,"Film - Colour","1:30000",5,"455808"
"15_00029",15,41821474,9002,"airphoto",2012,"2012-07-14",,"Digital - Colour","1:50000",2,"2053476"
"15_00030",15,22480998,9007,"airphoto",1973,"1973-09-11",,"Film - BW","1:15000",3,"1368495"
"15_00030",15,22480998,9007,"airphoto",1977,"1977-07-25",,"Film - BW","1:20000",2,"1204472"
"15_00030",15,22480998,9007,"airphoto",1980,"1980-08-12",,"Film - BW","1:20000",3,"721851"
"15_00030",15,22480998,9007,"airphoto",1984,"1984-07-24",,"Film - BW","1:60000",2,"322850"
"15_00030",15,22480998,9007,"airphoto",1985,"1985-07-09",,"Film - BW","1:15000",2,"851367"
"15_00030",15,22480998,9007,"airphoto",1987,"1987-06-28",,"Film - BW","1:40000",2,"908290"
"15_00030",15,22480998,9007,"airphoto",1988,"1988-08-27",,"Film - Colour","1:10000",4,"998614"
"15_00030",15,22480998,9007,"airphoto",1990,"1990-07-26",,"Film - BW","1:15000",3,"1062562"
"15_00030",15,22480998,9007,"airphoto",1991,"1991-09-08",,"Film - BW","1:15000",3,"600486"
"15_00030",15,22480998,9007,"airphoto",1996,"1996-07-07",,"Film - BW","1:40000",6,"127891"
"15_00030",15,22480998,9007,"airphoto",1997,"1997-08-10",,"Film - Colour","1:20000",5,"349249"
"15_00030",15,22480998,9007,"airphoto",2000,"2000-09-15",,"Film - Colour","1:30000",3,"455299"
"15_00030",15,22480998,9007,"airphoto",2012,"2012-07-13",,"Digital - Colour","1:50000",6,"2052788"
"15_00030",15,22480998,9007,"orthophoto",2021,,0.149999999999998,,,1,
"16_00001",16,25709564,2001,"airphoto",1973,"1973-09-11",,"Film - BW","1:15000",4,"1368604"
"16_00001",16,25709564,2001,"airphoto",1980,"1980-08-12",,"Film - BW","1:20000",2,"721775"
"16_00001",16,25709564,2001,"airphoto",1985,"1985-05-19",,"Film - BW","1:15000",8,"842904"
"16_00001",16,25709564,2001,"airphoto",1987,"1987-06-28",,"Film - BW","1:40000",6,"908291"
"16_00001",16,25709564,2001,"airphoto",1988,"1988-09-03",,"Film - BW","1:20000",5,"971374"
"16_00001",16,25709564,2001,"airphoto",1990,"1990-07-29",,"Film - BW","1:15000",4,"1063365"
"16_00001",16,25709564,2001,"airphoto",1991,"1991-09-08",,"Film - BW","1:15000",6,"600415"
"16_00001",16,25709564,2001,"airphoto",1995,"1995-07-21",,"Film - BW","1:15000",3,"93830"
"16_00001",16,25709564,2001,"airphoto",1996,"1996-07-07",,"Film - BW","1:40000",6,"127889"
"16_00001",16,25709564,2001,"airphoto",1997,"1997-08-10",,"Film - Colour","1:20000",2,"349093"
"16_00001",16,25709564,2001,"airphoto",2000,"2000-08-04",,"Film - Colour","1:30000",5,"454646"
"16_00001",16,25709564,2001,"airphoto",2012,"2012-07-13",,"Digital - Colour","1:50000",4,"2052996"
"16_00001",16,25709564,2001,"orthophoto",2021,,0.150000000000002,,,1,
"16_00002",16,24951936,2001,"airphoto",1973,"1973-09-11",,"Film - BW","1:15000",2,"1368586"
"16_00002",16,24951936,2001,"airphoto",1977,"1977-07-25",,"Film - BW","1:20000",2,"1204461"
"16_00002",16,24951936,2001,"airphoto",1980,"1980-08-12",,"Film - BW","1:20000",4,"721840"
"16_00002",16,24951936,2001,"airphoto",1984,"1984-09-14",,"Film - BW","1:18000",14,"681259"
"16_00002",16,24951936,2001,"airphoto",1985,"1985-07-09",,"Film - BW","1:15000",6,"851351"
"16_00002",16,24951936,2001,"airphoto",1988,"1988-08-07",,"Film - BW","1:20000",6,"970869"
"16_00002",16,24951936,2001,"airphoto",1990,"1990-07-26",,"Film - BW","1:15000",2,"1062649"
"16_00002",16,24951936,2001,"airphoto",1991,"1991-09-08",,"Film - BW","1:15000",2,"600434"
"16_00002",16,24951936,2001,"airphoto",1996,"1996-07-07",,"Film - BW","1:40000",3,"127897"
"16_00002",16,24951936,2001,"airphoto",1997,"1997-08-10",,"Film - Colour","1:20000",4,"349261"
"16_00002",16,24951936,2001,"airphoto",2000,"2000-08-04",,"Film - Colour","1:30000",3,"454637"
"16_00002",16,24951936,2001,"airphoto",2005,"2005-07-25",,"Film - Colour","1:20000",6,"1529412"
"16_00002",16,24951936,2001,"airphoto",2012,"2012-07-13",,"Digital - Colour","1:50000",3,"2052772"
"16_00003",16,21616927,1005,"airphoto",1971,"1971-08-12",,"Film - BW","1:31680",4,"1414810"
"16_00003",16,21616927,1005,"airphoto",1972,"1972-08-14",,"Film - BW","1:60000",3,"1384613"
"16_00003",16,21616927,1005,"airphoto",1975,"1975-09-08",,"Film - BW","1:15000",3,"1292734"
"16_00003",16,21616927,1005,"airphoto",1976,"1976-05-07",,"Film - BW","1:18000",5,"1225017"
"16_00003",16,21616927,1005,"airphoto",1977,"1977-08-16",,"Film - BW","1:10000",7,"1204064"
"16_00003",16,21616927,1005,"airphoto",1980,"1980-08-12",,"Film - BW","1:20000",3,"721912"
"16_00003",16,21616927,1005,"airphoto",1984,"1984-09-14",,"Film - BW","1:18000",7,"681111"
"16_00003",16,21616927,1005,"airphoto",1985,"1985-07-09",,"Film - BW","1:15000",2,"851206"
"16_00003",16,21616927,1005,"airphoto",1988,"1988-08-07",,"Film - BW","1:20000",5,"970700"
"16_00003",16,21616927,1005,"airphoto",1991,"1991-07-31",,"Film - BW","1:15000",3,"599702"
"16_00003",16,21616927,1005,"airphoto",1996,"1996-07-07",,"Film - BW","1:40000",6,"128685"
"16_00003",16,21616927,1005,"airphoto",1997,"1997-08-10",,"Film - Colour","1:20000",3,"349147"
"16_00003",16,21616927,1005,"airphoto",2000,"2000-09-15",,"Film - Colour","1:30000",2,"455312"
"16_00003",16,21616927,1005,"airphoto",2006,"2006-09-05",,"Film - Colour","1:20000",2,"1588745"
"16_00003",16,21616927,1005,"airphoto",2012,"2012-07-13",,"Digital - Colour","1:50000",2,"2052706"
"16_00003",16,21616927,1005,"orthophoto",2021,,0.150000000000001,,,1,
"16_00004",16,21599363,1002,"airphoto",1971,"1971-08-12",,"Film - BW","1:31680",2,"1414810"
"16_00004",16,21599363,1002,"airphoto",1972,"1972-08-14",,"Film - BW","1:60000",3,"1384614"
"16_00004",16,21599363,1002,"airphoto",1976,"1976-05-07",,"Film - BW","1:18000",4,"1225012"
"16_00004",16,21599363,1002,"airphoto",1977,"1977-08-16",,"Film - BW","1:10000",6,"1204060"
"16_00004",16,21599363,1002,"airphoto",1980,"1980-08-12",,"Film - BW","1:20000",2,"721914"
"16_00004",16,21599363,1002,"airphoto",1984,"1984-09-14",,"Film - BW","1:18000",7,"681107"
"16_00004",16,21599363,1002,"airphoto",1985,"1985-07-09",,"Film - BW","1:15000",2,"851207"
"16_00004",16,21599363,1002,"airphoto",1988,"1988-08-07",,"Film - BW","1:20000",6,"970698"
"16_00004",16,21599363,1002,"airphoto",1991,"1991-07-31",,"Film - BW","1:15000",2,"599700"
"16_00004",16,21599363,1002,"airphoto",1996,"1996-07-07",,"Film - BW","1:40000",6,"128686"
"16_00004",16,21599363,1002,"airphoto",1997,"1997-08-10",,"Film - Colour","1:20000",3,"349145"
"16_00004",16,21599363,1002,"airphoto",2000,"2000-09-15",,"Film - Colour","1:30000",2,"455313"
"16_00004",16,21599363,1002,"airphoto",2006,"2006-09-05",,"Film - Colour","1:20000",2,"1588744"
"16_00004",16,21599363,1002,"airphoto",2012,"2012-07-13",,"Digital - Colour","1:50000",3,"2052709"
"16_00004",16,21599363,1002,"orthophoto",2021,,0.149999999999999,,,1,
"16_00005",16,47364408,8001,"airphoto",1974,"1974-09-01",,"Film - BW","1:16000",2,"1310412"
"16_00005",16,47364408,8001,"airphoto",1975,"1975-01-14",,"Film - BW","1:12000",2,"1263820"
"16_00005",16,47364408,8001,"airphoto",1987,"1987-06-28",,"Film - BW","1:40000",5,"908391"
"16_00005",16,47364408,8001,"airphoto",1988,"1988-07-20",,"Film - BW","1:20000",3,"969675"
"16_00005",16,47364408,8001,"airphoto",1990,"1990-07-26",,"Film - BW","1:15000",5,"1062435"
"16_00005",16,47364408,8001,"airphoto",1995,"1995-09-23",,"Film - BW","1:15000",5,"95745"
"16_00005",16,47364408,8001,"airphoto",1996,"1996-09-17",,"Film - BW","1:40000",6,"137039"
"16_00005",16,47364408,8001,"airphoto",2000,"2000-09-19",,"Film - Colour","1:30000",5,"455754"
"16_00005",16,47364408,8001,"airphoto",2002,"2002-08-16",,"Film - Colour","1:15000",2,"644807"
"16_00005",16,47364408,8001,"airphoto",2012,"2012-07-14",,"Digital - Colour","1:50000",5,"2053645"
"16_00005",16,47364408,8001,"orthophoto",2021,,0.149999999999999,,,1,
"16_00006",16,27232027,2001,"airphoto",1973,"1973-09-11",,"Film - BW","1:15000",3,"1368681"
"16_00006",16,27232027,2001,"airphoto",1980,"1980-08-12",,"Film - BW","1:20000",6,"721784"
"16_00006",16,27232027,2001,"airphoto",1985,"1985-07-09",,"Film - BW","1:15000",2,"851389"
"16_00006",16,27232027,2001,"airphoto",1988,"1988-08-12",,"Film - BW","1:20000",5,"971033"
"16_00006",16,27232027,2001,"airphoto",1990,"1990-07-29",,"Film - BW","1:15000",3,"1063352"
"16_00006",16,27232027,2001,"airphoto",1991,"1991-09-08",,"Film - BW","1:15000",3,"600395"
"16_00006",16,27232027,2001,"airphoto",1996,"1996-07-07",,"Film - BW","1:40000",4,"127987"
"16_00006",16,27232027,2001,"airphoto",1997,"1997-08-10",,"Film - Colour","1:20000",4,"349103"
"16_00006",16,27232027,2001,"airphoto",2000,"2000-08-04",,"Film - Colour","1:30000",9,"454640"
"16_00006",16,27232027,2001,"airphoto",2012,"2012-07-13",,"Digital - Colour","1:50000",3,"2053009"
"16_00007",16,27205194,2001,"airphoto",1973,"1973-09-11",,"Film - BW","1:15000",3,"1368681"
"16_00007",16,27205194,2001,"airphoto",1980,"1980-08-12",,"Film - BW","1:20000",6,"721784"
"16_00007",16,27205194,2001,"airphoto",1985,"1985-07-09",,"Film - BW","1:15000",2,"851389"
"16_00007",16,27205194,2001,"airphoto",1988,"1988-08-12",,"Film - BW","1:20000",5,"971033"
"16_00007",16,27205194,2001,"airphoto",1990,"1990-07-29",,"Film - BW","1:15000",3,"1063352"
"16_00007",16,27205194,2001,"airphoto",1991,"1991-09-08",,"Film - BW","1:15000",3,"600395"
"16_00007",16,27205194,2001,"airphoto",1996,"1996-07-07",,"Film - BW","1:40000",4,"127987"
"16_00007",16,27205194,2001,"airphoto",1997,"1997-08-10",,"Film - Colour","1:20000",4,"349103"
"16_00007",16,27205194,2001,"airphoto",2000,"2000-08-04",,"Film - Colour","1:30000",7,"454640"
"16_00007",16,27205194,2001,"airphoto",2012,"2012-07-13",,"Digital - Colour","1:50000",3,"2053009"
"16_00008",16,14691413,2001,"airphoto",1977,"1977-07-25",,"Film - BW","1:20000",7,"1204343"
"16_00008",16,14691413,2001,"airphoto",1984,"1984-09-14",,"Film - BW","1:18000",14,"681139"
"16_00008",16,14691413,2001,"airphoto",1985,"1985-06-20",,"Film - BW","1:15000",2,"851070"
"16_00008",16,14691413,2001,"airphoto",1988,"1988-08-07",,"Film - BW","1:20000",3,"970824"
"16_00008",16,14691413,2001,"airphoto",1991,"1991-07-22",,"Film - BW","1:15000",2,"599317"
"16_00008",16,14691413,2001,"airphoto",1996,"1996-07-07",,"Film - BW","1:40000",3,"128766"
"16_00008",16,14691413,2001,"airphoto",1997,"1997-08-17",,"Film - Colour","1:20000",3,"349426"
"16_00008",16,14691413,2001,"airphoto",2000,"2000-09-15",,"Film - Colour","1:30000",5,"455400"
"16_00008",16,14691413,2001,"airphoto",2005,"2005-07-25",,"Film - Colour","1:20000",2,"1529502"
"16_00008",16,14691413,2001,"airphoto",2012,"2012-07-06",,"Digital - Colour","1:50000",2,"2050325"
"16_00008",16,14691413,2001,"orthophoto",2021,,0.149999999999998,,,1,
"16_00009",16,25822204,1008,"airphoto",1972,"1972-08-14",,"Film - BW","1:60000",3,"1384615"
"16_00009",16,25822204,1008,"airphoto",1973,"1973-09-11",,"Film - BW","1:15000",3,"1368568"
"16_00009",16,25822204,1008,"airphoto",1977,"1977-08-16",,"Film - BW","1:10000",8,"1204001"
"16_00009",16,25822204,1008,"airphoto",1979,"1979-08-10",,"Film - BW","1:20000",3,"1140083"
"16_00009",16,25822204,1008,"airphoto",1980,"1980-08-12",,"Film - BW","1:20000",2,"721802"
"16_00009",16,25822204,1008,"airphoto",1985,"1985-07-09",,"Film - BW","1:15000",2,"851409"
"16_00009",16,25822204,1008,"airphoto",1988,"1988-08-12",,"Film - BW","1:20000",6,"971014"
"16_00009",16,25822204,1008,"airphoto",1990,"1990-07-26",,"Film - BW","1:15000",5,"1062667"
"16_00009",16,25822204,1008,"airphoto",1991,"1991-09-08",,"Film - BW","1:15000",1,"600452"
"16_00009",16,25822204,1008,"airphoto",1995,"1995-07-21",,"Film - BW","1:15000",3,"93721"
"16_00009",16,25822204,1008,"airphoto",1996,"1996-07-07",,"Film - BW","1:40000",3,"127905"
"16_00009",16,25822204,1008,"airphoto",1997,"1997-08-10",,"Film - Colour","1:20000",6,"349122"
"16_00009",16,25822204,1008,"airphoto",2000,"2000-08-04",,"Film - Colour","1:30000",3,"454628"
"16_00009",16,25822204,1008,"airphoto",2005,"2005-07-25",,"Film - Colour","1:20000",2,"1529427"
"16_00009",16,25822204,1008,"airphoto",2012,"2012-07-13",,"Digital - Colour","1:50000",2,"2052752"
"16_00009",16,25822204,1008,"orthophoto",2021,,0.15,,,1,
"16_00010",16,45504077,2001,"airphoto",1974,"1974-09-01",,"Film - BW","1:16000",3,"1310368"
"16_00010",16,45504077,2001,"airphoto",1975,"1975-01-14",,"Film - BW","1:12000",3,"1263823"
"16_00010",16,45504077,2001,"airphoto",1987,"1987-06-28",,"Film - BW","1:40000",2,"908391"
"16_00010",16,45504077,2001,"airphoto",1988,"1988-07-20",,"Film - BW","1:20000",3,"969676"
"16_00010",16,45504077,2001,"airphoto",1989,"1989-05-13",,"Film - Colour","1:10000",1,"1045336"
"16_00010",16,45504077,2001,"airphoto",1990,"1990-07-26",,"Film - BW","1:15000",5,"1062473"
"16_00010",16,45504077,2001,"airphoto",1995,"1995-09-23",,"Film - BW","1:15000",5,"95747"
"16_00010",16,45504077,2001,"airphoto",1996,"1996-07-12",,"Film - BW","1:40000",6,"129440"
"16_00010",16,45504077,2001,"airphoto",2000,"2000-09-22",,"Film - Colour","1:30000",12,"456005"
"16_00010",16,45504077,2001,"airphoto",2002,"2002-08-16",,"Film - Colour","1:15000",3,"644843"
"16_00010",16,45504077,2001,"airphoto",2012,"2012-07-14",,"Digital - Colour","1:50000",4,"2053646"
"16_00010",16,45504077,2001,"orthophoto",2021,,0.15,,,1,
"16_00011",16,19287410,1002,"airphoto",1975,"1975-09-08",,"Film - BW","1:15000",4,"1292706"
"16_00011",16,19287410,1002,"airphoto",1977,"1977-07-25",,"Film - BW","1:20000",6,"1204404"
"16_00011",16,19287410,1002,"airphoto",1980,"1980-08-12",,"Film - BW","1:20000",3,"721892"
"16_00011",16,19287410,1002,"airphoto",1984,"1984-07-24",,"Film - BW","1:60000",3,"322850"
"16_00011",16,19287410,1002,"airphoto",1985,"1985-07-09",,"Film - BW","1:15000",2,"851184"
"16_00011",16,19287410,1002,"airphoto",1987,"1987-06-28",,"Film - BW","1:40000",2,"908318"
"16_00011",16,19287410,1002,"airphoto",1988,"1988-08-27",,"Film - Colour","1:10000",7,"998606"
"16_00011",16,19287410,1002,"airphoto",1991,"1991-07-31",,"Film - BW","1:15000",3,"599917"
"16_00011",16,19287410,1002,"airphoto",1996,"1996-07-07",,"Film - BW","1:40000",3,"128673"
"16_00011",16,19287410,1002,"airphoto",1997,"1997-08-10",,"Film - Colour","1:20000",6,"349168"
"16_00011",16,19287410,1002,"airphoto",2000,"2000-09-15",,"Film - Colour","1:30000",6,"455353"
"16_00011",16,19287410,1002,"airphoto",2012,"2012-07-13",,"Digital - Colour","1:50000",6,"2052679"
"16_00011",16,19287410,1002,"orthophoto",2021,,0.15,,,2,
"16_00012",16,23177731,8001,"airphoto",1973,"1973-09-11",,"Film - BW","1:15000",6,"1368488"
"16_00012",16,23177731,8001,"airphoto",1977,"1977-07-25",,"Film - BW","1:20000",3,"1204478"
"16_00012",16,23177731,8001,"airphoto",1980,"1980-08-12",,"Film - BW","1:20000",3,"721856"
"16_00012",16,23177731,8001,"airphoto",1984,"1984-07-24",,"Film - BW","1:60000",2,"322849"
"16_00012",16,23177731,8001,"airphoto",1985,"1985-07-09",,"Film - BW","1:15000",2,"851372"
"16_00012",16,23177731,8001,"airphoto",1987,"1987-06-28",,"Film - BW","1:40000",2,"908292"
"16_00012",16,23177731,8001,"airphoto",1988,"1988-08-07",,"Film - BW","1:20000",9,"970852"
"16_00012",16,23177731,8001,"airphoto",1990,"1990-07-26",,"Film - BW","1:15000",5,"1062569"
"16_00012",16,23177731,8001,"airphoto",1991,"1991-09-08",,"Film - BW","1:15000",2,"600493"
"16_00012",16,23177731,8001,"airphoto",1995,"1995-07-21",,"Film - BW","1:15000",2,"93834"
"16_00012",16,23177731,8001,"airphoto",1996,"1996-07-07",,"Film - BW","1:40000",5,"127888"
"16_00012",16,23177731,8001,"airphoto",1997,"1997-08-10",,"Film - Colour","1:20000",2,"349243"
"16_00012",16,23177731,8001,"airphoto",2000,"2000-09-15",,"Film - Colour","1:30000",6,"455295"
"16_00012",16,23177731,8001,"airphoto",2012,"2012-07-13",,"Digital - Colour","1:50000",2,"2052795"
"16_00013",16,45745572,1011,"airphoto",1974,"1974-09-01",,"Film - BW","1:16000",6,"1310368"
"16_00013",16,45745572,1011,"airphoto",1975,"1975-01-14",,"Film - BW","1:12000",3,"1263823"
"16_00013",16,45745572,1011,"airphoto",1987,"1987-06-28",,"Film - BW","1:40000",2,"908391"
"16_00013",16,45745572,1011,"airphoto",1988,"1988-07-20",,"Film - BW","1:20000",3,"969676"
"16_00013",16,45745572,1011,"airphoto",1989,"1989-05-13",,"Film - Colour","1:10000",1,"1045336"
"16_00013",16,45745572,1011,"airphoto",1990,"1990-07-26",,"Film - BW","1:15000",2,"1062473"
"16_00013",16,45745572,1011,"airphoto",1995,"1995-09-23",,"Film - BW","1:15000",5,"95746"
"16_00013",16,45745572,1011,"airphoto",1996,"1996-07-12",,"Film - BW","1:40000",6,"129440"
"16_00013",16,45745572,1011,"airphoto",2000,"2000-09-22",,"Film - Colour","1:30000",10,"456005"
"16_00013",16,45745572,1011,"airphoto",2002,"2002-08-16",,"Film - Colour","1:15000",3,"644843"
"16_00013",16,45745572,1011,"airphoto",2012,"2012-07-14",,"Digital - Colour","1:50000",3,"2053646"
"16_00014",16,19010136,1002,"airphoto",1975,"1975-09-08",,"Film - BW","1:15000",4,"1292707"
"16_00014",16,19010136,1002,"airphoto",1977,"1977-08-16",,"Film - BW","1:10000",10,"1203744"
"16_00014",16,19010136,1002,"airphoto",1980,"1980-08-12",,"Film - BW","1:20000",3,"721892"
"16_00014",16,19010136,1002,"airphoto",1984,"1984-07-24",,"Film - BW","1:60000",3,"322850"
"16_00014",16,19010136,1002,"airphoto",1985,"1985-06-20",,"Film - BW","1:15000",2,"851121"
"16_00014",16,19010136,1002,"airphoto",1987,"1987-06-28",,"Film - BW","1:40000",2,"908319"
"16_00014",16,19010136,1002,"airphoto",1988,"1988-08-27",,"Film - Colour","1:10000",9,"998527"
"16_00014",16,19010136,1002,"airphoto",1991,"1991-07-31",,"Film - BW","1:15000",3,"599917"
"16_00014",16,19010136,1002,"airphoto",1996,"1996-07-07",,"Film - BW","1:40000",3,"128673"
"16_00014",16,19010136,1002,"airphoto",1997,"1997-08-17",,"Film - Colour","1:20000",5,"349338"
"16_00014",16,19010136,1002,"airphoto",2000,"2000-09-15",,"Film - Colour","1:30000",6,"455353"
"16_00014",16,19010136,1002,"airphoto",2012,"2012-07-06",,"Digital - Colour","1:50000",5,"2050240"
"16_00014",16,19010136,1002,"orthophoto",2021,,0.150000000000002,,,1,
"16_00015",16,32892296,8001,"airphoto",1973,"1973-09-15",,"Film - BW","1:15000",5,"1368864"
"16_00015",16,32892296,8001,"airphoto",1975,"1975-01-14",,"Film - BW","1:12000",3,"1263839"
"16_00015",16,32892296,8001,"airphoto",1980,"1980-08-12",,"Film - BW","1:20000",5,"721678"
"16_00015",16,32892296,8001,"airphoto",1985,"1985-07-16",,"Film - BW","1:15000",3,"851541"
"16_00015",16,32892296,8001,"airphoto",1987,"1987-06-28",,"Film - BW","1:40000",5,"908362"
"16_00015",16,32892296,8001,"airphoto",1988,"1988-08-27",,"Film - Colour","1:10000",6,"998791"
"16_00015",16,32892296,8001,"airphoto",1990,"1990-07-29",,"Film - BW","1:15000",3,"1063599"
"16_00015",16,32892296,8001,"airphoto",1991,"1991-09-08",,"Film - BW","1:15000",3,"600326"
"16_00015",16,32892296,8001,"airphoto",1995,"1995-09-16",,"Film - BW","1:15000",4,"94610"
"16_00015",16,32892296,8001,"airphoto",1996,"1996-07-07",,"Film - BW","1:40000",7,"128665"
"16_00015",16,32892296,8001,"airphoto",1997,"1997-08-10",,"Film - Colour","1:20000",6,"349016"
"16_00015",16,32892296,8001,"airphoto",2000,"2000-09-15",,"Film - Colour","1:30000",8,"455253"
"16_00015",16,32892296,8001,"airphoto",2002,"2002-08-16",,"Film - Colour","1:15000",5,"645093"
"16_00015",16,32892296,8001,"airphoto",2012,"2012-07-14",,"Digital - Colour","1:50000",3,"2053244"
"16_00015",16,32892296,8001,"orthophoto",2021,,0.149999999999999,,,1,
"16_00016",16,27178360,2001,"airphoto",1973,"1973-09-11",,"Film - BW","1:15000",3,"1368681"
"16_00016",16,27178360,2001,"airphoto",1980,"1980-08-12",,"Film - BW","1:20000",6,"721784"
"16_00016",16,27178360,2001,"airphoto",1985,"1985-07-09",,"Film - BW","1:15000",2,"851389"
"16_00016",16,27178360,2001,"airphoto",1988,"1988-08-12",,"Film - BW","1:20000",5,"971033"
"16_00016",16,27178360,2001,"airphoto",1990,"1990-07-29",,"Film - BW","1:15000",3,"1063352"
"16_00016",16,27178360,2001,"airphoto",1991,"1991-09-08",,"Film - BW","1:15000",3,"600395"
"16_00016",16,27178360,2001,"airphoto",1996,"1996-07-07",,"Film - BW","1:40000",4,"127987"
"16_00016",16,27178360,2001,"airphoto",1997,"1997-08-10",,"Film - Colour","1:20000",4,"349103"
"16_00016",16,27178360,2001,"airphoto",2000,"2000-08-04",,"Film - Colour","1:30000",5,"454640"
"16_00016",16,27178360,2001,"airphoto",2012,"2012-07-13",,"Digital - Colour","1:50000",3,"2053009"
"16_00017",16,19394747,1011,"airphoto",1975,"1975-09-08",,"Film - BW","1:15000",4,"1292706"
"16_00017",16,19394747,1011,"airphoto",1977,"1977-07-25",,"Film - BW","1:20000",6,"1204404"
"16_00017",16,19394747,1011,"airphoto",1980,"1980-08-12",,"Film - BW","1:20000",3,"721892"
"16_00017",16,19394747,1011,"airphoto",1984,"1984-07-24",,"Film - BW","1:60000",3,"322850"
"16_00017",16,19394747,1011,"airphoto",1985,"1985-07-09",,"Film - BW","1:15000",2,"851184"
"16_00017",16,19394747,1011,"airphoto",1987,"1987-06-28",,"Film - BW","1:40000",2,"908318"
"16_00017",16,19394747,1011,"airphoto",1988,"1988-08-27",,"Film - Colour","1:10000",5,"998606"
"16_00017",16,19394747,1011,"airphoto",1991,"1991-07-31",,"Film - BW","1:15000",5,"599917"
"16_00017",16,19394747,1011,"airphoto",1996,"1996-07-07",,"Film - BW","1:40000",3,"128673"
"16_00017",16,19394747,1011,"airphoto",1997,"1997-08-10",,"Film - Colour","1:20000",6,"349168"
"16_00017",16,19394747,1011,"airphoto",2000,"2000-09-15",,"Film - Colour","1:30000",6,"455298"
"16_00017",16,19394747,1011,"airphoto",2012,"2012-07-13",,"Digital - Colour","1:50000",6,"2052679"
"16_00017",16,19394747,1011,"orthophoto",2021,,0.150000000000001,,,1,
"16_00018",16,21747458,1002,"airphoto",1973,"1973-09-11",,"Film - BW","1:15000",3,"1368495"
"16_00018",16,21747458,1002,"airphoto",1977,"1977-08-16",,"Film - BW","1:10000",5,"1204105"
"16_00018",16,21747458,1002,"airphoto",1980,"1980-08-12",,"Film - BW","1:20000",5,"721851"
"16_00018",16,21747458,1002,"airphoto",1984,"1984-07-24",,"Film - BW","1:60000",3,"322850"
"16_00018",16,21747458,1002,"airphoto",1985,"1985-07-09",,"Film - BW","1:15000",4,"851185"
"16_00018",16,21747458,1002,"airphoto",1987,"1987-06-28",,"Film - BW","1:40000",3,"908290"
"16_00018",16,21747458,1002,"airphoto",1988,"1988-08-26",,"Film - Colour","1:10000",6,"998006"
"16_00018",16,21747458,1002,"airphoto",1990,"1990-07-26",,"Film - BW","1:15000",2,"1062562"
"16_00018",16,21747458,1002,"airphoto",1991,"1991-07-31",,"Film - BW","1:15000",5,"599727"
"16_00018",16,21747458,1002,"airphoto",1996,"1996-07-07",,"Film - BW","1:40000",4,"128673"
"16_00018",16,21747458,1002,"airphoto",1997,"1997-08-10",,"Film - Colour","1:20000",5,"349167"
"16_00018",16,21747458,1002,"airphoto",2000,"2000-09-15",,"Film - Colour","1:30000",2,"455299"
"16_00018",16,21747458,1002,"airphoto",2012,"2012-07-13",,"Digital - Colour","1:50000",4,"2052680"
"16_00018",16,21747458,1002,"orthophoto",2021,,0.150000000000001,,,2,
"16_00019",16,17552029,1002,"airphoto",1975,"1975-09-08",,"Film - BW","1:15000",3,"1292686"
"16_00019",16,17552029,1002,"airphoto",1977,"1977-08-16",,"Film - BW","1:10000",6,"1203764"
"16_00019",16,17552029,1002,"airphoto",1984,"1984-07-24",,"Film - BW","1:60000",2,"322850"
"16_00019",16,17552029,1002,"airphoto",1985,"1985-06-20",,"Film - BW","1:15000",2,"851120"
"16_00019",16,17552029,1002,"airphoto",1987,"1987-06-28",,"Film - BW","1:40000",2,"908318"
"16_00019",16,17552029,1002,"airphoto",1988,"1988-08-27",,"Film - Colour","1:10000",7,"998520"
"16_00019",16,17552029,1002,"airphoto",1991,"1991-07-22",,"Film - BW","1:15000",5,"599387"
"16_00019",16,17552029,1002,"airphoto",1996,"1996-07-07",,"Film - BW","1:40000",6,"128673"
"16_00019",16,17552029,1002,"airphoto",1997,"1997-08-17",,"Film - Colour","1:20000",3,"349338"
"16_00019",16,17552029,1002,"airphoto",2000,"2000-09-15",,"Film - Colour","1:30000",2,"455353"
"16_00019",16,17552029,1002,"airphoto",2012,"2012-07-06",,"Digital - Colour","1:50000",2,"2050241"
"16_00019",16,17552029,1002,"orthophoto",2021,,0.150000000000002,,,1,
"16_00020",16,19215865,1002,"airphoto",1975,"1975-09-08",,"Film - BW","1:15000",4,"1292707"
"16_00020",16,19215865,1002,"airphoto",1977,"1977-07-25",,"Film - BW","1:20000",7,"1204404"
"16_00020",16,19215865,1002,"airphoto",1980,"1980-08-12",,"Film - BW","1:20000",3,"721892"
"16_00020",16,19215865,1002,"airphoto",1984,"1984-07-24",,"Film - BW","1:60000",3,"322850"
"16_00020",16,19215865,1002,"airphoto",1985,"1985-07-09",,"Film - BW","1:15000",2,"851184"
"16_00020",16,19215865,1002,"airphoto",1987,"1987-06-28",,"Film - BW","1:40000",2,"908318"
"16_00020",16,19215865,1002,"airphoto",1988,"1988-08-27",,"Film - Colour","1:10000",7,"998606"
"16_00020",16,19215865,1002,"airphoto",1991,"1991-07-31",,"Film - BW","1:15000",3,"599917"
"16_00020",16,19215865,1002,"airphoto",1996,"1996-07-07",,"Film - BW","1:40000",3,"128673"
"16_00020",16,19215865,1002,"airphoto",1997,"1997-08-10",,"Film - Colour","1:20000",5,"349168"
"16_00020",16,19215865,1002,"airphoto",2000,"2000-09-15",,"Film - Colour","1:30000",6,"455353"
"16_00020",16,19215865,1002,"airphoto",2012,"2012-07-13",,"Digital - Colour","1:50000",6,"2052679"
"16_00020",16,19215865,1002,"orthophoto",2021,,0.15,,,2,
"16_00021",16,46648976,2001,"airphoto",1974,"1974-09-01",,"Film - BW","1:16000",5,"1310413"
"16_00021",16,46648976,2001,"airphoto",1975,"1975-01-14",,"Film - BW","1:12000",3,"1263822"
"16_00021",16,46648976,2001,"airphoto",1987,"1987-06-28",,"Film - BW","1:40000",2,"908391"
"16_00021",16,46648976,2001,"airphoto",1988,"1988-07-20",,"Film - BW","1:20000",2,"969676"
"16_00021",16,46648976,2001,"airphoto",1990,"1990-07-26",,"Film - BW","1:15000",3,"1062472"
"16_00021",16,46648976,2001,"airphoto",1995,"1995-09-23",,"Film - BW","1:15000",3,"95746"
"16_00021",16,46648976,2001,"airphoto",1996,"1996-09-17",,"Film - BW","1:40000",4,"137038"
"16_00021",16,46648976,2001,"airphoto",2000,"2000-09-22",,"Film - Colour","1:30000",8,"456005"
"16_00021",16,46648976,2001,"airphoto",2002,"2002-08-16",,"Film - Colour","1:15000",2,"644808"
"16_00021",16,46648976,2001,"airphoto",2012,"2012-07-14",,"Digital - Colour","1:50000",3,"2053646"
"16_00022",16,28992010,2001,"airphoto",1973,"1973-09-11",,"Film - BW","1:15000",2,"1368785"
"16_00022",16,28992010,2001,"airphoto",1980,"1980-08-12",,"Film - BW","1:20000",2,"721758"
"16_00022",16,28992010,2001,"airphoto",1985,"1985-07-16",,"Film - BW","1:15000",2,"851526"
"16_00022",16,28992010,2001,"airphoto",1987,"1987-06-28",,"Film - BW","1:40000",3,"908325"
"16_00022",16,28992010,2001,"airphoto",1988,"1988-08-27",,"Film - Colour","1:10000",13,"998747"
"16_00022",16,28992010,2001,"airphoto",1990,"1990-07-29",,"Film - BW","1:15000",3,"1063440"
"16_00022",16,28992010,2001,"airphoto",1991,"1991-09-08",,"Film - BW","1:15000",2,"600330"
"16_00022",16,28992010,2001,"airphoto",1995,"1995-09-04",,"Film - BW","1:15000",2,"94509"
"16_00022",16,28992010,2001,"airphoto",1996,"1996-07-07",,"Film - BW","1:40000",3,"127993"
"16_00022",16,28992010,2001,"airphoto",1997,"1997-08-10",,"Film - Colour","1:20000",2,"349080"
"16_00022",16,28992010,2001,"airphoto",2000,"2000-09-15",,"Film - Colour","1:30000",4,"455513"
"16_00022",16,28992010,2001,"airphoto",2012,"2012-07-14",,"Digital - Colour","1:50000",6,"2053114"
"16_00022",16,28992010,2001,"orthophoto",2021,,0.149999999999998,,,1,
"16_00023",16,17212006,1002,"airphoto",1975,"1975-09-08",,"Film - BW","1:15000",4,"1292685"
"16_00023",16,17212006,1002,"airphoto",1977,"1977-07-25",,"Film - BW","1:20000",7,"1204384"
"16_00023",16,17212006,1002,"airphoto",1984,"1984-07-24",,"Film - BW","1:60000",2,"322850"
"16_00023",16,17212006,1002,"airphoto",1985,"1985-06-20",,"Film - BW","1:15000",2,"851119"
"16_00023",16,17212006,1002,"airphoto",1987,"1987-06-28",,"Film - BW","1:40000",3,"908318"
"16_00023",16,17212006,1002,"airphoto",1988,"1988-08-27",,"Film - Colour","1:10000",4,"998519"
"16_00023",16,17212006,1002,"airphoto",1991,"1991-07-22",,"Film - BW","1:15000",6,"599386"
"16_00023",16,17212006,1002,"airphoto",1996,"1996-07-07",,"Film - BW","1:40000",4,"128672"
"16_00023",16,17212006,1002,"airphoto",1997,"1997-08-17",,"Film - Colour","1:20000",3,"349339"
"16_00023",16,17212006,1002,"airphoto",2000,"2000-09-15",,"Film - Colour","1:30000",3,"455354"
"16_00023",16,17212006,1002,"airphoto",2012,"2012-07-06",,"Digital - Colour","1:50000",2,"2050241"
"16_00023",16,17212006,1002,"orthophoto",2021,,0.15,,,1,
"16_00024",16,35849640,5001,"airphoto",1973,"1973-09-15",,"Film - BW","1:15000",3,"1368943"
"16_00024",16,35849640,5001,"airphoto",1974,"1974-07-21",,"Film - BW","1:16000",2,"1316488"
"16_00024",16,35849640,5001,"airphoto",1980,"1980-08-12",,"Film - BW","1:20000",2,"721275"
"16_00024",16,35849640,5001,"airphoto",1985,"1985-07-16",,"Film - BW","1:15000",2,"851651"
"16_00024",16,35849640,5001,"airphoto",1988,"1988-07-20",,"Film - BW","1:20000",3,"970174"
"16_00024",16,35849640,5001,"airphoto",1990,"1990-07-29",,"Film - BW","1:15000",3,"1063691"
"16_00024",16,35849640,5001,"airphoto",1995,"1995-09-16",,"Film - BW","1:15000",6,"94738"
"16_00024",16,35849640,5001,"airphoto",1996,"1996-07-07",,"Film - BW","1:40000",2,"128649"
"16_00024",16,35849640,5001,"airphoto",1997,"1997-08-10",,"Film - Colour","1:20000",3,"348972"
"16_00024",16,35849640,5001,"airphoto",2000,"2000-09-15",,"Film - Colour","1:30000",3,"455234"
"16_00024",16,35849640,5001,"airphoto",2012,"2012-07-14",,"Digital - Colour","1:50000",2,"2053284"
"16_00025",16,45343134,2001,"airphoto",1974,"1974-09-01",,"Film - BW","1:16000",2,"1310367"
"16_00025",16,45343134,2001,"airphoto",1975,"1975-01-14",,"Film - BW","1:12000",3,"1263824"
"16_00025",16,45343134,2001,"airphoto",1987,"1987-06-28",,"Film - BW","1:40000",3,"908392"
"16_00025",16,45343134,2001,"airphoto",1988,"1988-07-20",,"Film - BW","1:20000",2,"969676"
"16_00025",16,45343134,2001,"airphoto",1989,"1989-05-13",,"Film - Colour","1:10000",2,"1045336"
"16_00025",16,45343134,2001,"airphoto",1990,"1990-07-26",,"Film - BW","1:15000",6,"1062473"
"16_00025",16,45343134,2001,"airphoto",1995,"1995-09-20",,"Film - BW","1:15000",5,"95858"
"16_00025",16,45343134,2001,"airphoto",1996,"1996-07-12",,"Film - BW","1:40000",6,"129440"
"16_00025",16,45343134,2001,"airphoto",2000,"2000-09-23",,"Film - Colour","1:30000",12,"456016"
"16_00025",16,45343134,2001,"airphoto",2002,"2002-08-16",,"Film - Colour","1:15000",2,"644842"
"16_00025",16,45343134,2001,"airphoto",2012,"2012-07-14",,"Digital - Colour","1:50000",6,"2053647"
"16_00025",16,45343134,2001,"airphoto",2019,"2019-08-28",,"Digital - Colour","9600",3,"2327537"
"16_00025",16,45343134,2001,"orthophoto",2021,,0.15,,,1,
"16_00026",16,36627843,11001,"airphoto",1974,"1974-07-21",,"Film - BW","1:16000",3,"1316488"
"16_00026",16,36627843,11001,"airphoto",1980,"1980-08-12",,"Film - BW","1:20000",2,"721275"
"16_00026",16,36627843,11001,"airphoto",1985,"1985-05-19",,"Film - BW","1:15000",2,"842923"
"16_00026",16,36627843,11001,"airphoto",1988,"1988-07-20",,"Film - BW","1:20000",4,"970075"
"16_00026",16,36627843,11001,"airphoto",1990,"1990-07-29",,"Film - BW","1:15000",3,"1063691"
"16_00026",16,36627843,11001,"airphoto",1995,"1995-09-16",,"Film - BW","1:15000",3,"94738"
"16_00026",16,36627843,11001,"airphoto",1996,"1996-07-07",,"Film - BW","1:40000",6,"128649"
"16_00026",16,36627843,11001,"airphoto",1997,"1997-08-10",,"Film - Colour","1:20000",6,"348972"
"16_00026",16,36627843,11001,"airphoto",2000,"2000-09-15",,"Film - Colour","1:30000",5,"455234"
"16_00026",16,36627843,11001,"airphoto",2012,"2012-07-14",,"Digital - Colour","1:50000",4,"2053284"
"16_00027",16,23222187,8001,"airphoto",1973,"1973-09-11",,"Film - BW","1:15000",6,"1368486"
"16_00027",16,23222187,8001,"airphoto",1977,"1977-07-25",,"Film - BW","1:20000",2,"1204480"
"16_00027",16,23222187,8001,"airphoto",1980,"1980-08-12",,"Film - BW","1:20000",2,"721857"
"16_00027",16,23222187,8001,"airphoto",1984,"1984-07-24",,"Film - BW","1:60000",3,"322848"
"16_00027",16,23222187,8001,"airphoto",1985,"1985-07-09",,"Film - BW","1:15000",2,"851374"
"16_00027",16,23222187,8001,"airphoto",1987,"1987-06-28",,"Film - BW","1:40000",3,"908293"
"16_00027",16,23222187,8001,"airphoto",1988,"1988-09-03",,"Film - BW","1:20000",12,"971418"
"16_00027",16,23222187,8001,"airphoto",1990,"1990-07-26",,"Film - BW","1:15000",5,"1062571"
"16_00027",16,23222187,8001,"airphoto",1995,"1995-07-21",,"Film - BW","1:15000",2,"93836"
"16_00027",16,23222187,8001,"airphoto",1996,"1996-07-07",,"Film - BW","1:40000",3,"127887"
"16_00027",16,23222187,8001,"airphoto",1997,"1997-08-10",,"Film - Colour","1:20000",3,"349242"
"16_00027",16,23222187,8001,"airphoto",2000,"2000-09-15",,"Film - Colour","1:30000",7,"455294"
"16_00027",16,23222187,8001,"airphoto",2012,"2012-07-13",,"Digital - Colour","1:50000",2,"2052798"
"16_00028",16,16308410,1005,"airphoto",1975,"1975-09-08",,"Film - BW","1:15000",6,"1292678"
"16_00028",16,16308410,1005,"airphoto",1977,"1977-08-16",,"Film - BW","1:10000",8,"1203874"
"16_00028",16,16308410,1005,"airphoto",1984,"1984-07-24",,"Film - BW","1:60000",2,"322849"
"16_00028",16,16308410,1005,"airphoto",1985,"1985-05-20",,"Film - BW","1:15000",3,"842815"
"16_00028",16,16308410,1005,"airphoto",1987,"1987-06-28",,"Film - BW","1:40000",2,"908318"
"16_00028",16,16308410,1005,"airphoto",1988,"1988-08-27",,"Film - Colour","1:10000",6,"998517"
"16_00028",16,16308410,1005,"airphoto",1991,"1991-07-22",,"Film - BW","1:15000",3,"599385"
"16_00028",16,16308410,1005,"airphoto",1996,"1996-07-07",,"Film - BW","1:40000",6,"128772"
"16_00028",16,16308410,1005,"airphoto",1997,"1997-08-17",,"Film - Colour","1:20000",6,"349340"
"16_00028",16,16308410,1005,"airphoto",2000,"2000-09-15",,"Film - Colour","1:30000",2,"455354"
"16_00028",16,16308410,1005,"airphoto",2012,"2012-07-06",,"Digital - Colour","1:50000",4,"2050243"
"16_00028",16,16308410,1005,"orthophoto",2021,,0.15,,,1,
"16_00029",16,33697253,8001,"airphoto",1973,"1973-09-15",,"Film - BW","1:15000",2,"1368986"
"16_00029",16,33697253,8001,"airphoto",1975,"1975-01-14",,"Film - BW","1:12000",3,"1263838"
"16_00029",16,33697253,8001,"airphoto",1980,"1980-08-12",,"Film - BW","1:20000",3,"721305"
"16_00029",16,33697253,8001,"airphoto",1987,"1987-06-28",,"Film - BW","1:40000",3,"908362"
"16_00029",16,33697253,8001,"airphoto",1988,"1988-08-27",,"Film - Colour","1:10000",6,"998809"
"16_00029",16,33697253,8001,"airphoto",1990,"1990-07-29",,"Film - BW","1:15000",3,"1063598"
"16_00029",16,33697253,8001,"airphoto",1995,"1995-09-16",,"Film - BW","1:15000",3,"94611"
"16_00029",16,33697253,8001,"airphoto",1996,"1996-07-12",,"Film - BW","1:40000",4,"129577"
"16_00029",16,33697253,8001,"airphoto",1997,"1997-08-10",,"Film - Colour","1:20000",4,"349003"
"16_00029",16,33697253,8001,"airphoto",2000,"2000-09-15",,"Film - Colour","1:30000",2,"455253"
"16_00029",16,33697253,8001,"airphoto",2002,"2002-08-16",,"Film - Colour","1:15000",4,"645060"
"16_00029",16,33697253,8001,"airphoto",2012,"2012-07-14",,"Digital - Colour","1:50000",3,"2053243"
"16_00029",16,33697253,8001,"orthophoto",2021,,0.150000000000001,,,1,
"16_00030",16,17775586,1002,"airphoto",1975,"1975-09-08",,"Film - BW","1:15000",4,"1292686"
"16_00030",16,17775586,1002,"airphoto",1977,"1977-08-16",,"Film - BW","1:10000",10,"1203763"
"16_00030",16,17775586,1002,"airphoto",1984,"1984-07-24",,"Film - BW","1:60000",2,"322850"
"16_00030",16,17775586,1002,"airphoto",1985,"1985-06-20",,"Film - BW","1:15000",2,"851120"
"16_00030",16,17775586,1002,"airphoto",1987,"1987-06-28",,"Film - BW","1:40000",2,"908318"
"16_00030",16,17775586,1002,"airphoto",1988,"1988-08-27",,"Film - Colour","1:10000",10,"998528"
"16_00030",16,17775586,1002,"airphoto",1991,"1991-07-31",,"Film - BW","1:15000",4,"599916"
"16_00030",16,17775586,1002,"airphoto",1996,"1996-07-07",,"Film - BW","1:40000",4,"128673"
"16_00030",16,17775586,1002,"airphoto",1997,"1997-08-17",,"Film - Colour","1:20000",2,"349339"
"16_00030",16,17775586,1002,"airphoto",2000,"2000-09-15",,"Film - Colour","1:30000",2,"455354"
"16_00030",16,17775586,1002,"airphoto",2012,"2012-07-06",,"Digital - Colour","1:50000",3,"2050241"
"16_00030",16,17775586,1002,"orthophoto",2021,,0.150000000000002,,,1,
"17_00001",17,23799237,2007,"airphoto",1969,"1969-08-06",,"Film - BW","1:16000",2,"779702"
"17_00001",17,23799237,2007,"airphoto",1971,"1971-08-12",,"Film - BW","1:31680",2,"1414808"
"17_00001",17,23799237,2007,"airphoto",1972,"1972-08-14",,"Film - BW","1:60000",2,"1384612"
"17_00001",17,23799237,2007,"airphoto",1973,"1973-09-11",,"Film - BW","1:15000",2,"1368519"
"17_00001",17,23799237,2007,"airphoto",1977,"1977-08-16",,"Film - BW","1:10000",9,"1204047"
"17_00001",17,23799237,2007,"airphoto",1980,"1980-08-12",,"Film - BW","1:20000",2,"721833"
"17_00001",17,23799237,2007,"airphoto",1984,"1984-09-14",,"Film - BW","1:18000",10,"681095"
"17_00001",17,23799237,2007,"airphoto",1985,"1985-07-09",,"Film - BW","1:15000",3,"851344"
"17_00001",17,23799237,2007,"airphoto",1988,"1988-08-07",,"Film - BW","1:20000",2,"970875"
"17_00001",17,23799237,2007,"airphoto",1990,"1990-07-26",,"Film - BW","1:15000",4,"1062538"
"17_00001",17,23799237,2007,"airphoto",1991,"1991-09-08",,"Film - BW","1:15000",3,"600462"
"17_00001",17,23799237,2007,"airphoto",1996,"1996-07-07",,"Film - BW","1:40000",6,"127901"
"17_00001",17,23799237,2007,"airphoto",1997,"1997-08-10",,"Film - Colour","1:20000",3,"349267"
"17_00001",17,23799237,2007,"airphoto",2000,"2000-09-15",,"Film - Colour","1:30000",5,"455311"
"17_00001",17,23799237,2007,"airphoto",2005,"2005-07-25",,"Film - Colour","1:20000",3,"1529419"
"17_00001",17,23799237,2007,"airphoto",2012,"2012-07-13",,"Digital - Colour","1:50000",5,"2052763"
"17_00001",17,23799237,2007,"orthophoto",2021,,0.149999999999999,,,1,
"17_00002",17,17268170,2007,"airphoto",1976,"1976-05-07",,"Film - BW","1:18000",2,"1225001"
"17_00002",17,17268170,2007,"airphoto",1977,"1977-08-16",,"Film - BW","1:10000",7,"1203792"
"17_00002",17,17268170,2007,"airphoto",1984,"1984-09-14",,"Film - BW","1:18000",18,"681191"
"17_00002",17,17268170,2007,"airphoto",1985,"1985-06-20",,"Film - BW","1:15000",2,"851133"
"17_00002",17,17268170,2007,"airphoto",1988,"1988-08-07",,"Film - BW","1:20000",3,"970768"
"17_00002",17,17268170,2007,"airphoto",1991,"1991-07-22",,"Film - BW","1:15000",3,"599405"
"17_00002",17,17268170,2007,"airphoto",1996,"1996-07-07",,"Film - BW","1:40000",6,"128680"
"17_00002",17,17268170,2007,"airphoto",1997,"1997-08-17",,"Film - Colour","1:20000",3,"349325"
"17_00002",17,17268170,2007,"airphoto",2000,"2000-09-15",,"Film - Colour","1:30000",3,"455345"
"17_00002",17,17268170,2007,"airphoto",2005,"2005-07-25",,"Film - Colour","1:20000",1,"1529498"
"17_00002",17,17268170,2007,"airphoto",2012,"2012-07-06",,"Digital - Colour","1:50000",6,"2050223"
"17_00002",17,17268170,2007,"orthophoto",2021,,0.149999999999999,,,1,
"17_00003",17,34885342,2007,"airphoto",1963,"1963-05-17",,"Film - BW","1:32000",2,"1474040"
"17_00003",17,34885342,2007,"airphoto",1973,"1973-09-15",,"Film - BW","1:15000",2,"1368929"
"17_00003",17,34885342,2007,"airphoto",1977,"1977-08-14",,"Film - BW","1:20000",4,"1198812"
"17_00003",17,34885342,2007,"airphoto",1980,"1980-08-12",,"Film - BW","1:20000",2,"721265"
"17_00003",17,34885342,2007,"airphoto",1985,"1985-05-15",,"Film - Colour","1:10000",5,"855833"
"17_00003",17,34885342,2007,"airphoto",1988,"1988-07-20",,"Film - BW","1:20000",4,"970183"
"17_00003",17,34885342,2007,"airphoto",1990,"1990-07-29",,"Film - BW","1:15000",3,"1063661"
"17_00003",17,34885342,2007,"airphoto",1994,"1994-07-27",,"Film - BW","1:15000",3,"74559"
"17_00003",17,34885342,2007,"airphoto",1995,"1995-09-16",,"Film - BW","1:15000",2,"94558"
"17_00003",17,34885342,2007,"airphoto",1996,"1996-07-07",,"Film - BW","1:40000",3,"128643"
"17_00003",17,34885342,2007,"airphoto",2000,"2000-09-23",,"Film - Colour","1:30000",9,"456060"
"17_00003",17,34885342,2007,"airphoto",2002,"2002-08-21",,"Film - Colour","1:30000",2,"643657"
"17_00003",17,34885342,2007,"airphoto",2006,"2006-08-17",,"Film - Colour","1:20000",6,"1586721"
"17_00003",17,34885342,2007,"airphoto",2012,"2012-07-14",,"Digital - Colour","1:50000",4,"2053297"
"17_00004",17,16670925,2007,"airphoto",1972,"1972-08-14",,"Film - BW","1:60000",3,"1384614"
"17_00004",17,16670925,2007,"airphoto",1973,"1973-08-11",,"Film - BW","1:15000",3,"1368185"
"17_00004",17,16670925,2007,"airphoto",1977,"1977-08-16",,"Film - BW","1:10000",4,"1203822"
"17_00004",17,16670925,2007,"airphoto",1984,"1984-09-14",,"Film - BW","1:18000",4,"681168"
"17_00004",17,16670925,2007,"airphoto",1985,"1985-06-20",,"Film - BW","1:15000",2,"851054"
"17_00004",17,16670925,2007,"airphoto",1988,"1988-08-07",,"Film - BW","1:20000",2,"970779"
"17_00004",17,16670925,2007,"airphoto",1991,"1991-07-22",,"Film - BW","1:15000",3,"599421"
"17_00004",17,16670925,2007,"airphoto",1996,"1996-07-07",,"Film - BW","1:40000",6,"128758"
"17_00004",17,16670925,2007,"airphoto",1997,"1997-08-17",,"Film - Colour","1:20000",7,"349441"
"17_00004",17,16670925,2007,"airphoto",2000,"2000-09-15",,"Film - Colour","1:30000",2,"455337"
"17_00004",17,16670925,2007,"airphoto",2006,"2006-09-05",,"Film - Colour","1:20000",3,"1588806"
"17_00004",17,16670925,2007,"airphoto",2012,"2012-07-06",,"Digital - Colour","1:50000",5,"2050344"
"17_00004",17,16670925,2007,"orthophoto",2021,,0.150000000000002,,,1,
"17_00005",17,35706631,2007,"airphoto",1973,"1973-09-15",,"Film - BW","1:15000",3,"1368942"
"17_00005",17,35706631,2007,"airphoto",1974,"1974-07-21",,"Film - BW","1:16000",3,"1316487"
"17_00005",17,35706631,2007,"airphoto",1980,"1980-08-12",,"Film - BW","1:20000",3,"721274"
"17_00005",17,35706631,2007,"airphoto",1985,"1985-07-16",,"Film - BW","1:15000",2,"851650"
"17_00005",17,35706631,2007,"airphoto",1988,"1988-07-20",,"Film - BW","1:20000",3,"970174"
"17_00005",17,35706631,2007,"airphoto",1990,"1990-07-29",,"Film - BW","1:15000",5,"1063690"
"17_00005",17,35706631,2007,"airphoto",1995,"1995-09-16",,"Film - BW","1:15000",5,"94739"
"17_00005",17,35706631,2007,"airphoto",1996,"1996-07-07",,"Film - BW","1:40000",3,"128648"
"17_00005",17,35706631,2007,"airphoto",1997,"1997-08-10",,"Film - Colour","1:20000",2,"348971"
"17_00005",17,35706631,2007,"airphoto",2000,"2000-09-15",,"Film - Colour","1:30000",2,"455234"
"17_00005",17,35706631,2007,"airphoto",2012,"2012-07-14",,"Digital - Colour","1:50000",3,"2053285"
"17_00006",17,22099241,2007,"airphoto",1971,"1971-08-12",,"Film - BW","1:31680",2,"1414788"
"17_00006",17,22099241,2007,"airphoto",1972,"1972-08-14",,"Film - BW","1:60000",1,"1384612"
"17_00006",17,22099241,2007,"airphoto",1973,"1973-09-11",,"Film - BW","1:15000",3,"1368516"
"17_00006",17,22099241,2007,"airphoto",1976,"1976-05-07",,"Film - BW","1:18000",2,"1225021"
"17_00006",17,22099241,2007,"airphoto",1977,"1977-08-16",,"Film - BW","1:10000",7,"1204072"
"17_00006",17,22099241,2007,"airphoto",1980,"1980-08-12",,"Film - BW","1:20000",2,"721908"
"17_00006",17,22099241,2007,"airphoto",1984,"1984-09-14",,"Film - BW","1:18000",12,"681090"
"17_00006",17,22099241,2007,"airphoto",1985,"1985-07-09",,"Film - BW","1:15000",2,"851202"
"17_00006",17,22099241,2007,"airphoto",1988,"1988-08-07",,"Film - BW","1:20000",6,"970873"
"17_00006",17,22099241,2007,"airphoto",1990,"1990-07-26",,"Film - BW","1:15000",2,"1062541"
"17_00006",17,22099241,2007,"airphoto",1991,"1991-07-31",,"Film - BW","1:15000",5,"599707"
"17_00006",17,22099241,2007,"airphoto",1996,"1996-07-07",,"Film - BW","1:40000",4,"128682"
"17_00006",17,22099241,2007,"airphoto",1997,"1997-08-10",,"Film - Colour","1:20000",4,"349151"
"17_00006",17,22099241,2007,"airphoto",2000,"2000-09-15",,"Film - Colour","1:30000",3,"455309"
"17_00006",17,22099241,2007,"airphoto",2005,"2005-07-25",,"Film - Colour","1:20000",2,"1529416"
"17_00006",17,22099241,2007,"airphoto",2006,"2006-09-05",,"Film - Colour","1:20000",2,"1588749"
"17_00006",17,22099241,2007,"airphoto",2012,"2012-07-13",,"Digital - Colour","1:50000",3,"2052701"
"17_00006",17,22099241,2007,"orthophoto",2021,,0.15,,,1,
"17_00007",17,27277869,2007,"airphoto",1973,"1973-09-11",,"Film - BW","1:15000",2,"1368689"
"17_00007",17,27277869,2007,"airphoto",1980,"1980-08-12",,"Film - BW","1:20000",2,"721789"
"17_00007",17,27277869,2007,"airphoto",1984,"1984-09-14",,"Film - BW","1:18000",5,"681256"
"17_00007",17,27277869,2007,"airphoto",1985,"1985-07-09",,"Film - BW","1:15000",2,"851395"
"17_00007",17,27277869,2007,"airphoto",1988,"1988-08-12",,"Film - BW","1:20000",5,"971027"
"17_00007",17,27277869,2007,"airphoto",1990,"1990-07-29",,"Film - BW","1:15000",4,"1063343"
"17_00007",17,27277869,2007,"airphoto",1991,"1991-09-08",,"Film - BW","1:15000",3,"600387"
"17_00007",17,27277869,2007,"airphoto",1996,"1996-07-07",,"Film - BW","1:40000",6,"127898"
"17_00007",17,27277869,2007,"airphoto",1997,"1997-08-10",,"Film - Colour","1:20000",3,"349109"
"17_00007",17,27277869,2007,"airphoto",2000,"2000-08-04",,"Film - Colour","1:30000",2,"454636"
"17_00007",17,27277869,2007,"airphoto",2005,"2005-07-25",,"Film - Colour","1:20000",3,"1529440"
"17_00007",17,27277869,2007,"airphoto",2012,"2012-07-13",,"Digital - Colour","1:50000",2,"2053017"
"17_00008",17,16644098,2007,"airphoto",1972,"1972-08-14",,"Film - BW","1:60000",3,"1384614"
"17_00008",17,16644098,2007,"airphoto",1973,"1973-08-11",,"Film - BW","1:15000",3,"1368185"
"17_00008",17,16644098,2007,"airphoto",1977,"1977-08-16",,"Film - BW","1:10000",4,"1203822"
"17_00008",17,16644098,2007,"airphoto",1984,"1984-09-14",,"Film - BW","1:18000",4,"681168"
"17_00008",17,16644098,2007,"airphoto",1985,"1985-06-20",,"Film - BW","1:15000",2,"851054"
"17_00008",17,16644098,2007,"airphoto",1988,"1988-08-07",,"Film - BW","1:20000",2,"970780"
"17_00008",17,16644098,2007,"airphoto",1991,"1991-07-22",,"Film - BW","1:15000",3,"599421"
"17_00008",17,16644098,2007,"airphoto",1996,"1996-07-07",,"Film - BW","1:40000",6,"128758"
"17_00008",17,16644098,2007,"airphoto",1997,"1997-08-17",,"Film - Colour","1:20000",7,"349441"
"17_00008",17,16644098,2007,"airphoto",2000,"2000-09-15",,"Film - Colour","1:30000",2,"455337"
"17_00008",17,16644098,2007,"airphoto",2006,"2006-09-05",,"Film - Colour","1:20000",3,"1588806"
"17_00008",17,16644098,2007,"airphoto",2012,"2012-07-06",,"Digital - Colour","1:50000",5,"2050344"
"17_00008",17,16644098,2007,"orthophoto",2021,,0.150000000000002,,,1,
"17_00009",17,22170746,2007,"airphoto",1971,"1971-08-12",,"Film - BW","1:31680",2,"1414788"
"17_00009",17,22170746,2007,"airphoto",1972,"1972-08-14",,"Film - BW","1:60000",1,"1384612"
"17_00009",17,22170746,2007,"airphoto",1973,"1973-09-11",,"Film - BW","1:15000",2,"1368516"
"17_00009",17,22170746,2007,"airphoto",1976,"1976-05-07",,"Film - BW","1:18000",3,"1225022"
"17_00009",17,22170746,2007,"airphoto",1977,"1977-08-16",,"Film - BW","1:10000",9,"1204073"
"17_00009",17,22170746,2007,"airphoto",1980,"1980-08-12",,"Film - BW","1:20000",3,"721908"
"17_00009",17,22170746,2007,"airphoto",1984,"1984-09-14",,"Film - BW","1:18000",13,"681089"
"17_00009",17,22170746,2007,"airphoto",1985,"1985-07-09",,"Film - BW","1:15000",2,"851201"
"17_00009",17,22170746,2007,"airphoto",1988,"1988-08-07",,"Film - BW","1:20000",4,"970872"
"17_00009",17,22170746,2007,"airphoto",1990,"1990-07-26",,"Film - BW","1:15000",1,"1062541"
"17_00009",17,22170746,2007,"airphoto",1991,"1991-07-31",,"Film - BW","1:15000",5,"599707"
"17_00009",17,22170746,2007,"airphoto",1996,"1996-07-07",,"Film - BW","1:40000",6,"128682"
"17_00009",17,22170746,2007,"airphoto",1997,"1997-08-10",,"Film - Colour","1:20000",5,"349151"
"17_00009",17,22170746,2007,"airphoto",2000,"2000-09-15",,"Film - Colour","1:30000",3,"455309"
"17_00009",17,22170746,2007,"airphoto",2005,"2005-07-25",,"Film - Colour","1:20000",3,"1529416"
"17_00009",17,22170746,2007,"airphoto",2006,"2006-09-05",,"Film - Colour","1:20000",1,"1588749"
"17_00009",17,22170746,2007,"airphoto",2012,"2012-07-13",,"Digital - Colour","1:50000",2,"2052701"
"17_00009",17,22170746,2007,"orthophoto",2021,,0.15,,,1,
"17_00010",17,33203153,2007,"airphoto",1971,"1971-08-30",,"Film - BW","1:31680",1,"1414858"
"17_00010",17,33203153,2007,"airphoto",1973,"1973-09-15",,"Film - BW","1:15000",2,"1368917"
"17_00010",17,33203153,2007,"airphoto",1980,"1980-08-12",,"Film - BW","1:20000",6,"721715"
"17_00010",17,33203153,2007,"airphoto",1985,"1985-05-15",,"Film - Colour","1:10000",6,"855891"
"17_00010",17,33203153,2007,"airphoto",1988,"1988-09-03",,"Film - BW","1:20000",3,"971276"
"17_00010",17,33203153,2007,"airphoto",1990,"1990-07-29",,"Film - BW","1:15000",6,"1063657"
"17_00010",17,33203153,2007,"airphoto",1995,"1995-09-01",,"Film - BW","1:15000",5,"94123"
"17_00010",17,33203153,2007,"airphoto",1996,"1996-07-07",,"Film - BW","1:40000",6,"128645"
"17_00010",17,33203153,2007,"airphoto",2000,"2000-09-23",,"Film - BW","1:15000",12,"468448"
"17_00010",17,33203153,2007,"airphoto",2006,"2006-08-17",,"Film - Colour","1:20000",3,"1586718"
"17_00010",17,33203153,2007,"airphoto",2012,"2012-07-14",,"Digital - Colour","1:50000",2,"2053063"
"17_00011",17,39887515,2007,"airphoto",1974,"1974-08-01",,"Film - BW","1:16000",4,"1308674"
"17_00011",17,39887515,2007,"airphoto",1987,"1987-06-28",,"Film - BW","1:40000",2,"908366"
"17_00011",17,39887515,2007,"airphoto",1988,"1988-07-20",,"Film - BW","1:20000",3,"969829"
"17_00011",17,39887515,2007,"airphoto",1989,"1989-05-13",,"Film - Colour","1:10000",3,"1045348"
"17_00011",17,39887515,2007,"airphoto",1990,"1990-07-29",,"Film - BW","1:15000",3,"1063916"
"17_00011",17,39887515,2007,"airphoto",1995,"1995-09-16",,"Film - BW","1:15000",3,"94908"
"17_00011",17,39887515,2007,"airphoto",1996,"1996-07-12",,"Film - BW","1:40000",2,"129579"
"17_00011",17,39887515,2007,"airphoto",2000,"2000-09-15",,"Film - Colour","1:30000",5,"455483"
"17_00011",17,39887515,2007,"airphoto",2002,"2002-08-16",,"Film - Colour","1:15000",5,"644924"
"17_00011",17,39887515,2007,"airphoto",2012,"2012-07-14",,"Digital - Colour","1:50000",2,"2053463"
"17_00011",17,39887515,2007,"airphoto",2019,"2019-08-28",,"Digital - Colour","9600",3,"2327604"
"17_00012",17,22233422,2007,"airphoto",1971,"1971-08-12",,"Film - BW","1:31680",2,"1414788"
"17_00012",17,22233422,2007,"airphoto",1972,"1972-08-14",,"Film - BW","1:60000",1,"1384612"
"17_00012",17,22233422,2007,"airphoto",1973,"1973-09-11",,"Film - BW","1:15000",3,"1368516"
"17_00012",17,22233422,2007,"airphoto",1976,"1976-05-07",,"Film - BW","1:18000",2,"1225021"
"17_00012",17,22233422,2007,"airphoto",1977,"1977-08-16",,"Film - BW","1:10000",9,"1204072"
"17_00012",17,22233422,2007,"airphoto",1980,"1980-08-12",,"Film - BW","1:20000",2,"721908"
"17_00012",17,22233422,2007,"airphoto",1984,"1984-09-14",,"Film - BW","1:18000",12,"681090"
"17_00012",17,22233422,2007,"airphoto",1985,"1985-07-09",,"Film - BW","1:15000",2,"851202"
"17_00012",17,22233422,2007,"airphoto",1988,"1988-08-07",,"Film - BW","1:20000",3,"970873"
"17_00012",17,22233422,2007,"airphoto",1990,"1990-07-26",,"Film - BW","1:15000",2,"1062541"
"17_00012",17,22233422,2007,"airphoto",1991,"1991-07-31",,"Film - BW","1:15000",5,"599707"
"17_00012",17,22233422,2007,"airphoto",1996,"1996-07-07",,"Film - BW","1:40000",4,"128682"
"17_00012",17,22233422,2007,"airphoto",1997,"1997-08-10",,"Film - Colour","1:20000",4,"349151"
"17_00012",17,22233422,2007,"airphoto",2000,"2000-09-15",,"Film - Colour","1:30000",3,"455309"
"17_00012",17,22233422,2007,"airphoto",2005,"2005-07-25",,"Film - Colour","1:20000",2,"1529416"
"17_00012",17,22233422,2007,"airphoto",2006,"2006-09-05",,"Film - Colour","1:20000",2,"1588749"
"17_00012",17,22233422,2007,"airphoto",2012,"2012-07-13",,"Digital - Colour","1:50000",3,"2052701"
"17_00012",17,22233422,2007,"orthophoto",2021,,0.15,,,1,
"17_00013",17,38497461,2007,"airphoto",1974,"1974-07-21",,"Film - BW","1:16000",6,"1316624"
"17_00013",17,38497461,2007,"airphoto",1985,"1985-07-16",,"Film - BW","1:15000",4,"851691"
"17_00013",17,38497461,2007,"airphoto",1988,"1988-07-20",,"Film - BW","1:20000",4,"970074"
"17_00013",17,38497461,2007,"airphoto",1990,"1990-07-29",,"Film - BW","1:15000",3,"1063831"
"17_00013",17,38497461,2007,"airphoto",1995,"1995-09-16",,"Film - BW","1:15000",3,"94775"
"17_00013",17,38497461,2007,"airphoto",1996,"1996-07-07",,"Film - BW","1:40000",6,"128586"
"17_00013",17,38497461,2007,"airphoto",1997,"1997-08-10",,"Film - Colour","1:20000",2,"348969"
"17_00013",17,38497461,2007,"airphoto",2000,"2000-09-15",,"Film - Colour","1:30000",2,"455503"
"17_00013",17,38497461,2007,"airphoto",2012,"2012-07-14",,"Digital - Colour","1:50000",3,"2053320"
"17_00014",17,19406877,2007,"airphoto",1969,"1969-08-06",,"Film - BW","1:16000",4,"779708"
"17_00014",17,19406877,2007,"airphoto",1971,"1971-08-12",,"Film - BW","1:31680",2,"1414787"
"17_00014",17,19406877,2007,"airphoto",1972,"1972-08-14",,"Film - BW","1:60000",2,"1384612"
"17_00014",17,19406877,2007,"airphoto",1973,"1973-08-11",,"Film - BW","1:15000",1,"1368225"
"17_00014",17,19406877,2007,"airphoto",1975,"1975-09-08",,"Film - BW","1:15000",2,"1292729"
"17_00014",17,19406877,2007,"airphoto",1976,"1976-05-07",,"Film - BW","1:18000",4,"1225006"
"17_00014",17,19406877,2007,"airphoto",1977,"1977-08-16",,"Film - BW","1:10000",13,"1203709"
"17_00014",17,19406877,2007,"airphoto",1980,"1980-08-12",,"Film - BW","1:20000",2,"721909"
"17_00014",17,19406877,2007,"airphoto",1984,"1984-08-12",,"Film - BW","1:18000",13,"681021"
"17_00014",17,19406877,2007,"airphoto",1985,"1985-06-20",,"Film - BW","1:15000",2,"851138"
"17_00014",17,19406877,2007,"airphoto",1988,"1988-08-07",,"Film - BW","1:20000",6,"970703"
"17_00014",17,19406877,2007,"airphoto",1991,"1991-07-31",,"Film - BW","1:15000",2,"599939"
"17_00014",17,19406877,2007,"airphoto",1996,"1996-07-07",,"Film - BW","1:40000",3,"128683"
"17_00014",17,19406877,2007,"airphoto",1997,"1997-08-17",,"Film - Colour","1:20000",4,"349321"
"17_00014",17,19406877,2007,"airphoto",2000,"2000-09-15",,"Film - Colour","1:30000",5,"455342"
"17_00014",17,19406877,2007,"airphoto",2006,"2006-09-05",,"Film - Colour","1:20000",2,"1588751"
"17_00014",17,19406877,2007,"airphoto",2012,"2012-07-06",,"Digital - Colour","1:50000",4,"2050217"
"17_00014",17,19406877,2007,"orthophoto",2021,,0.15,,,1,
"17_00015",17,31467589,2007,"airphoto",1971,"1971-08-30",,"Film - BW","1:31680",2,"1414858"
"17_00015",17,31467589,2007,"airphoto",1973,"1973-09-11",,"Film - BW","1:15000",5,"1368737"
"17_00015",17,31467589,2007,"airphoto",1980,"1980-08-12",,"Film - BW","1:20000",3,"721714"
"17_00015",17,31467589,2007,"airphoto",1985,"1985-07-16",,"Film - BW","1:15000",2,"851578"
"17_00015",17,31467589,2007,"airphoto",1988,"1988-09-03",,"Film - BW","1:20000",3,"971277"
"17_00015",17,31467589,2007,"airphoto",1990,"1990-07-29",,"Film - BW","1:15000",3,"1063496"
"17_00015",17,31467589,2007,"airphoto",1995,"1995-09-01",,"Film - BW","1:15000",4,"94125"
"17_00015",17,31467589,2007,"airphoto",1996,"1996-07-07",,"Film - BW","1:40000",5,"127973"
"17_00015",17,31467589,2007,"airphoto",2000,"2000-09-23",,"Film - BW","1:15000",8,"468446"
"17_00015",17,31467589,2007,"airphoto",2006,"2006-08-17",,"Film - Colour","1:20000",5,"1586828"
"17_00015",17,31467589,2007,"airphoto",2012,"2012-07-14",,"Digital - Colour","1:50000",2,"2053064"
"17_00016",17,14800672,2007,"airphoto",1973,"1973-08-11",,"Film - BW","1:15000",3,"1368190"
"17_00016",17,14800672,2007,"airphoto",1977,"1977-07-25",,"Film - BW","1:20000",3,"1204354"
"17_00016",17,14800672,2007,"airphoto",1984,"1984-09-14",,"Film - BW","1:18000",22,"681156"
"17_00016",17,14800672,2007,"airphoto",1985,"1985-06-20",,"Film - BW","1:15000",2,"851059"
"17_00016",17,14800672,2007,"airphoto",1988,"1988-08-07",,"Film - BW","1:20000",2,"970813"
"17_00016",17,14800672,2007,"airphoto",1991,"1991-07-22",,"Film - BW","1:15000",3,"599303"
"17_00016",17,14800672,2007,"airphoto",1996,"1996-07-07",,"Film - BW","1:40000",3,"128760"
"17_00016",17,14800672,2007,"airphoto",1997,"1997-08-17",,"Film - Colour","1:20000",2,"349437"
"17_00016",17,14800672,2007,"airphoto",2000,"2000-09-15",,"Film - Colour","1:30000",5,"455407"
"17_00016",17,14800672,2007,"airphoto",2006,"2006-09-05",,"Film - Colour","1:20000",6,"1588810"
"17_00016",17,14800672,2007,"airphoto",2012,"2012-07-06",,"Digital - Colour","1:50000",3,"2050339"
"17_00017",17,23718718,2007,"airphoto",1969,"1969-08-06",,"Film - BW","1:16000",2,"779702"
"17_00017",17,23718718,2007,"airphoto",1971,"1971-08-12",,"Film - BW","1:31680",2,"1414808"
"17_00017",17,23718718,2007,"airphoto",1972,"1972-08-14",,"Film - BW","1:60000",2,"1384612"
"17_00017",17,23718718,2007,"airphoto",1973,"1973-09-11",,"Film - BW","1:15000",2,"1368519"
"17_00017",17,23718718,2007,"airphoto",1976,"1976-05-07",,"Film - BW","1:18000",2,"1225019"
"17_00017",17,23718718,2007,"airphoto",1977,"1977-07-25",,"Film - BW","1:20000",9,"1204454"
"17_00017",17,23718718,2007,"airphoto",1980,"1980-08-12",,"Film - BW","1:20000",2,"721833"
"17_00017",17,23718718,2007,"airphoto",1984,"1984-09-14",,"Film - BW","1:18000",9,"681095"
"17_00017",17,23718718,2007,"airphoto",1985,"1985-07-09",,"Film - BW","1:15000",2,"851344"
"17_00017",17,23718718,2007,"airphoto",1988,"1988-08-07",,"Film - BW","1:20000",3,"970875"
"17_00017",17,23718718,2007,"airphoto",1990,"1990-07-26",,"Film - BW","1:15000",4,"1062538"
"17_00017",17,23718718,2007,"airphoto",1991,"1991-09-08",,"Film - BW","1:15000",3,"600462"
"17_00017",17,23718718,2007,"airphoto",1996,"1996-07-07",,"Film - BW","1:40000",6,"127901"
"17_00017",17,23718718,2007,"airphoto",1997,"1997-08-10",,"Film - Colour","1:20000",3,"349267"
"17_00017",17,23718718,2007,"airphoto",2000,"2000-09-15",,"Film - Colour","1:30000",5,"455311"
"17_00017",17,23718718,2007,"airphoto",2005,"2005-07-25",,"Film - Colour","1:20000",3,"1529419"
"17_00017",17,23718718,2007,"airphoto",2012,"2012-07-13",,"Digital - Colour","1:50000",5,"2052763"
"17_00017",17,23718718,2007,"orthophoto",2021,,0.149999999999999,,,1,
"17_00018",17,22063476,2007,"airphoto",1971,"1971-08-12",,"Film - BW","1:31680",2,"1414788"
"17_00018",17,22063476,2007,"airphoto",1972,"1972-08-14",,"Film - BW","1:60000",1,"1384612"
"17_00018",17,22063476,2007,"airphoto",1973,"1973-09-11",,"Film - BW","1:15000",2,"1368516"
"17_00018",17,22063476,2007,"airphoto",1976,"1976-05-07",,"Film - BW","1:18000",2,"1225021"
"17_00018",17,22063476,2007,"airphoto",1977,"1977-08-16",,"Film - BW","1:10000",7,"1204072"
"17_00018",17,22063476,2007,"airphoto",1980,"1980-08-12",,"Film - BW","1:20000",2,"721908"
"17_00018",17,22063476,2007,"airphoto",1984,"1984-09-14",,"Film - BW","1:18000",12,"681090"
"17_00018",17,22063476,2007,"airphoto",1985,"1985-07-09",,"Film - BW","1:15000",2,"851202"
"17_00018",17,22063476,2007,"airphoto",1988,"1988-08-07",,"Film - BW","1:20000",6,"970873"
"17_00018",17,22063476,2007,"airphoto",1990,"1990-07-26",,"Film - BW","1:15000",2,"1062541"
"17_00018",17,22063476,2007,"airphoto",1991,"1991-07-31",,"Film - BW","1:15000",5,"599707"
"17_00018",17,22063476,2007,"airphoto",1996,"1996-07-07",,"Film - BW","1:40000",4,"128682"
"17_00018",17,22063476,2007,"airphoto",1997,"1997-08-10",,"Film - Colour","1:20000",5,"349151"
"17_00018",17,22063476,2007,"airphoto",2000,"2000-09-15",,"Film - Colour","1:30000",3,"455309"
"17_00018",17,22063476,2007,"airphoto",2005,"2005-07-25",,"Film - Colour","1:20000",2,"1529416"
"17_00018",17,22063476,2007,"airphoto",2006,"2006-09-05",,"Film - Colour","1:20000",2,"1588749"
"17_00018",17,22063476,2007,"airphoto",2012,"2012-07-13",,"Digital - Colour","1:50000",3,"2052701"
"17_00018",17,22063476,2007,"orthophoto",2021,,0.15,,,1,
"17_00019",17,32018637,2007,"airphoto",1973,"1973-09-15",,"Film - BW","1:15000",3,"1368889"
"17_00019",17,32018637,2007,"airphoto",1980,"1980-08-12",,"Film - BW","1:20000",3,"721694"
"17_00019",17,32018637,2007,"airphoto",1985,"1985-07-16",,"Film - BW","1:15000",2,"851557"
"17_00019",17,32018637,2007,"airphoto",1988,"1988-09-03",,"Film - BW","1:20000",3,"971298"
"17_00019",17,32018637,2007,"airphoto",1990,"1990-07-29",,"Film - BW","1:15000",2,"1063524"
"17_00019",17,32018637,2007,"airphoto",1991,"1991-09-08",,"Film - BW","1:15000",2,"600305"
"17_00019",17,32018637,2007,"airphoto",1996,"1996-07-07",,"Film - BW","1:40000",6,"127983"
"17_00019",17,32018637,2007,"airphoto",1997,"1997-08-10",,"Film - Colour","1:20000",2,"349033"
"17_00019",17,32018637,2007,"airphoto",2000,"2000-08-04",,"Film - Colour","1:30000",9,"454599"
"17_00019",17,32018637,2007,"airphoto",2005,"2005-07-25",,"Film - Colour","1:20000",3,"1529476"
"17_00019",17,32018637,2007,"airphoto",2012,"2012-07-14",,"Digital - Colour","1:50000",4,"2053090"
"17_00020",17,33095796,2007,"airphoto",1971,"1971-08-30",,"Film - BW","1:31680",1,"1414858"
"17_00020",17,33095796,2007,"airphoto",1973,"1973-09-15",,"Film - BW","1:15000",3,"1368917"
"17_00020",17,33095796,2007,"airphoto",1980,"1980-08-12",,"Film - BW","1:20000",6,"721715"
"17_00020",17,33095796,2007,"airphoto",1985,"1985-05-15",,"Film - Colour","1:10000",6,"855891"
"17_00020",17,33095796,2007,"airphoto",1988,"1988-09-03",,"Film - BW","1:20000",3,"971276"
"17_00020",17,33095796,2007,"airphoto",1990,"1990-07-29",,"Film - BW","1:15000",6,"1063494"
"17_00020",17,33095796,2007,"airphoto",1995,"1995-09-01",,"Film - BW","1:15000",6,"94123"
"17_00020",17,33095796,2007,"airphoto",1996,"1996-07-07",,"Film - BW","1:40000",6,"128645"
"17_00020",17,33095796,2007,"airphoto",2000,"2000-09-23",,"Film - BW","1:15000",14,"468448"
"17_00020",17,33095796,2007,"airphoto",2006,"2006-08-17",,"Film - Colour","1:20000",3,"1586718"
"17_00020",17,33095796,2007,"airphoto",2012,"2012-07-14",,"Digital - Colour","1:50000",2,"2053063"
"17_00021",17,23727658,2007,"airphoto",1969,"1969-08-06",,"Film - BW","1:16000",2,"779702"
"17_00021",17,23727658,2007,"airphoto",1971,"1971-08-12",,"Film - BW","1:31680",2,"1414808"
"17_00021",17,23727658,2007,"airphoto",1972,"1972-08-14",,"Film - BW","1:60000",2,"1384612"
"17_00021",17,23727658,2007,"airphoto",1973,"1973-09-11",,"Film - BW","1:15000",3,"1368519"
"17_00021",17,23727658,2007,"airphoto",1976,"1976-05-07",,"Film - BW","1:18000",2,"1225019"
"17_00021",17,23727658,2007,"airphoto",1977,"1977-07-25",,"Film - BW","1:20000",9,"1204454"
"17_00021",17,23727658,2007,"airphoto",1980,"1980-08-12",,"Film - BW","1:20000",2,"721833"
"17_00021",17,23727658,2007,"airphoto",1984,"1984-09-14",,"Film - BW","1:18000",9,"681095"
"17_00021",17,23727658,2007,"airphoto",1985,"1985-07-09",,"Film - BW","1:15000",2,"851344"
"17_00021",17,23727658,2007,"airphoto",1988,"1988-08-07",,"Film - BW","1:20000",3,"970875"
"17_00021",17,23727658,2007,"airphoto",1990,"1990-07-26",,"Film - BW","1:15000",4,"1062538"
"17_00021",17,23727658,2007,"airphoto",1991,"1991-09-08",,"Film - BW","1:15000",3,"600462"
"17_00021",17,23727658,2007,"airphoto",1996,"1996-07-07",,"Film - BW","1:40000",6,"127901"
"17_00021",17,23727658,2007,"airphoto",1997,"1997-08-10",,"Film - Colour","1:20000",3,"349267"
"17_00021",17,23727658,2007,"airphoto",2000,"2000-09-15",,"Film - Colour","1:30000",5,"455311"
"17_00021",17,23727658,2007,"airphoto",2005,"2005-07-25",,"Film - Colour","1:20000",3,"1529419"
"17_00021",17,23727658,2007,"airphoto",2012,"2012-07-13",,"Digital - Colour","1:50000",6,"2052763"
"17_00021",17,23727658,2007,"orthophoto",2021,,0.149999999999999,,,1,
"17_00022",17,15530118,2007,"airphoto",1975,"1975-09-08",,"Film - BW","1:15000",4,"1292683"
"17_00022",17,15530118,2007,"airphoto",1977,"1977-08-16",,"Film - BW","1:10000",11,"1203889"
"17_00022",17,15530118,2007,"airphoto",1984,"1984-07-24",,"Film - BW","1:60000",3,"322849"
"17_00022",17,15530118,2007,"airphoto",1985,"1985-05-20",,"Film - BW","1:15000",3,"842815"
"17_00022",17,15530118,2007,"airphoto",1987,"1987-06-28",,"Film - BW","1:40000",2,"908317"
"17_00022",17,15530118,2007,"airphoto",1988,"1988-08-27",,"Film - Colour","1:10000",6,"998402"
"17_00022",17,15530118,2007,"airphoto",1991,"1991-07-22",,"Film - BW","1:15000",7,"599384"
"17_00022",17,15530118,2007,"airphoto",1996,"1996-07-07",,"Film - BW","1:40000",6,"128772"
"17_00022",17,15530118,2007,"airphoto",1997,"1997-08-17",,"Film - Colour","1:20000",5,"349414"
"17_00022",17,15530118,2007,"airphoto",2000,"2000-09-15",,"Film - Colour","1:30000",5,"455355"
"17_00022",17,15530118,2007,"airphoto",2012,"2012-07-06",,"Digital - Colour","1:50000",6,"2050309"
"17_00022",17,15530118,2007,"orthophoto",2021,,0.149999999999999,,,2,
"17_00023",17,13680365,2007,"airphoto",1977,"1977-08-16",,"Film - BW","1:10000",11,"1203957"
"17_00023",17,13680365,2007,"airphoto",1984,"1984-07-24",,"Film - BW","1:60000",4,"322891"
"17_00023",17,13680365,2007,"airphoto",1985,"1985-06-20",,"Film - BW","1:15000",2,"851071"
"17_00023",17,13680365,2007,"airphoto",1988,"1988-08-07",,"Film - BW","1:20000",2,"970826"
"17_00023",17,13680365,2007,"airphoto",1991,"1991-07-22",,"Film - BW","1:15000",5,"599319"
"17_00023",17,13680365,2007,"airphoto",1996,"1996-07-07",,"Film - BW","1:40000",3,"128767"
"17_00023",17,13680365,2007,"airphoto",1997,"1997-08-17",,"Film - Colour","1:20000",4,"349425"
"17_00023",17,13680365,2007,"airphoto",2000,"2000-09-15",,"Film - Colour","1:30000",2,"455399"
"17_00023",17,13680365,2007,"airphoto",2005,"2005-07-25",,"Film - Colour","1:20000",5,"1529504"
"17_00023",17,13680365,2007,"airphoto",2012,"2012-07-06",,"Digital - Colour","1:50000",2,"2050323"
"17_00023",17,13680365,2007,"orthophoto",2021,,0.149999999999999,,,1,
"17_00024",17,20962315,2007,"airphoto",1975,"1975-09-08",,"Film - BW","1:15000",2,"1292722"
"17_00024",17,20962315,2007,"airphoto",1976,"1976-05-07",,"Film - BW","1:18000",2,"1225027"
"17_00024",17,20962315,2007,"airphoto",1977,"1977-08-16",,"Film - BW","1:10000",10,"1204141"
"17_00024",17,20962315,2007,"airphoto",1980,"1980-08-12",,"Film - BW","1:20000",2,"721903"
"17_00024",17,20962315,2007,"airphoto",1984,"1984-09-14",,"Film - BW","1:18000",7,"681131"
"17_00024",17,20962315,2007,"airphoto",1985,"1985-07-09",,"Film - BW","1:15000",2,"851197"
"17_00024",17,20962315,2007,"airphoto",1988,"1988-08-07",,"Film - BW","1:20000",3,"970708"
"17_00024",17,20962315,2007,"airphoto",1991,"1991-07-31",,"Film - BW","1:15000",3,"599713"
"17_00024",17,20962315,2007,"airphoto",1996,"1996-07-07",,"Film - BW","1:40000",6,"128680"
"17_00024",17,20962315,2007,"airphoto",1997,"1997-08-10",,"Film - Colour","1:20000",2,"349156"
"17_00024",17,20962315,2007,"airphoto",2000,"2000-09-15",,"Film - Colour","1:30000",3,"455306"
"17_00024",17,20962315,2007,"airphoto",2005,"2005-07-25",,"Film - Colour","1:20000",2,"1529482"
"17_00024",17,20962315,2007,"airphoto",2012,"2012-07-11",,"Digital - Colour","1:50000",3,"2050518"
"17_00024",17,20962315,2007,"orthophoto",2021,,0.149999999999999,,,2,
"17_00025",17,21177863,2007,"airphoto",1971,"1971-08-12",,"Film - BW","1:31680",1,"1414787"
"17_00025",17,21177863,2007,"airphoto",1972,"1972-08-14",,"Film - BW","1:60000",1,"1384612"
"17_00025",17,21177863,2007,"airphoto",1975,"1975-09-08",,"Film - BW","1:15000",2,"1292729"
"17_00025",17,21177863,2007,"airphoto",1976,"1976-05-07",,"Film - BW","1:18000",3,"1225022"
"17_00025",17,21177863,2007,"airphoto",1977,"1977-08-16",,"Film - BW","1:10000",11,"1204072"
"17_00025",17,21177863,2007,"airphoto",1980,"1980-08-12",,"Film - BW","1:20000",3,"721908"
"17_00025",17,21177863,2007,"airphoto",1984,"1984-09-14",,"Film - BW","1:18000",8,"681120"
"17_00025",17,21177863,2007,"airphoto",1985,"1985-07-09",,"Film - BW","1:15000",2,"851201"
"17_00025",17,21177863,2007,"airphoto",1988,"1988-08-07",,"Film - BW","1:20000",2,"970704"
"17_00025",17,21177863,2007,"airphoto",1991,"1991-07-31",,"Film - BW","1:15000",3,"599707"
"17_00025",17,21177863,2007,"airphoto",1996,"1996-07-07",,"Film - BW","1:40000",6,"128682"
"17_00025",17,21177863,2007,"airphoto",1997,"1997-08-10",,"Film - Colour","1:20000",3,"349151"
"17_00025",17,21177863,2007,"airphoto",2000,"2000-09-15",,"Film - Colour","1:30000",3,"455309"
"17_00025",17,21177863,2007,"airphoto",2006,"2006-09-05",,"Film - Colour","1:20000",1,"1588749"
"17_00025",17,21177863,2007,"airphoto",2012,"2012-07-13",,"Digital - Colour","1:50000",3,"2052701"
"17_00025",17,21177863,2007,"orthophoto",2021,,0.15,,,1,
"17_00026",17,27331550,2007,"airphoto",1973,"1973-09-11",,"Film - BW","1:15000",2,"1368689"
"17_00026",17,27331550,2007,"airphoto",1980,"1980-08-12",,"Film - BW","1:20000",2,"721790"
"17_00026",17,27331550,2007,"airphoto",1984,"1984-09-14",,"Film - BW","1:18000",5,"681256"
"17_00026",17,27331550,2007,"airphoto",1985,"1985-07-09",,"Film - BW","1:15000",2,"851395"
"17_00026",17,27331550,2007,"airphoto",1988,"1988-08-12",,"Film - BW","1:20000",5,"971027"
"17_00026",17,27331550,2007,"airphoto",1990,"1990-07-29",,"Film - BW","1:15000",3,"1063343"
"17_00026",17,27331550,2007,"airphoto",1991,"1991-09-08",,"Film - BW","1:15000",3,"600387"
"17_00026",17,27331550,2007,"airphoto",1996,"1996-07-07",,"Film - BW","1:40000",6,"127983"
"17_00026",17,27331550,2007,"airphoto",1997,"1997-08-10",,"Film - Colour","1:20000",6,"349109"
"17_00026",17,27331550,2007,"airphoto",2000,"2000-08-04",,"Film - Colour","1:30000",2,"454636"
"17_00026",17,27331550,2007,"airphoto",2005,"2005-07-25",,"Film - Colour","1:20000",4,"1529440"
"17_00026",17,27331550,2007,"airphoto",2012,"2012-07-13",,"Digital - Colour","1:50000",2,"2053017"
"17_00027",17,20873777,2007,"airphoto",1969,"1969-08-06",,"Film - BW","1:16000",4,"779707"
"17_00027",17,20873777,2007,"airphoto",1971,"1971-08-12",,"Film - BW","1:31680",1,"1414787"
"17_00027",17,20873777,2007,"airphoto",1972,"1972-08-14",,"Film - BW","1:60000",1,"1384612"
"17_00027",17,20873777,2007,"airphoto",1975,"1975-09-08",,"Film - BW","1:15000",3,"1292729"
"17_00027",17,20873777,2007,"airphoto",1976,"1976-05-07",,"Film - BW","1:18000",2,"1225022"
"17_00027",17,20873777,2007,"airphoto",1977,"1977-08-16",,"Film - BW","1:10000",7,"1204151"
"17_00027",17,20873777,2007,"airphoto",1980,"1980-08-12",,"Film - BW","1:20000",2,"721908"
"17_00027",17,20873777,2007,"airphoto",1984,"1984-09-14",,"Film - BW","1:18000",7,"681120"
"17_00027",17,20873777,2007,"airphoto",1985,"1985-07-09",,"Film - BW","1:15000",2,"851202"
"17_00027",17,20873777,2007,"airphoto",1988,"1988-08-07",,"Film - BW","1:20000",2,"970703"
"17_00027",17,20873777,2007,"airphoto",1991,"1991-07-31",,"Film - BW","1:15000",2,"599707"
"17_00027",17,20873777,2007,"airphoto",1996,"1996-07-07",,"Film - BW","1:40000",4,"128682"
"17_00027",17,20873777,2007,"airphoto",1997,"1997-08-10",,"Film - Colour","1:20000",3,"349151"
"17_00027",17,20873777,2007,"airphoto",2000,"2000-09-15",,"Film - Colour","1:30000",3,"455309"
"17_00027",17,20873777,2007,"airphoto",2006,"2006-09-05",,"Film - Colour","1:20000",2,"1588749"
"17_00027",17,20873777,2007,"airphoto",2012,"2012-07-13",,"Digital - Colour","1:50000",3,"2052701"
"17_00027",17,20873777,2007,"orthophoto",2021,,0.150000000000002,,,1,
"17_00028",17,32925885,2007,"airphoto",1971,"1971-08-30",,"Film - BW","1:31680",1,"1414858"
"17_00028",17,32925885,2007,"airphoto",1973,"1973-09-15",,"Film - BW","1:15000",2,"1368917"
"17_00028",17,32925885,2007,"airphoto",1980,"1980-08-12",,"Film - BW","1:20000",2,"721715"
"17_00028",17,32925885,2007,"airphoto",1985,"1985-05-15",,"Film - Colour","1:10000",5,"855891"
"17_00028",17,32925885,2007,"airphoto",1988,"1988-09-03",,"Film - BW","1:20000",3,"971276"
"17_00028",17,32925885,2007,"airphoto",1990,"1990-07-29",,"Film - BW","1:15000",6,"1063494"
"17_00028",17,32925885,2007,"airphoto",1995,"1995-09-01",,"Film - BW","1:15000",3,"94123"
"17_00028",17,32925885,2007,"airphoto",1996,"1996-07-07",,"Film - BW","1:40000",6,"128645"
"17_00028",17,32925885,2007,"airphoto",2000,"2000-09-23",,"Film - BW","1:15000",9,"468448"
"17_00028",17,32925885,2007,"airphoto",2006,"2006-08-17",,"Film - Colour","1:20000",3,"1586718"
"17_00028",17,32925885,2007,"airphoto",2012,"2012-07-14",,"Digital - Colour","1:50000",2,"2053062"
"17_00029",17,31217067,2007,"airphoto",1971,"1971-08-30",,"Film - BW","1:31680",2,"1414858"
"17_00029",17,31217067,2007,"airphoto",1973,"1973-09-11",,"Film - BW","1:15000",2,"1368738"
"17_00029",17,31217067,2007,"airphoto",1980,"1980-08-12",,"Film - BW","1:20000",5,"721714"
"17_00029",17,31217067,2007,"airphoto",1985,"1985-07-16",,"Film - BW","1:15000",5,"851577"
"17_00029",17,31217067,2007,"airphoto",1988,"1988-09-03",,"Film - BW","1:20000",5,"971278"
"17_00029",17,31217067,2007,"airphoto",1990,"1990-07-29",,"Film - BW","1:15000",3,"1063496"
"17_00029",17,31217067,2007,"airphoto",1995,"1995-09-01",,"Film - BW","1:15000",6,"94100"
"17_00029",17,31217067,2007,"airphoto",1996,"1996-07-07",,"Film - BW","1:40000",6,"127973"
"17_00029",17,31217067,2007,"airphoto",2000,"2000-09-18",,"Film - BW","1:15000",8,"467928"
"17_00029",17,31217067,2007,"airphoto",2006,"2006-08-17",,"Film - Colour","1:20000",3,"1586828"
"17_00029",17,31217067,2007,"airphoto",2012,"2012-07-14",,"Digital - Colour","1:50000",5,"2053065"
"17_00030",17,23745553,2007,"airphoto",1969,"1969-08-06",,"Film - BW","1:16000",2,"779702"
"17_00030",17,23745553,2007,"airphoto",1971,"1971-08-12",,"Film - BW","1:31680",2,"1414808"
"17_00030",17,23745553,2007,"airphoto",1972,"1972-08-14",,"Film - BW","1:60000",2,"1384612"
"17_00030",17,23745553,2007,"airphoto",1973,"1973-09-11",,"Film - BW","1:15000",2,"1368519"
"17_00030",17,23745553,2007,"airphoto",1976,"1976-05-07",,"Film - BW","1:18000",2,"1225019"
"17_00030",17,23745553,2007,"airphoto",1977,"1977-07-25",,"Film - BW","1:20000",9,"1204454"
"17_00030",17,23745553,2007,"airphoto",1980,"1980-08-12",,"Film - BW","1:20000",2,"721833"
"17_00030",17,23745553,2007,"airphoto",1984,"1984-09-14",,"Film - BW","1:18000",9,"681095"
"17_00030",17,23745553,2007,"airphoto",1985,"1985-07-09",,"Film - BW","1:15000",2,"851344"
"17_00030",17,23745553,2007,"airphoto",1988,"1988-08-07",,"Film - BW","1:20000",3,"970875"
"17_00030",17,23745553,2007,"airphoto",1990,"1990-07-26",,"Film - BW","1:15000",4,"1062538"
"17_00030",17,23745553,2007,"airphoto",1991,"1991-09-08",,"Film - BW","1:15000",3,"600462"
"17_00030",17,23745553,2007,"airphoto",1996,"1996-07-07",,"Film - BW","1:40000",6,"127901"
"17_00030",17,23745553,2007,"airphoto",1997,"1997-08-10",,"Film - Colour","1:20000",3,"349267"
"17_00030",17,23745553,2007,"airphoto",2000,"2000-09-15",,"Film - Colour","1:30000",5,"455311"
"17_00030",17,23745553,2007,"airphoto",2005,"2005-07-25",,"Film - Colour","1:20000",3,"1529419"
"17_00030",17,23745553,2007,"airphoto",2012,"2012-07-13",,"Digital - Colour","1:50000",5,"2052763"
"17_00030",17,23745553,2007,"orthophoto",2021,,0.149999999999999,,,1,
"18_00001",18,29180272,7011,"airphoto",1973,"1973-09-11",,"Film - BW","1:15000",2,"1368782"
"18_00001",18,29180272,7011,"airphoto",1980,"1980-08-12",,"Film - BW","1:20000",3,"721755"
"18_00001",18,29180272,7011,"airphoto",1985,"1985-07-16",,"Film - BW","1:15000",2,"851524"
"18_00001",18,29180272,7011,"airphoto",1987,"1987-06-28",,"Film - BW","1:40000",3,"908324"
"18_00001",18,29180272,7011,"airphoto",1988,"1988-08-27",,"Film - Colour","1:10000",7,"998751"
"18_00001",18,29180272,7011,"airphoto",1990,"1990-07-29",,"Film - BW","1:15000",2,"1063444"
"18_00001",18,29180272,7011,"airphoto",1991,"1991-09-08",,"Film - BW","1:15000",3,"600333"
"18_00001",18,29180272,7011,"airphoto",1996,"1996-07-07",,"Film - BW","1:40000",3,"127992"
"18_00001",18,29180272,7011,"airphoto",1997,"1997-08-10",,"Film - Colour","1:20000",3,"349078"
"18_00001",18,29180272,7011,"airphoto",2000,"2000-08-04",,"Film - Colour","1:30000",5,"454590"
"18_00001",18,29180272,7011,"airphoto",2012,"2012-07-14",,"Digital - Colour","1:50000",6,"2053111"
"18_00001",18,29180272,7011,"orthophoto",2021,,0.149999999999998,,,1,
"18_00002",18,14800274,8002,"airphoto",1971,"1971-08-12",,"Film - BW","1:31680",2,"1414785"
"18_00002",18,14800274,8002,"airphoto",1973,"1973-08-11",,"Film - BW","1:15000",1,"1368192"
"18_00002",18,14800274,8002,"airphoto",1977,"1977-08-16",,"Film - BW","1:10000",6,"1203932"
"18_00002",18,14800274,8002,"airphoto",1984,"1984-08-12",,"Film - BW","1:18000",18,"680997"
"18_00002",18,14800274,8002,"airphoto",1985,"1985-06-20",,"Film - BW","1:15000",1,"851061"
"18_00002",18,14800274,8002,"airphoto",1988,"1988-08-07",,"Film - BW","1:20000",3,"970816"
"18_00002",18,14800274,8002,"airphoto",1991,"1991-07-22",,"Film - BW","1:15000",3,"599306"
"18_00002",18,14800274,8002,"airphoto",1996,"1996-07-07",,"Film - BW","1:40000",3,"128761"
"18_00002",18,14800274,8002,"airphoto",1997,"1997-08-17",,"Film - Colour","1:20000",2,"349434"
"18_00002",18,14800274,8002,"airphoto",2000,"2000-09-15",,"Film - Colour","1:30000",5,"455405"
"18_00002",18,14800274,8002,"airphoto",2006,"2006-09-05",,"Film - Colour","1:20000",5,"1588812"
"18_00002",18,14800274,8002,"airphoto",2012,"2012-07-06",,"Digital - Colour","1:50000",3,"2050336"
"18_00002",18,14800274,8002,"orthophoto",2021,,0.149999999999999,,,1,
"18_00003",18,27546231,11007,"airphoto",1973,"1973-09-11",,"Film - BW","1:15000",2,"1368689"
"18_00003",18,27546231,11007,"airphoto",1980,"1980-08-12",,"Film - BW","1:20000",2,"721790"
"18_00003",18,27546231,11007,"airphoto",1985,"1985-07-09",,"Film - BW","1:15000",2,"851395"
"18_00003",18,27546231,11007,"airphoto",1988,"1988-08-12",,"Film - BW","1:20000",5,"971003"
"18_00003",18,27546231,11007,"airphoto",1990,"1990-07-29",,"Film - BW","1:15000",3,"1063343"
"18_00003",18,27546231,11007,"airphoto",1991,"1991-09-08",,"Film - BW","1:15000",3,"600387"
"18_00003",18,27546231,11007,"airphoto",1996,"1996-07-07",,"Film - BW","1:40000",6,"127983"
"18_00003",18,27546231,11007,"airphoto",1997,"1997-08-10",,"Film - Colour","1:20000",6,"349109"
"18_00003",18,27546231,11007,"airphoto",2000,"2000-08-04",,"Film - Colour","1:30000",7,"454636"
"18_00003",18,27546231,11007,"airphoto",2005,"2005-07-25",,"Film - Colour","1:20000",4,"1529440"
"18_00003",18,27546231,11007,"airphoto",2012,"2012-07-13",,"Digital - Colour","1:50000",2,"2053017"
"18_00004",18,20748779,11007,"airphoto",1969,"1969-08-06",,"Film - BW","1:16000",4,"779705"
"18_00004",18,20748779,11007,"airphoto",1971,"1971-08-12",,"Film - BW","1:31680",3,"1414809"
"18_00004",18,20748779,11007,"airphoto",1972,"1972-08-14",,"Film - BW","1:60000",2,"1384612"
"18_00004",18,20748779,11007,"airphoto",1975,"1975-09-08",,"Film - BW","1:15000",2,"1292731"
"18_00004",18,20748779,11007,"airphoto",1976,"1976-05-07",,"Film - BW","1:18000",4,"1225020"
"18_00004",18,20748779,11007,"airphoto",1977,"1977-08-16",,"Film - BW","1:10000",6,"1204154"
"18_00004",18,20748779,11007,"airphoto",1980,"1980-08-12",,"Film - BW","1:20000",2,"721910"
"18_00004",18,20748779,11007,"airphoto",1984,"1984-09-14",,"Film - BW","1:18000",7,"681117"
"18_00004",18,20748779,11007,"airphoto",1985,"1985-07-09",,"Film - BW","1:15000",1,"851203"
"18_00004",18,20748779,11007,"airphoto",1988,"1988-08-07",,"Film - BW","1:20000",3,"970702"
"18_00004",18,20748779,11007,"airphoto",1991,"1991-07-31",,"Film - BW","1:15000",2,"599705"
"18_00004",18,20748779,11007,"airphoto",1996,"1996-07-07",,"Film - BW","1:40000",5,"128683"
"18_00004",18,20748779,11007,"airphoto",1997,"1997-08-10",,"Film - Colour","1:20000",2,"349149"
"18_00004",18,20748779,11007,"airphoto",2000,"2000-09-15",,"Film - Colour","1:30000",5,"455310"
"18_00004",18,20748779,11007,"airphoto",2006,"2006-09-05",,"Film - Colour","1:20000",5,"1588748"
"18_00004",18,20748779,11007,"airphoto",2012,"2012-07-13",,"Digital - Colour","1:50000",3,"2052703"
"18_00004",18,20748779,11007,"orthophoto",2021,,0.149999999999998,,,1,
"18_00005",18,23248594,8002,"airphoto",1973,"1973-09-11",,"Film - BW","1:15000",6,"1368612"
"18_00005",18,23248594,8002,"airphoto",1977,"1977-07-25",,"Film - BW","1:20000",1,"1204481"
"18_00005",18,23248594,8002,"airphoto",1980,"1980-08-12",,"Film - BW","1:20000",2,"721860"
"18_00005",18,23248594,8002,"airphoto",1984,"1984-07-24",,"Film - BW","1:60000",2,"322847"
"18_00005",18,23248594,8002,"airphoto",1987,"1987-06-28",,"Film - BW","1:40000",3,"908295"
"18_00005",18,23248594,8002,"airphoto",1988,"1988-08-26",,"Film - Colour","1:10000",12,"998195"
"18_00005",18,23248594,8002,"airphoto",1990,"1990-07-26",,"Film - BW","1:15000",5,"1062575"
"18_00005",18,23248594,8002,"airphoto",1995,"1995-07-21",,"Film - BW","1:15000",2,"93839"
"18_00005",18,23248594,8002,"airphoto",1996,"1996-07-07",,"Film - BW","1:40000",2,"127886"
"18_00005",18,23248594,8002,"airphoto",1997,"1997-08-10",,"Film - Colour","1:20000",2,"349240"
"18_00005",18,23248594,8002,"airphoto",2000,"2000-09-15",,"Film - Colour","1:30000",8,"455539"
"18_00005",18,23248594,8002,"airphoto",2012,"2012-07-13",,"Digital - Colour","1:50000",3,"2052801"
"18_00006",18,17259218,7011,"airphoto",1976,"1976-05-07",,"Film - BW","1:18000",2,"1225001"
"18_00006",18,17259218,7011,"airphoto",1977,"1977-08-16",,"Film - BW","1:10000",7,"1203792"
"18_00006",18,17259218,7011,"airphoto",1984,"1984-09-14",,"Film - BW","1:18000",18,"681191"
"18_00006",18,17259218,7011,"airphoto",1985,"1985-06-20",,"Film - BW","1:15000",2,"851133"
"18_00006",18,17259218,7011,"airphoto",1988,"1988-08-07",,"Film - BW","1:20000",3,"970768"
"18_00006",18,17259218,7011,"airphoto",1991,"1991-07-22",,"Film - BW","1:15000",3,"599405"
"18_00006",18,17259218,7011,"airphoto",1996,"1996-07-07",,"Film - BW","1:40000",6,"128680"
"18_00006",18,17259218,7011,"airphoto",1997,"1997-08-17",,"Film - Colour","1:20000",3,"349325"
"18_00006",18,17259218,7011,"airphoto",2000,"2000-09-15",,"Film - Colour","1:30000",3,"455345"
"18_00006",18,17259218,7011,"airphoto",2005,"2005-07-25",,"Film - Colour","1:20000",1,"1529498"
"18_00006",18,17259218,7011,"airphoto",2012,"2012-07-06",,"Digital - Colour","1:50000",6,"2050223"
"18_00006",18,17259218,7011,"orthophoto",2021,,0.149999999999999,,,2,
"18_00007",18,33017442,8011,"airphoto",1973,"1973-09-15",,"Film - BW","1:15000",4,"1368986"
"18_00007",18,33017442,8011,"airphoto",1975,"1975-01-14",,"Film - BW","1:12000",3,"1263839"
"18_00007",18,33017442,8011,"airphoto",1980,"1980-08-12",,"Film - BW","1:20000",5,"721305"
"18_00007",18,33017442,8011,"airphoto",1985,"1985-07-16",,"Film - BW","1:15000",2,"851541"
"18_00007",18,33017442,8011,"airphoto",1987,"1987-06-28",,"Film - BW","1:40000",5,"908362"
"18_00007",18,33017442,8011,"airphoto",1988,"1988-08-27",,"Film - Colour","1:10000",9,"998790"
"18_00007",18,33017442,8011,"airphoto",1990,"1990-07-29",,"Film - BW","1:15000",3,"1063598"
"18_00007",18,33017442,8011,"airphoto",1991,"1991-09-08",,"Film - BW","1:15000",3,"600327"
"18_00007",18,33017442,8011,"airphoto",1995,"1995-09-16",,"Film - BW","1:15000",3,"94611"
"18_00007",18,33017442,8011,"airphoto",1996,"1996-07-12",,"Film - BW","1:40000",5,"129577"
"18_00007",18,33017442,8011,"airphoto",1997,"1997-08-10",,"Film - Colour","1:20000",4,"349016"
"18_00007",18,33017442,8011,"airphoto",2000,"2000-09-15",,"Film - Colour","1:30000",2,"455253"
"18_00007",18,33017442,8011,"airphoto",2002,"2002-08-16",,"Film - Colour","1:15000",4,"645093"
"18_00007",18,33017442,8011,"airphoto",2012,"2012-07-14",,"Digital - Colour","1:50000",3,"2053243"
"18_00007",18,33017442,8011,"orthophoto",2021,,0.150000000000001,,,1,
"18_00008",18,25372648,11007,"airphoto",1973,"1973-09-11",,"Film - BW","1:15000",2,"1368584"
"18_00008",18,25372648,11007,"airphoto",1980,"1980-08-12",,"Film - BW","1:20000",5,"721838"
"18_00008",18,25372648,11007,"airphoto",1984,"1984-09-14",,"Film - BW","1:18000",5,"681256"
"18_00008",18,25372648,11007,"airphoto",1985,"1985-07-09",,"Film - BW","1:15000",4,"851396"
"18_00008",18,25372648,11007,"airphoto",1988,"1988-08-12",,"Film - BW","1:20000",4,"971026"
"18_00008",18,25372648,11007,"airphoto",1990,"1990-07-26",,"Film - BW","1:15000",2,"1062651"
"18_00008",18,25372648,11007,"airphoto",1991,"1991-09-08",,"Film - BW","1:15000",2,"600436"
"18_00008",18,25372648,11007,"airphoto",1996,"1996-07-07",,"Film - BW","1:40000",3,"127898"
"18_00008",18,25372648,11007,"airphoto",1997,"1997-08-10",,"Film - Colour","1:20000",6,"349109"
"18_00008",18,25372648,11007,"airphoto",2000,"2000-08-04",,"Film - Colour","1:30000",3,"454636"
"18_00008",18,25372648,11007,"airphoto",2005,"2005-07-25",,"Film - Colour","1:20000",5,"1529439"
"18_00008",18,25372648,11007,"airphoto",2012,"2012-07-13",,"Digital - Colour","1:50000",3,"2052770"
"18_00009",18,14197468,11007,"airphoto",1975,"1975-09-08",,"Film - BW","1:15000",3,"1292704"
"18_00009",18,14197468,11007,"airphoto",1977,"1977-07-25",,"Film - BW","1:20000",7,"1204332"
"18_00009",18,14197468,11007,"airphoto",1984,"1984-07-24",,"Film - BW","1:60000",4,"322849"
"18_00009",18,14197468,11007,"airphoto",1985,"1985-06-20",,"Film - BW","1:15000",1,"851081"
"18_00009",18,14197468,11007,"airphoto",1986,"1986-07-21",,"Film - BW","1:60000",1,"327428"
"18_00009",18,14197468,11007,"airphoto",1987,"1987-06-28",,"Film - BW","1:40000",2,"908318"
"18_00009",18,14197468,11007,"airphoto",1988,"1988-08-07",,"Film - BW","1:20000",2,"970835"
"18_00009",18,14197468,11007,"airphoto",1991,"1991-07-22",,"Film - BW","1:15000",3,"599332"
"18_00009",18,14197468,11007,"airphoto",1996,"1996-07-07",,"Film - BW","1:40000",3,"128772"
"18_00009",18,14197468,11007,"airphoto",1997,"1997-08-17",,"Film - Colour","1:20000",3,"349415"
"18_00009",18,14197468,11007,"airphoto",2000,"2000-09-15",,"Film - Colour","1:30000",5,"455393"
"18_00009",18,14197468,11007,"airphoto",2012,"2012-07-06",,"Digital - Colour","1:50000",3,"2050310"
"18_00009",18,14197468,11007,"orthophoto",2021,,0.149999999999998,,,1,
"18_00010",18,20739825,8007,"airphoto",1969,"1969-08-06",,"Film - BW","1:16000",4,"779705"
"18_00010",18,20739825,8007,"airphoto",1971,"1971-08-12",,"Film - BW","1:31680",3,"1414809"
"18_00010",18,20739825,8007,"airphoto",1972,"1972-08-14",,"Film - BW","1:60000",2,"1384612"
"18_00010",18,20739825,8007,"airphoto",1975,"1975-09-08",,"Film - BW","1:15000",2,"1292731"
"18_00010",18,20739825,8007,"airphoto",1976,"1976-05-07",,"Film - BW","1:18000",4,"1225020"
"18_00010",18,20739825,8007,"airphoto",1977,"1977-08-16",,"Film - BW","1:10000",4,"1204154"
"18_00010",18,20739825,8007,"airphoto",1980,"1980-08-12",,"Film - BW","1:20000",2,"721910"
"18_00010",18,20739825,8007,"airphoto",1984,"1984-09-14",,"Film - BW","1:18000",7,"681117"
"18_00010",18,20739825,8007,"airphoto",1985,"1985-07-09",,"Film - BW","1:15000",2,"851203"
"18_00010",18,20739825,8007,"airphoto",1988,"1988-08-07",,"Film - BW","1:20000",3,"970702"
"18_00010",18,20739825,8007,"airphoto",1991,"1991-07-31",,"Film - BW","1:15000",2,"599705"
"18_00010",18,20739825,8007,"airphoto",1996,"1996-07-07",,"Film - BW","1:40000",4,"128683"
"18_00010",18,20739825,8007,"airphoto",1997,"1997-08-10",,"Film - Colour","1:20000",2,"349150"
"18_00010",18,20739825,8007,"airphoto",2000,"2000-09-15",,"Film - Colour","1:30000",5,"455310"
"18_00010",18,20739825,8007,"airphoto",2006,"2006-09-05",,"Film - Colour","1:20000",5,"1588748"
"18_00010",18,20739825,8007,"airphoto",2012,"2012-07-13",,"Digital - Colour","1:50000",4,"2052703"
"18_00010",18,20739825,8007,"orthophoto",2021,,0.149999999999998,,,1,
"18_00011",18,20846250,5007,"airphoto",1975,"1975-09-08",,"Film - BW","1:15000",3,"1292724"
"18_00011",18,20846250,5007,"airphoto",1976,"1976-05-07",,"Film - BW","1:18000",3,"1225026"
"18_00011",18,20846250,5007,"airphoto",1977,"1977-08-16",,"Film - BW","1:10000",6,"1204144"
"18_00011",18,20846250,5007,"airphoto",1980,"1980-08-12",,"Film - BW","1:20000",2,"721905"
"18_00011",18,20846250,5007,"airphoto",1984,"1984-09-14",,"Film - BW","1:18000",8,"681128"
"18_00011",18,20846250,5007,"airphoto",1985,"1985-07-09",,"Film - BW","1:15000",2,"851198"
"18_00011",18,20846250,5007,"airphoto",1988,"1988-08-07",,"Film - BW","1:20000",3,"970707"
"18_00011",18,20846250,5007,"airphoto",1991,"1991-07-31",,"Film - BW","1:15000",2,"599712"
"18_00011",18,20846250,5007,"airphoto",1996,"1996-07-07",,"Film - BW","1:40000",6,"128680"
"18_00011",18,20846250,5007,"airphoto",1997,"1997-08-10",,"Film - Colour","1:20000",2,"349155"
"18_00011",18,20846250,5007,"airphoto",2000,"2000-09-15",,"Film - Colour","1:30000",2,"455307"
"18_00011",18,20846250,5007,"airphoto",2005,"2005-07-25",,"Film - Colour","1:20000",1,"1529481"
"18_00011",18,20846250,5007,"airphoto",2012,"2012-07-11",,"Digital - Colour","1:50000",5,"2050520"
"18_00011",18,20846250,5007,"orthophoto",2021,,0.149999999999998,,,1,
"18_00012",18,13427916,8002,"airphoto",1975,"1975-01-14",,"Film - BW","1:12000",4,"1263845"
"18_00012",18,13427916,8002,"airphoto",1977,"1977-08-16",,"Film - BW","1:10000",9,"1203980"
"18_00012",18,13427916,8002,"airphoto",1984,"1984-07-24",,"Film - BW","1:60000",5,"322895"
"18_00012",18,13427916,8002,"airphoto",1985,"1985-06-20",,"Film - BW","1:15000",1,"851082"
"18_00012",18,13427916,8002,"airphoto",1986,"1986-07-21",,"Film - BW","1:60000",2,"327428"
"18_00012",18,13427916,8002,"airphoto",1987,"1987-06-28",,"Film - BW","1:40000",2,"908317"
"18_00012",18,13427916,8002,"airphoto",1988,"1988-08-07",,"Film - BW","1:20000",3,"970836"
"18_00012",18,13427916,8002,"airphoto",1991,"1991-07-22",,"Film - BW","1:15000",6,"599334"
"18_00012",18,13427916,8002,"airphoto",1996,"1996-07-07",,"Film - BW","1:40000",3,"128773"
"18_00012",18,13427916,8002,"airphoto",1997,"1997-08-17",,"Film - Colour","1:20000",4,"349414"
"18_00012",18,13427916,8002,"airphoto",2000,"2000-09-15",,"Film - Colour","1:30000",2,"455392"
"18_00012",18,13427916,8002,"airphoto",2012,"2012-07-06",,"Digital - Colour","1:50000",3,"2050308"
"18_00012",18,13427916,8002,"orthophoto",2021,,0.150000000000002,,,1,
"18_00013",18,20847175,11007,"airphoto",1969,"1969-08-06",,"Film - BW","1:16000",4,"779705"
"18_00013",18,20847175,11007,"airphoto",1971,"1971-08-12",,"Film - BW","1:31680",3,"1414809"
"18_00013",18,20847175,11007,"airphoto",1972,"1972-08-14",,"Film - BW","1:60000",2,"1384612"
"18_00013",18,20847175,11007,"airphoto",1975,"1975-09-08",,"Film - BW","1:15000",2,"1292731"
"18_00013",18,20847175,11007,"airphoto",1976,"1976-05-07",,"Film - BW","1:18000",4,"1225020"
"18_00013",18,20847175,11007,"airphoto",1977,"1977-08-16",,"Film - BW","1:10000",8,"1204154"
"18_00013",18,20847175,11007,"airphoto",1980,"1980-08-12",,"Film - BW","1:20000",2,"721910"
"18_00013",18,20847175,11007,"airphoto",1984,"1984-09-14",,"Film - BW","1:18000",7,"681117"
"18_00013",18,20847175,11007,"airphoto",1985,"1985-07-09",,"Film - BW","1:15000",1,"851203"
"18_00013",18,20847175,11007,"airphoto",1988,"1988-08-07",,"Film - BW","1:20000",3,"970702"
"18_00013",18,20847175,11007,"airphoto",1991,"1991-07-31",,"Film - BW","1:15000",2,"599705"
"18_00013",18,20847175,11007,"airphoto",1996,"1996-07-07",,"Film - BW","1:40000",6,"128683"
"18_00013",18,20847175,11007,"airphoto",1997,"1997-08-10",,"Film - Colour","1:20000",2,"349149"
"18_00013",18,20847175,11007,"airphoto",2000,"2000-09-15",,"Film - Colour","1:30000",3,"455310"
"18_00013",18,20847175,11007,"airphoto",2006,"2006-09-05",,"Film - Colour","1:20000",5,"1588748"
"18_00013",18,20847175,11007,"airphoto",2012,"2012-07-13",,"Digital - Colour","1:50000",3,"2052703"
"18_00013",18,20847175,11007,"orthophoto",2021,,0.149999999999998,,,1,
"18_00014",18,31388665,8002,"airphoto",1973,"1973-09-15",,"Film - BW","1:15000",3,"1368858"
"18_00014",18,31388665,8002,"airphoto",1980,"1980-08-12",,"Film - BW","1:20000",2,"721674"
"18_00014",18,31388665,8002,"airphoto",1985,"1985-07-16",,"Film - BW","1:15000",2,"851536"
"18_00014",18,31388665,8002,"airphoto",1987,"1987-06-28",,"Film - BW","1:40000",6,"908327"
"18_00014",18,31388665,8002,"airphoto",1988,"1988-08-26",,"Film - Colour","1:10000",8,"998288"
"18_00014",18,31388665,8002,"airphoto",1990,"1990-07-29",,"Film - BW","1:15000",2,"1063553"
"18_00014",18,31388665,8002,"airphoto",1995,"1995-09-04",,"Film - BW","1:15000",3,"94423"
"18_00014",18,31388665,8002,"airphoto",1996,"1996-07-07",,"Film - BW","1:40000",6,"127995"
"18_00014",18,31388665,8002,"airphoto",1997,"1997-08-10",,"Film - Colour","1:20000",3,"349011"
"18_00014",18,31388665,8002,"airphoto",2000,"2000-08-04",,"Film - Colour","1:30000",5,"454586"
"18_00014",18,31388665,8002,"airphoto",2002,"2002-08-16",,"Film - Colour","1:15000",2,"645099"
"18_00014",18,31388665,8002,"airphoto",2012,"2012-07-14",,"Digital - Colour","1:50000",4,"2053119"
"18_00015",18,37104817,8002,"airphoto",1974,"1974-07-21",,"Film - BW","1:16000",6,"1316527"
"18_00015",18,37104817,8002,"airphoto",1987,"1987-06-28",,"Film - BW","1:40000",4,"908361"
"18_00015",18,37104817,8002,"airphoto",1988,"1988-07-20",,"Film - BW","1:20000",2,"970108"
"18_00015",18,37104817,8002,"airphoto",1989,"1989-05-13",,"Film - Colour","1:10000",2,"1045335"
"18_00015",18,37104817,8002,"airphoto",1990,"1990-07-29",,"Film - BW","1:15000",2,"1063779"
"18_00015",18,37104817,8002,"airphoto",1995,"1995-09-16",,"Film - BW","1:15000",4,"94822"
"18_00015",18,37104817,8002,"airphoto",1996,"1996-07-07",,"Film - BW","1:40000",6,"128051"
"18_00015",18,37104817,8002,"airphoto",1997,"1997-08-10",,"Film - Colour","1:20000",3,"348934"
"18_00015",18,37104817,8002,"airphoto",2000,"2000-09-15",,"Film - Colour","1:30000",5,"455480"
"18_00015",18,37104817,8002,"airphoto",2002,"2002-08-16",,"Film - Colour","1:15000",4,"645011"
"18_00015",18,37104817,8002,"airphoto",2012,"2012-07-14",,"Digital - Colour","1:50000",3,"2053365"
"18_00015",18,37104817,8002,"orthophoto",2021,,0.150000000000001,,,1,
"18_00016",18,8921678,8002,"airphoto",1977,"1977-07-25",,"Film - BW","1:20000",2,"1204295"
"18_00016",18,8921678,8002,"airphoto",1980,"1980-08-12",,"Film - BW","1:20000",2,"721635"
"18_00016",18,8921678,8002,"airphoto",1984,"1984-07-24",,"Film - BW","1:60000",2,"322891"
"18_00016",18,8921678,8002,"airphoto",1985,"1985-06-20",,"Film - BW","1:15000",8,"850868"
"18_00016",18,8921678,8002,"airphoto",1988,"1988-07-21",,"Film - BW","1:20000",2,"970447"
"18_00016",18,8921678,8002,"airphoto",1991,"1991-07-22",,"Film - BW","1:15000",6,"599575"
"18_00016",18,8921678,8002,"airphoto",1996,"1996-07-07",,"Film - BW","1:40000",2,"128797"
"18_00016",18,8921678,8002,"airphoto",1997,"1997-08-16",,"Film - Colour","1:20000",3,"349675"
"18_00016",18,8921678,8002,"airphoto",2000,"2000-09-15",,"Film - Colour","1:30000",2,"455440"
"18_00016",18,8921678,8002,"airphoto",2012,"2012-07-06",,"Digital - Colour","1:50000",6,"2050497"
"18_00017",18,20819847,5007,"airphoto",1971,"1971-08-12",,"Film - BW","1:31680",1,"1414787"
"18_00017",18,20819847,5007,"airphoto",1972,"1972-08-14",,"Film - BW","1:60000",1,"1384612"
"18_00017",18,20819847,5007,"airphoto",1975,"1975-09-08",,"Film - BW","1:15000",3,"1292727"
"18_00017",18,20819847,5007,"airphoto",1976,"1976-05-07",,"Film - BW","1:18000",3,"1225023"
"18_00017",18,20819847,5007,"airphoto",1977,"1977-08-16",,"Film - BW","1:10000",8,"1204148"
"18_00017",18,20819847,5007,"airphoto",1980,"1980-08-12",,"Film - BW","1:20000",3,"721907"
"18_00017",18,20819847,5007,"airphoto",1984,"1984-09-14",,"Film - BW","1:18000",7,"681123"
"18_00017",18,20819847,5007,"airphoto",1985,"1985-07-09",,"Film - BW","1:15000",2,"851200"
"18_00017",18,20819847,5007,"airphoto",1988,"1988-08-07",,"Film - BW","1:20000",2,"970705"
"18_00017",18,20819847,5007,"airphoto",1991,"1991-07-31",,"Film - BW","1:15000",2,"599709"
"18_00017",18,20819847,5007,"airphoto",1996,"1996-07-07",,"Film - BW","1:40000",6,"128682"
"18_00017",18,20819847,5007,"airphoto",1997,"1997-08-10",,"Film - Colour","1:20000",3,"349152"
"18_00017",18,20819847,5007,"airphoto",2000,"2000-09-15",,"Film - Colour","1:30000",3,"455308"
"18_00017",18,20819847,5007,"airphoto",2012,"2012-07-13",,"Digital - Colour","1:50000",3,"2052699"
"18_00017",18,20819847,5007,"orthophoto",2021,,0.149999999999998,,,1,
"18_00018",18,21079450,11007,"airphoto",1971,"1971-08-12",,"Film - BW","1:31680",1,"1414787"
"18_00018",18,21079450,11007,"airphoto",1972,"1972-08-14",,"Film - BW","1:60000",1,"1384612"
"18_00018",18,21079450,11007,"airphoto",1975,"1975-09-08",,"Film - BW","1:15000",2,"1292728"
"18_00018",18,21079450,11007,"airphoto",1976,"1976-05-07",,"Film - BW","1:18000",3,"1225022"
"18_00018",18,21079450,11007,"airphoto",1977,"1977-08-16",,"Film - BW","1:10000",7,"1204073"
"18_00018",18,21079450,11007,"airphoto",1980,"1980-08-12",,"Film - BW","1:20000",3,"721908"
"18_00018",18,21079450,11007,"airphoto",1984,"1984-09-14",,"Film - BW","1:18000",9,"681120"
"18_00018",18,21079450,11007,"airphoto",1985,"1985-07-09",,"Film - BW","1:15000",2,"851201"
"18_00018",18,21079450,11007,"airphoto",1988,"1988-08-07",,"Film - BW","1:20000",2,"970704"
"18_00018",18,21079450,11007,"airphoto",1991,"1991-07-31",,"Film - BW","1:15000",3,"599707"
"18_00018",18,21079450,11007,"airphoto",1996,"1996-07-07",,"Film - BW","1:40000",6,"128682"
"18_00018",18,21079450,11007,"airphoto",1997,"1997-08-10",,"Film - Colour","1:20000",3,"349151"
"18_00018",18,21079450,11007,"airphoto",2000,"2000-09-15",,"Film - Colour","1:30000",3,"455309"
"18_00018",18,21079450,11007,"airphoto",2006,"2006-09-05",,"Film - Colour","1:20000",1,"1588749"
"18_00018",18,21079450,11007,"airphoto",2012,"2012-07-13",,"Digital - Colour","1:50000",2,"2052701"
"18_00018",18,21079450,11007,"orthophoto",2021,,0.15,,,2,
"18_00019",18,39869615,11007,"airphoto",1974,"1974-08-01",,"Film - BW","1:16000",4,"1308674"
"18_00019",18,39869615,11007,"airphoto",1987,"1987-06-28",,"Film - BW","1:40000",2,"908366"
"18_00019",18,39869615,11007,"airphoto",1988,"1988-07-20",,"Film - BW","1:20000",3,"969829"
"18_00019",18,39869615,11007,"airphoto",1989,"1989-05-13",,"Film - Colour","1:10000",3,"1045348"
"18_00019",18,39869615,11007,"airphoto",1990,"1990-07-29",,"Film - BW","1:15000",3,"1063916"
"18_00019",18,39869615,11007,"airphoto",1995,"1995-09-16",,"Film - BW","1:15000",3,"94908"
"18_00019",18,39869615,11007,"airphoto",1996,"1996-07-12",,"Film - BW","1:40000",3,"129579"
"18_00019",18,39869615,11007,"airphoto",2000,"2000-09-15",,"Film - Colour","1:30000",5,"455483"
"18_00019",18,39869615,11007,"airphoto",2002,"2002-08-16",,"Film - Colour","1:15000",4,"644924"
"18_00019",18,39869615,11007,"airphoto",2012,"2012-07-14",,"Digital - Colour","1:50000",2,"2053463"
"18_00019",18,39869615,11007,"airphoto",2019,"2019-08-28",,"Digital - Colour","9600",3,"2327604"
"18_00020",18,28729092,8005,"airphoto",1971,"1971-08-12",,"Film - BW","1:31680",3,"1414828"
"18_00020",18,28729092,8005,"airphoto",1973,"1973-09-11",,"Film - BW","1:15000",3,"1368704"
"18_00020",18,28729092,8005,"airphoto",1979,"1979-08-10",,"Film - BW","1:20000",2,"1140084"
"18_00020",18,28729092,8005,"airphoto",1980,"1980-08-12",,"Film - BW","1:20000",5,"721728"
"18_00020",18,28729092,8005,"airphoto",1985,"1985-07-16",,"Film - BW","1:15000",1,"851495"
"18_00020",18,28729092,8005,"airphoto",1988,"1988-07-21",,"Film - BW","1:20000",2,"970536"
"18_00020",18,28729092,8005,"airphoto",1990,"1990-07-26",,"Film - BW","1:15000",3,"1062720"
"18_00020",18,28729092,8005,"airphoto",1991,"1991-09-08",,"Film - BW","1:15000",6,"600372"
"18_00020",18,28729092,8005,"airphoto",1995,"1995-07-21",,"Film - BW","1:15000",5,"93762"
"18_00020",18,28729092,8005,"airphoto",1996,"1996-07-07",,"Film - BW","1:40000",6,"127977"
"18_00020",18,28729092,8005,"airphoto",1997,"1997-08-10",,"Film - Colour","1:20000",4,"349050"
"18_00020",18,28729092,8005,"airphoto",2000,"2000-08-04",,"Film - Colour","1:30000",6,"454607"
"18_00020",18,28729092,8005,"airphoto",2005,"2005-07-25",,"Film - Colour","1:20000",5,"1529461"
"18_00020",18,28729092,8005,"airphoto",2012,"2012-07-14",,"Digital - Colour","1:50000",3,"2053033"
"18_00020",18,28729092,8005,"orthophoto",2021,,0.149999999999998,,,2,
"18_00021",18,29099774,7011,"airphoto",1973,"1973-09-11",,"Film - BW","1:15000",2,"1368782"
"18_00021",18,29099774,7011,"airphoto",1980,"1980-08-12",,"Film - BW","1:20000",2,"721755"
"18_00021",18,29099774,7011,"airphoto",1985,"1985-07-16",,"Film - BW","1:15000",2,"851524"
"18_00021",18,29099774,7011,"airphoto",1987,"1987-06-28",,"Film - BW","1:40000",3,"908324"
"18_00021",18,29099774,7011,"airphoto",1988,"1988-08-27",,"Film - Colour","1:10000",9,"998751"
"18_00021",18,29099774,7011,"airphoto",1990,"1990-07-29",,"Film - BW","1:15000",2,"1063444"
"18_00021",18,29099774,7011,"airphoto",1991,"1991-09-08",,"Film - BW","1:15000",3,"600333"
"18_00021",18,29099774,7011,"airphoto",1996,"1996-07-07",,"Film - BW","1:40000",3,"127992"
"18_00021",18,29099774,7011,"airphoto",1997,"1997-08-10",,"Film - Colour","1:20000",3,"349078"
"18_00021",18,29099774,7011,"airphoto",2000,"2000-08-04",,"Film - Colour","1:30000",6,"454590"
"18_00021",18,29099774,7011,"airphoto",2012,"2012-07-14",,"Digital - Colour","1:50000",6,"2053111"
"18_00021",18,29099774,7011,"orthophoto",2021,,0.149999999999998,,,1,
"18_00022",18,25462102,11007,"airphoto",1973,"1973-09-11",,"Film - BW","1:15000",2,"1368584"
"18_00022",18,25462102,11007,"airphoto",1980,"1980-08-12",,"Film - BW","1:20000",5,"721790"
"18_00022",18,25462102,11007,"airphoto",1984,"1984-09-14",,"Film - BW","1:18000",5,"681256"
"18_00022",18,25462102,11007,"airphoto",1985,"1985-07-09",,"Film - BW","1:15000",3,"851396"
"18_00022",18,25462102,11007,"airphoto",1988,"1988-08-12",,"Film - BW","1:20000",4,"971026"
"18_00022",18,25462102,11007,"airphoto",1990,"1990-07-26",,"Film - BW","1:15000",2,"1062651"
"18_00022",18,25462102,11007,"airphoto",1991,"1991-09-08",,"Film - BW","1:15000",2,"600436"
"18_00022",18,25462102,11007,"airphoto",1996,"1996-07-07",,"Film - BW","1:40000",3,"127898"
"18_00022",18,25462102,11007,"airphoto",1997,"1997-08-10",,"Film - Colour","1:20000",6,"349109"
"18_00022",18,25462102,11007,"airphoto",2000,"2000-08-04",,"Film - Colour","1:30000",3,"454636"
"18_00022",18,25462102,11007,"airphoto",2005,"2005-07-25",,"Film - Colour","1:20000",5,"1529439"
"18_00022",18,25462102,11007,"airphoto",2012,"2012-07-13",,"Digital - Colour","1:50000",3,"2052770"
"18_00023",18,27573060,11007,"airphoto",1973,"1973-09-11",,"Film - BW","1:15000",2,"1368689"
"18_00023",18,27573060,11007,"airphoto",1980,"1980-08-12",,"Film - BW","1:20000",2,"721789"
"18_00023",18,27573060,11007,"airphoto",1985,"1985-07-09",,"Film - BW","1:15000",2,"851395"
"18_00023",18,27573060,11007,"airphoto",1988,"1988-08-12",,"Film - BW","1:20000",5,"971003"
"18_00023",18,27573060,11007,"airphoto",1990,"1990-07-29",,"Film - BW","1:15000",3,"1063343"
"18_00023",18,27573060,11007,"airphoto",1991,"1991-09-08",,"Film - BW","1:15000",3,"600387"
"18_00023",18,27573060,11007,"airphoto",1996,"1996-07-07",,"Film - BW","1:40000",6,"127983"
"18_00023",18,27573060,11007,"airphoto",1997,"1997-08-10",,"Film - Colour","1:20000",6,"349109"
"18_00023",18,27573060,11007,"airphoto",2000,"2000-08-04",,"Film - Colour","1:30000",8,"454636"
"18_00023",18,27573060,11007,"airphoto",2005,"2005-07-25",,"Film - Colour","1:20000",5,"1529440"
"18_00023",18,27573060,11007,"airphoto",2012,"2012-07-13",,"Digital - Colour","1:50000",2,"2053017"
"18_00024",18,20748402,8007,"airphoto",1971,"1971-08-12",,"Film - BW","1:31680",1,"1414787"
"18_00024",18,20748402,8007,"airphoto",1972,"1972-08-14",,"Film - BW","1:60000",1,"1384612"
"18_00024",18,20748402,8007,"airphoto",1975,"1975-09-08",,"Film - BW","1:15000",3,"1292728"
"18_00024",18,20748402,8007,"airphoto",1976,"1976-05-07",,"Film - BW","1:18000",2,"1225023"
"18_00024",18,20748402,8007,"airphoto",1977,"1977-08-16",,"Film - BW","1:10000",6,"1204150"
"18_00024",18,20748402,8007,"airphoto",1980,"1980-08-12",,"Film - BW","1:20000",2,"721908"
"18_00024",18,20748402,8007,"airphoto",1984,"1984-09-14",,"Film - BW","1:18000",9,"681122"
"18_00024",18,20748402,8007,"airphoto",1985,"1985-07-09",,"Film - BW","1:15000",2,"851201"
"18_00024",18,20748402,8007,"airphoto",1988,"1988-08-07",,"Film - BW","1:20000",3,"970704"
"18_00024",18,20748402,8007,"airphoto",1991,"1991-07-31",,"Film - BW","1:15000",2,"599708"
"18_00024",18,20748402,8007,"airphoto",1996,"1996-07-07",,"Film - BW","1:40000",4,"128682"
"18_00024",18,20748402,8007,"airphoto",1997,"1997-08-10",,"Film - Colour","1:20000",2,"349152"
"18_00024",18,20748402,8007,"airphoto",2000,"2000-09-15",,"Film - Colour","1:30000",4,"455309"
"18_00024",18,20748402,8007,"airphoto",2006,"2006-09-05",,"Film - Colour","1:20000",2,"1588749"
"18_00024",18,20748402,8007,"airphoto",2012,"2012-07-13",,"Digital - Colour","1:50000",3,"2052700"
"18_00024",18,20748402,8007,"orthophoto",2021,,0.149999999999998,,,1,
"18_00025",18,20775603,11007,"airphoto",1969,"1969-08-06",,"Film - BW","1:16000",4,"779705"
"18_00025",18,20775603,11007,"airphoto",1971,"1971-08-12",,"Film - BW","1:31680",3,"1414809"
"18_00025",18,20775603,11007,"airphoto",1972,"1972-08-14",,"Film - BW","1:60000",2,"1384612"
"18_00025",18,20775603,11007,"airphoto",1975,"1975-09-08",,"Film - BW","1:15000",2,"1292731"
"18_00025",18,20775603,11007,"airphoto",1976,"1976-05-07",,"Film - BW","1:18000",4,"1225020"
"18_00025",18,20775603,11007,"airphoto",1977,"1977-08-16",,"Film - BW","1:10000",6,"1204154"
"18_00025",18,20775603,11007,"airphoto",1980,"1980-08-12",,"Film - BW","1:20000",2,"721910"
"18_00025",18,20775603,11007,"airphoto",1984,"1984-09-14",,"Film - BW","1:18000",7,"681117"
"18_00025",18,20775603,11007,"airphoto",1985,"1985-07-09",,"Film - BW","1:15000",2,"851203"
"18_00025",18,20775603,11007,"airphoto",1988,"1988-08-07",,"Film - BW","1:20000",3,"970702"
"18_00025",18,20775603,11007,"airphoto",1991,"1991-07-31",,"Film - BW","1:15000",2,"599705"
"18_00025",18,20775603,11007,"airphoto",1996,"1996-07-07",,"Film - BW","1:40000",6,"128683"
"18_00025",18,20775603,11007,"airphoto",1997,"1997-08-10",,"Film - Colour","1:20000",2,"349150"
"18_00025",18,20775603,11007,"airphoto",2000,"2000-09-15",,"Film - Colour","1:30000",5,"455310"
"18_00025",18,20775603,11007,"airphoto",2006,"2006-09-05",,"Film - Colour","1:20000",5,"1588748"
"18_00025",18,20775603,11007,"airphoto",2012,"2012-07-13",,"Digital - Colour","1:50000",2,"2052703"
"18_00025",18,20775603,11007,"orthophoto",2021,,0.149999999999998,,,1,
"18_00026",18,20730861,8007,"airphoto",1969,"1969-08-06",,"Film - BW","1:16000",4,"779706"
"18_00026",18,20730861,8007,"airphoto",1971,"1971-08-12",,"Film - BW","1:31680",3,"1414809"
"18_00026",18,20730861,8007,"airphoto",1972,"1972-08-14",,"Film - BW","1:60000",2,"1384612"
"18_00026",18,20730861,8007,"airphoto",1975,"1975-09-08",,"Film - BW","1:15000",2,"1292730"
"18_00026",18,20730861,8007,"airphoto",1976,"1976-05-07",,"Film - BW","1:18000",4,"1225020"
"18_00026",18,20730861,8007,"airphoto",1977,"1977-08-16",,"Film - BW","1:10000",4,"1204153"
"18_00026",18,20730861,8007,"airphoto",1980,"1980-08-12",,"Film - BW","1:20000",2,"721909"
"18_00026",18,20730861,8007,"airphoto",1984,"1984-09-14",,"Film - BW","1:18000",6,"681117"
"18_00026",18,20730861,8007,"airphoto",1985,"1985-07-09",,"Film - BW","1:15000",2,"851203"
"18_00026",18,20730861,8007,"airphoto",1988,"1988-08-07",,"Film - BW","1:20000",3,"970702"
"18_00026",18,20730861,8007,"airphoto",1991,"1991-07-31",,"Film - BW","1:15000",2,"599705"
"18_00026",18,20730861,8007,"airphoto",1996,"1996-07-07",,"Film - BW","1:40000",4,"128683"
"18_00026",18,20730861,8007,"airphoto",1997,"1997-08-10",,"Film - Colour","1:20000",2,"349150"
"18_00026",18,20730861,8007,"airphoto",2000,"2000-09-15",,"Film - Colour","1:30000",4,"455310"
"18_00026",18,20730861,8007,"airphoto",2006,"2006-09-05",,"Film - Colour","1:20000",5,"1588748"
"18_00026",18,20730861,8007,"airphoto",2012,"2012-07-13",,"Digital - Colour","1:50000",4,"2052703"
"18_00026",18,20730861,8007,"orthophoto",2021,,0.149999999999998,,,1,
"18_00027",18,13315091,11008,"airphoto",1969,"1969-08-06",,"Film - BW","1:16000",3,"779715"
"18_00027",18,13315091,11008,"airphoto",1971,"1971-08-12",,"Film - BW","1:31680",2,"1414785"
"18_00027",18,13315091,11008,"airphoto",1977,"1977-08-16",,"Film - BW","1:10000",9,"1204223"
"18_00027",18,13315091,11008,"airphoto",1984,"1984-08-12",,"Film - BW","1:18000",11,"681065"
"18_00027",18,13315091,11008,"airphoto",1985,"1985-06-20",,"Film - BW","1:15000",2,"850944"
"18_00027",18,13315091,11008,"airphoto",1988,"1988-07-21",,"Film - BW","1:20000",4,"970465"
"18_00027",18,13315091,11008,"airphoto",1991,"1991-07-22",,"Film - BW","1:15000",4,"599256"
"18_00027",18,13315091,11008,"airphoto",1996,"1996-07-07",,"Film - BW","1:40000",6,"128762"
"18_00027",18,13315091,11008,"airphoto",1997,"1997-08-17",,"Film - Colour","1:20000",5,"349488"
"18_00027",18,13315091,11008,"airphoto",2000,"2000-09-15",,"Film - Colour","1:30000",3,"455404"
"18_00027",18,13315091,11008,"airphoto",2006,"2006-09-05",,"Film - Colour","1:20000",1,"1588814"
"18_00027",18,13315091,11008,"airphoto",2012,"2012-07-06",,"Digital - Colour","1:50000",4,"2050399"
"18_00028",18,36165580,8002,"airphoto",1974,"1974-07-21",,"Film - BW","1:16000",3,"1316527"
"18_00028",18,36165580,8002,"airphoto",1987,"1987-06-28",,"Film - BW","1:40000",4,"908361"
"18_00028",18,36165580,8002,"airphoto",1988,"1988-07-20",,"Film - BW","1:20000",4,"970108"
"18_00028",18,36165580,8002,"airphoto",1990,"1990-07-29",,"Film - BW","1:15000",6,"1063740"
"18_00028",18,36165580,8002,"airphoto",1995,"1995-09-16",,"Film - BW","1:15000",3,"94693"
"18_00028",18,36165580,8002,"airphoto",1996,"1996-07-12",,"Film - BW","1:40000",7,"129576"
"18_00028",18,36165580,8002,"airphoto",1997,"1997-08-10",,"Film - Colour","1:20000",6,"348934"
"18_00028",18,36165580,8002,"airphoto",2000,"2000-09-15",,"Film - Colour","1:30000",4,"455255"
"18_00028",18,36165580,8002,"airphoto",2002,"2002-08-16",,"Film - Colour","1:15000",2,"645011"
"18_00028",18,36165580,8002,"airphoto",2012,"2012-07-14",,"Digital - Colour","1:50000",2,"2053365"
"18_00028",18,36165580,8002,"orthophoto",2021,,0.149999999999998,,,1,
"18_00029",18,23293311,8002,"airphoto",1973,"1973-09-11",,"Film - BW","1:15000",6,"1368612"
"18_00029",18,23293311,8002,"airphoto",1977,"1977-07-25",,"Film - BW","1:20000",1,"1204481"
"18_00029",18,23293311,8002,"airphoto",1980,"1980-08-12",,"Film - BW","1:20000",2,"721860"
"18_00029",18,23293311,8002,"airphoto",1984,"1984-07-24",,"Film - BW","1:60000",2,"322847"
"18_00029",18,23293311,8002,"airphoto",1987,"1987-06-28",,"Film - BW","1:40000",3,"908295"
"18_00029",18,23293311,8002,"airphoto",1988,"1988-08-26",,"Film - Colour","1:10000",13,"998195"
"18_00029",18,23293311,8002,"airphoto",1990,"1990-07-26",,"Film - BW","1:15000",5,"1062575"
"18_00029",18,23293311,8002,"airphoto",1995,"1995-07-21",,"Film - BW","1:15000",2,"93839"
"18_00029",18,23293311,8002,"airphoto",1996,"1996-07-07",,"Film - BW","1:40000",2,"127886"
"18_00029",18,23293311,8002,"airphoto",1997,"1997-08-10",,"Film - Colour","1:20000",2,"349239"
"18_00029",18,23293311,8002,"airphoto",2000,"2000-09-15",,"Film - Colour","1:30000",8,"455539"
"18_00029",18,23293311,8002,"airphoto",2012,"2012-07-13",,"Digital - Colour","1:50000",3,"2052801"
"18_00030",18,19809425,8007,"airphoto",1969,"1969-08-06",,"Film - BW","1:16000",3,"779707"
"18_00030",18,19809425,8007,"airphoto",1971,"1971-08-12",,"Film - BW","1:31680",3,"1414787"
"18_00030",18,19809425,8007,"airphoto",1972,"1972-08-14",,"Film - BW","1:60000",2,"1384612"
"18_00030",18,19809425,8007,"airphoto",1973,"1973-08-11",,"Film - BW","1:15000",1,"1368225"
"18_00030",18,19809425,8007,"airphoto",1975,"1975-09-08",,"Film - BW","1:15000",2,"1292730"
"18_00030",18,19809425,8007,"airphoto",1976,"1976-05-07",,"Film - BW","1:18000",5,"1225007"
"18_00030",18,19809425,8007,"airphoto",1977,"1977-07-25",,"Film - BW","1:20000",9,"1204421"
"18_00030",18,19809425,8007,"airphoto",1980,"1980-08-12",,"Film - BW","1:20000",3,"721909"
"18_00030",18,19809425,8007,"airphoto",1984,"1984-09-14",,"Film - BW","1:18000",11,"681118"
"18_00030",18,19809425,8007,"airphoto",1985,"1985-06-20",,"Film - BW","1:15000",1,"851138"
"18_00030",18,19809425,8007,"airphoto",1988,"1988-08-07",,"Film - BW","1:20000",4,"970703"
"18_00030",18,19809425,8007,"airphoto",1991,"1991-07-31",,"Film - BW","1:15000",2,"599939"
"18_00030",18,19809425,8007,"airphoto",1996,"1996-07-07",,"Film - BW","1:40000",3,"128683"
"18_00030",18,19809425,8007,"airphoto",1997,"1997-08-10",,"Film - Colour","1:20000",5,"349150"
"18_00030",18,19809425,8007,"airphoto",2000,"2000-09-15",,"Film - Colour","1:30000",4,"455342"
"18_00030",18,19809425,8007,"airphoto",2006,"2006-09-05",,"Film - Colour","1:20000",4,"1588751"
"18_00030",18,19809425,8007,"airphoto",2012,"2012-07-06",,"Digital - Colour","1:50000",5,"2050217"
"18_00030",18,19809425,8007,"orthophoto",2021,,0.15,,,1,
"19_00001",19,36051908,11002,"airphoto",1974,"1974-07-21",,"Film - BW","1:16000",6,"1316510"
"19_00001",19,36051908,11002,"airphoto",1980,"1980-08-12",,"Film - BW","1:20000",2,"721293"
"19_00001",19,36051908,11002,"airphoto",1985,"1985-05-16",,"Film - Colour","1:10000",5,"855747"
"19_00001",19,36051908,11002,"airphoto",1988,"1988-07-20",,"Film - BW","1:20000",5,"970094"
"19_00001",19,36051908,11002,"airphoto",1990,"1990-07-29",,"Film - BW","1:15000",3,"1063718"
"19_00001",19,36051908,11002,"airphoto",1995,"1995-09-16",,"Film - BW","1:15000",2,"94713"
"19_00001",19,36051908,11002,"airphoto",1996,"1996-07-07",,"Film - BW","1:40000",6,"128659"
"19_00001",19,36051908,11002,"airphoto",1997,"1997-08-10",,"Film - Colour","1:20000",5,"348991"
"19_00001",19,36051908,11002,"airphoto",2000,"2000-09-15",,"Film - Colour","1:30000",5,"455246"
"19_00001",19,36051908,11002,"airphoto",2002,"2002-08-16",,"Film - Colour","1:15000",4,"644993"
"19_00001",19,36051908,11002,"airphoto",2012,"2012-07-14",,"Digital - Colour","1:50000",6,"2053346"
"19_00002",19,46513562,2011,"airphoto",1974,"1974-08-02",,"Film - BW","1:16000",3,"1316652"
"19_00002",19,46513562,2011,"airphoto",1978,"1978-09-04",,"Film - Colour","1:25000",1,"1182038"
"19_00002",19,46513562,2011,"airphoto",1987,"1987-08-06",,"Film - Colour","1:10000",1,"528578"
"19_00002",19,46513562,2011,"airphoto",1988,"1988-09-12",,"Film - Colour","1:10000",5,"998975"
"19_00002",19,46513562,2011,"airphoto",1989,"1989-06-12",,"Film - BW","1:15000",6,"1021984"
"19_00002",19,46513562,2011,"airphoto",1992,"1992-07-19",,"Film - BW","1:15000",5,"587435"
"19_00002",19,46513562,2011,"airphoto",1994,"1994-08-08",,"Film - BW","1:15000",5,"76242"
"19_00002",19,46513562,2011,"airphoto",1995,"1995-09-04",,"Film - BW","1:15000",6,"94357"
"19_00002",19,46513562,2011,"airphoto",1996,"1996-07-12",,"Film - BW","1:40000",6,"129463"
"19_00002",19,46513562,2011,"airphoto",1999,"1999-10-02",,"Film - BW","1:15000",2,"389631"
"19_00002",19,46513562,2011,"airphoto",2000,"2000-09-23",,"Film - BW","1:15000",6,"468255"
"19_00002",19,46513562,2011,"airphoto",2002,"2002-08-21",,"Film - Colour","1:30000",2,"643575"
"19_00002",19,46513562,2011,"airphoto",2006,"2006-08-19",,"Film - Colour","1:20000",5,"1587133"
"19_00002",19,46513562,2011,"airphoto",2012,"2012-07-14",,"Digital - Colour","1:50000",6,"2053526"
"19_00003",19,49259432,2011,"airphoto",1974,"1974-08-02",,"Film - BW","1:16000",6,"1316698"
"19_00003",19,49259432,2011,"airphoto",1979,"1979-07-29",,"Film - BW","1:15840",1,"1123392"
"19_00003",19,49259432,2011,"airphoto",1987,"1987-08-06",,"Film - Colour","1:10000",2,"528576"
"19_00003",19,49259432,2011,"airphoto",1988,"1988-09-12",,"Film - Colour","1:10000",3,"999021"
"19_00003",19,49259432,2011,"airphoto",1989,"1989-06-12",,"Film - BW","1:15000",5,"1021772"
"19_00003",19,49259432,2011,"airphoto",1992,"1992-07-19",,"Film - BW","1:15000",3,"587426"
"19_00003",19,49259432,2011,"airphoto",1994,"1994-08-18",,"Film - BW","1:15000",3,"76513"
"19_00003",19,49259432,2011,"airphoto",1995,"1995-09-04",,"Film - BW","1:15000",3,"94338"
"19_00003",19,49259432,2011,"airphoto",1996,"1996-07-12",,"Film - BW","1:40000",3,"129008"
"19_00003",19,49259432,2011,"airphoto",2000,"2000-09-23",,"Film - BW","1:15000",6,"468240"
"19_00003",19,49259432,2011,"airphoto",2002,"2002-08-21",,"Film - Colour","1:30000",6,"643579"
"19_00003",19,49259432,2011,"airphoto",2006,"2006-08-19",,"Film - Colour","1:20000",3,"1587132"
"19_00003",19,49259432,2011,"airphoto",2012,"2012-07-14",,"Digital - Colour","1:50000",3,"2053701"
"19_00004",19,36212859,11002,"airphoto",1974,"1974-07-21",,"Film - BW","1:16000",6,"1316510"
"19_00004",19,36212859,11002,"airphoto",1980,"1980-08-12",,"Film - BW","1:20000",2,"721294"
"19_00004",19,36212859,11002,"airphoto",1985,"1985-05-16",,"Film - Colour","1:10000",4,"855746"
"19_00004",19,36212859,11002,"airphoto",1988,"1988-07-20",,"Film - BW","1:20000",6,"970094"
"19_00004",19,36212859,11002,"airphoto",1990,"1990-07-29",,"Film - BW","1:15000",3,"1063719"
"19_00004",19,36212859,11002,"airphoto",1995,"1995-09-16",,"Film - BW","1:15000",2,"94712"
"19_00004",19,36212859,11002,"airphoto",1996,"1996-07-07",,"Film - BW","1:40000",6,"128659"
"19_00004",19,36212859,11002,"airphoto",1997,"1997-08-10",,"Film - Colour","1:20000",4,"348992"
"19_00004",19,36212859,11002,"airphoto",2000,"2000-09-15",,"Film - Colour","1:30000",4,"455246"
"19_00004",19,36212859,11002,"airphoto",2002,"2002-08-16",,"Film - Colour","1:15000",5,"644993"
"19_00004",19,36212859,11002,"airphoto",2012,"2012-07-14",,"Digital - Colour","1:50000",4,"2053346"
"19_00005",19,40971178,11002,"airphoto",1974,"1974-06-14",,"Film - BW","1:20000",7,"1338823"
"19_00005",19,40971178,11002,"airphoto",1987,"1987-08-06",,"Film - Colour","1:10000",4,"528220"
"19_00005",19,40971178,11002,"airphoto",1988,"1988-07-20",,"Film - BW","1:20000",5,"969836"
"19_00005",19,40971178,11002,"airphoto",1990,"1990-07-29",,"Film - BW","1:15000",5,"1063905"
"19_00005",19,40971178,11002,"airphoto",1995,"1995-09-16",,"Film - BW","1:15000",2,"94918"
"19_00005",19,40971178,11002,"airphoto",1996,"1996-07-07",,"Film - BW","1:40000",4,"128573"
"19_00005",19,40971178,11002,"airphoto",2000,"2000-09-15",,"Film - Colour","1:30000",5,"455488"
"19_00005",19,40971178,11002,"airphoto",2002,"2002-08-16",,"Film - Colour","1:15000",2,"644915"
"19_00005",19,40971178,11002,"airphoto",2012,"2012-07-14",,"Digital - Colour","1:50000",2,"2053472"
"19_00006",19,21617122,11005,"airphoto",1971,"1971-08-12",,"Film - BW","1:31680",2,"1414810"
"19_00006",19,21617122,11005,"airphoto",1972,"1972-08-14",,"Film - BW","1:60000",3,"1384613"
"19_00006",19,21617122,11005,"airphoto",1975,"1975-09-08",,"Film - BW","1:15000",1,"1292735"
"19_00006",19,21617122,11005,"airphoto",1976,"1976-05-07",,"Film - BW","1:18000",5,"1225016"
"19_00006",19,21617122,11005,"airphoto",1977,"1977-08-16",,"Film - BW","1:10000",8,"1204062"
"19_00006",19,21617122,11005,"airphoto",1980,"1980-08-12",,"Film - BW","1:20000",3,"721913"
"19_00006",19,21617122,11005,"airphoto",1984,"1984-09-14",,"Film - BW","1:18000",7,"681109"
"19_00006",19,21617122,11005,"airphoto",1985,"1985-07-09",,"Film - BW","1:15000",2,"851207"
"19_00006",19,21617122,11005,"airphoto",1988,"1988-08-07",,"Film - BW","1:20000",5,"970698"
"19_00006",19,21617122,11005,"airphoto",1991,"1991-07-31",,"Film - BW","1:15000",2,"599701"
"19_00006",19,21617122,11005,"airphoto",1996,"1996-07-07",,"Film - BW","1:40000",6,"128685"
"19_00006",19,21617122,11005,"airphoto",1997,"1997-08-10",,"Film - Colour","1:20000",3,"349146"
"19_00006",19,21617122,11005,"airphoto",2000,"2000-09-15",,"Film - Colour","1:30000",2,"455312"
"19_00006",19,21617122,11005,"airphoto",2006,"2006-09-05",,"Film - Colour","1:20000",3,"1588744"
"19_00006",19,21617122,11005,"airphoto",2012,"2012-07-13",,"Digital - Colour","1:50000",3,"2052708"
"19_00006",19,21617122,11005,"orthophoto",2021,,0.15,,,1,
"19_00007",19,40774386,11002,"airphoto",1974,"1974-06-14",,"Film - BW","1:20000",6,"1338824"
"19_00007",19,40774386,11002,"airphoto",1987,"1987-08-06",,"Film - Colour","1:10000",2,"528220"
"19_00007",19,40774386,11002,"airphoto",1988,"1988-07-20",,"Film - BW","1:20000",2,"969836"
"19_00007",19,40774386,11002,"airphoto",1990,"1990-07-29",,"Film - BW","1:15000",5,"1063905"
"19_00007",19,40774386,11002,"airphoto",1995,"1995-09-16",,"Film - BW","1:15000",3,"94918"
"19_00007",19,40774386,11002,"airphoto",1996,"1996-07-07",,"Film - BW","1:40000",4,"128573"
"19_00007",19,40774386,11002,"airphoto",2000,"2000-09-15",,"Film - Colour","1:30000",5,"455488"
"19_00007",19,40774386,11002,"airphoto",2002,"2002-08-16",,"Film - Colour","1:15000",2,"644915"
"19_00007",19,40774386,11002,"airphoto",2012,"2012-07-14",,"Digital - Colour","1:50000",2,"2053472"
"19_00008",19,21599280,11005,"airphoto",1971,"1971-08-12",,"Film - BW","1:31680",2,"1414810"
"19_00008",19,21599280,11005,"airphoto",1972,"1972-08-14",,"Film - BW","1:60000",2,"1384613"
"19_00008",19,21599280,11005,"airphoto",1975,"1975-09-08",,"Film - BW","1:15000",1,"1292735"
"19_00008",19,21599280,11005,"airphoto",1976,"1976-05-07",,"Film - BW","1:18000",5,"1225012"
"19_00008",19,21599280,11005,"airphoto",1977,"1977-08-16",,"Film - BW","1:10000",9,"1204061"
"19_00008",19,21599280,11005,"airphoto",1980,"1980-08-12",,"Film - BW","1:20000",2,"721913"
"19_00008",19,21599280,11005,"airphoto",1984,"1984-09-14",,"Film - BW","1:18000",9,"681108"
"19_00008",19,21599280,11005,"airphoto",1985,"1985-07-09",,"Film - BW","1:15000",2,"851207"
"19_00008",19,21599280,11005,"airphoto",1988,"1988-08-07",,"Film - BW","1:20000",4,"970698"
"19_00008",19,21599280,11005,"airphoto",1991,"1991-07-31",,"Film - BW","1:15000",2,"599700"
"19_00008",19,21599280,11005,"airphoto",1996,"1996-07-07",,"Film - BW","1:40000",6,"128685"
"19_00008",19,21599280,11005,"airphoto",1997,"1997-08-10",,"Film - Colour","1:20000",2,"349146"
"19_00008",19,21599280,11005,"airphoto",2000,"2000-09-15",,"Film - Colour","1:30000",2,"455312"
"19_00008",19,21599280,11005,"airphoto",2006,"2006-09-05",,"Film - Colour","1:20000",3,"1588744"
"19_00008",19,21599280,11005,"airphoto",2012,"2012-07-13",,"Digital - Colour","1:50000",3,"2052708"
"19_00008",19,21599280,11005,"orthophoto",2021,,0.15,,,1,
"19_00009",19,44697046,11005,"airphoto",1974,"1974-08-01",,"Film - BW","1:16000",3,"1308761"
"19_00009",19,44697046,11005,"airphoto",1979,"1979-08-24",,"Film - BW","1:15840",2,"1123450"
"19_00009",19,44697046,11005,"airphoto",1987,"1987-08-06",,"Film - Colour","1:10000",3,"528691"
"19_00009",19,44697046,11005,"airphoto",1988,"1988-09-12",,"Film - Colour","1:10000",6,"998933"
"19_00009",19,44697046,11005,"airphoto",1989,"1989-06-12",,"Film - BW","1:15000",4,"1021989"
"19_00009",19,44697046,11005,"airphoto",1992,"1992-07-19",,"Film - BW","1:15000",2,"587482"
"19_00009",19,44697046,11005,"airphoto",1994,"1994-08-18",,"Film - BW","1:15000",2,"76510"
"19_00009",19,44697046,11005,"airphoto",1995,"1995-09-20",,"Film - BW","1:15000",6,"95806"
"19_00009",19,44697046,11005,"airphoto",1996,"1996-07-12",,"Film - BW","1:40000",3,"129461"
"19_00009",19,44697046,11005,"airphoto",1999,"1999-10-02",,"Film - BW","1:15000",4,"389626"
"19_00009",19,44697046,11005,"airphoto",2000,"2000-09-19",,"Film - Colour","1:30000",3,"455792"
"19_00009",19,44697046,11005,"airphoto",2002,"2002-08-21",,"Film - Colour","1:30000",2,"643577"
"19_00009",19,44697046,11005,"airphoto",2006,"2006-08-19",,"Film - Colour","1:20000",2,"1587128"
"19_00009",19,44697046,11005,"airphoto",2012,"2012-07-14",,"Digital - Colour","1:50000",3,"2053531"
"19_00010",19,43265919,2011,"airphoto",1974,"1974-08-01",,"Film - BW","1:16000",5,"1308760"
"19_00010",19,43265919,2011,"airphoto",1979,"1979-08-24",,"Film - BW","1:15840",3,"1123449"
"19_00010",19,43265919,2011,"airphoto",1987,"1987-08-06",,"Film - Colour","1:10000",4,"528166"
"19_00010",19,43265919,2011,"airphoto",1988,"1988-09-12",,"Film - Colour","1:10000",4,"998914"
"19_00010",19,43265919,2011,"airphoto",1989,"1989-06-12",,"Film - BW","1:15000",2,"1021964"
"19_00010",19,43265919,2011,"airphoto",1992,"1992-07-19",,"Film - BW","1:15000",2,"587496"
"19_00010",19,43265919,2011,"airphoto",1994,"1994-08-11",,"Film - BW","1:15000",2,"76352"
"19_00010",19,43265919,2011,"airphoto",1995,"1995-09-20",,"Film - BW","1:15000",2,"95781"
"19_00010",19,43265919,2011,"airphoto",1996,"1996-07-12",,"Film - BW","1:40000",6,"129461"
"19_00010",19,43265919,2011,"airphoto",1999,"1999-10-02",,"Film - BW","1:15000",2,"389623"
"19_00010",19,43265919,2011,"airphoto",2000,"2000-09-19",,"Film - Colour","1:30000",2,"455792"
"19_00010",19,43265919,2011,"airphoto",2002,"2002-08-21",,"Film - Colour","1:30000",1,"643501"
"19_00010",19,43265919,2011,"airphoto",2006,"2006-08-19",,"Film - Colour","1:20000",5,"1587033"
"19_00010",19,43265919,2011,"airphoto",2012,"2012-07-14",,"Digital - Colour","1:50000",6,"2053508"
"19_00011",19,35649345,11002,"airphoto",1973,"1973-09-15",,"Film - BW","1:15000",2,"1368970"
"19_00011",19,35649345,11002,"airphoto",1974,"1974-07-21",,"Film - BW","1:16000",6,"1316510"
"19_00011",19,35649345,11002,"airphoto",1980,"1980-08-12",,"Film - BW","1:20000",2,"721294"
"19_00011",19,35649345,11002,"airphoto",1985,"1985-05-16",,"Film - Colour","1:10000",4,"855747"
"19_00011",19,35649345,11002,"airphoto",1988,"1988-07-20",,"Film - BW","1:20000",6,"970155"
"19_00011",19,35649345,11002,"airphoto",1990,"1990-07-29",,"Film - BW","1:15000",3,"1063719"
"19_00011",19,35649345,11002,"airphoto",1995,"1995-09-16",,"Film - BW","1:15000",2,"94712"
"19_00011",19,35649345,11002,"airphoto",1996,"1996-07-07",,"Film - BW","1:40000",6,"128659"
"19_00011",19,35649345,11002,"airphoto",1997,"1997-08-10",,"Film - Colour","1:20000",2,"348992"
"19_00011",19,35649345,11002,"airphoto",2000,"2000-09-15",,"Film - Colour","1:30000",3,"455246"
"19_00011",19,35649345,11002,"airphoto",2002,"2002-08-16",,"Film - Colour","1:15000",4,"645075"
"19_00011",19,35649345,11002,"airphoto",2012,"2012-07-14",,"Digital - Colour","1:50000",4,"2053259"
"19_00012",19,51629583,2011,"airphoto",1974,"1974-08-03",,"Film - BW","1:16000",3,"1308854"
"19_00012",19,51629583,2011,"airphoto",1979,"1979-07-29",,"Film - BW","1:15840",3,"1123389"
"19_00012",19,51629583,2011,"airphoto",1987,"1987-08-06",,"Film - Colour","1:10000",6,"528494"
"19_00012",19,51629583,2011,"airphoto",1988,"1988-09-12",,"Film - Colour","1:10000",3,"999056"
"19_00012",19,51629583,2011,"airphoto",1989,"1989-06-12",,"Film - BW","1:15000",2,"1021776"
"19_00012",19,51629583,2011,"airphoto",1992,"1992-07-18",,"Film - BW","1:15000",2,"587379"
"19_00012",19,51629583,2011,"airphoto",1994,"1994-08-18",,"Film - BW","1:15000",3,"76541"
"19_00012",19,51629583,2011,"airphoto",1995,"1995-09-04",,"Film - BW","1:15000",3,"94150"
"19_00012",19,51629583,2011,"airphoto",1996,"1996-07-12",,"Film - BW","1:40000",4,"129009"
"19_00012",19,51629583,2011,"airphoto",2000,"2000-09-23",,"Film - BW","1:15000",4,"468211"
"19_00012",19,51629583,2011,"airphoto",2002,"2002-08-21",,"Film - Colour","1:30000",2,"643578"
"19_00012",19,51629583,2011,"airphoto",2006,"2006-09-07",,"Film - Colour","1:20000",2,"1588955"
"19_00012",19,51629583,2011,"airphoto",2012,"2012-07-14",,"Digital - Colour","1:50000",3,"2053720"
"19_00013",19,37607841,11002,"airphoto",1974,"1974-06-14",,"Film - BW","1:20000",9,"1338826"
"19_00013",19,37607841,11002,"airphoto",1980,"1980-08-12",,"Film - BW","1:20000",3,"721296"
"19_00013",19,37607841,11002,"airphoto",1988,"1988-07-20",,"Film - BW","1:20000",2,"970097"
"19_00013",19,37607841,11002,"airphoto",1990,"1990-07-29",,"Film - BW","1:15000",3,"1063797"
"19_00013",19,37607841,11002,"airphoto",1995,"1995-09-16",,"Film - BW","1:15000",6,"94806"
"19_00013",19,37607841,11002,"airphoto",1996,"1996-07-07",,"Film - BW","1:40000",7,"128573"
"19_00013",19,37607841,11002,"airphoto",1997,"1997-08-10",,"Film - Colour","1:20000",3,"348946"
"19_00013",19,37607841,11002,"airphoto",2000,"2000-09-15",,"Film - Colour","1:30000",3,"455488"
"19_00013",19,37607841,11002,"airphoto",2002,"2002-08-16",,"Film - Colour","1:15000",3,"644996"
"19_00013",19,37607841,11002,"airphoto",2012,"2012-07-14",,"Digital - Colour","1:50000",2,"2053350"
"19_00014",19,47953560,2011,"airphoto",1974,"1974-08-02",,"Film - BW","1:16000",5,"1316698"
"19_00014",19,47953560,2011,"airphoto",1979,"1979-08-24",,"Film - BW","1:15840",1,"1123447"
"19_00014",19,47953560,2011,"airphoto",1987,"1987-08-06",,"Film - Colour","1:10000",2,"528698"
"19_00014",19,47953560,2011,"airphoto",1988,"1988-09-12",,"Film - Colour","1:10000",4,"998982"
"19_00014",19,47953560,2011,"airphoto",1989,"1989-06-12",,"Film - BW","1:15000",3,"1021994"
"19_00014",19,47953560,2011,"airphoto",1992,"1992-07-19",,"Film - BW","1:15000",2,"587435"
"19_00014",19,47953560,2011,"airphoto",1994,"1994-08-08",,"Film - BW","1:15000",2,"76241"
"19_00014",19,47953560,2011,"airphoto",1995,"1995-09-04",,"Film - BW","1:15000",3,"94358"
"19_00014",19,47953560,2011,"airphoto",1996,"1996-07-12",,"Film - BW","1:40000",4,"129007"
"19_00014",19,47953560,2011,"airphoto",2000,"2000-09-19",,"Film - Colour","1:30000",5,"455782"
"19_00014",19,47953560,2011,"airphoto",2002,"2002-08-21",,"Film - Colour","1:30000",4,"643576"
"19_00014",19,47953560,2011,"airphoto",2006,"2006-08-19",,"Film - Colour","1:20000",2,"1587133"
"19_00014",19,47953560,2011,"airphoto",2012,"2012-07-14",,"Digital - Colour","1:50000",3,"2053702"
"19_00015",19,52470394,1011,"airphoto",1979,"1979-07-29",,"Film - BW","1:15840",4,"1123389"
"19_00015",19,52470394,1011,"airphoto",1987,"1987-08-06",,"Film - Colour","1:10000",3,"528486"
"19_00015",19,52470394,1011,"airphoto",1988,"1988-09-12",,"Film - Colour","1:10000",5,"999056"
"19_00015",19,52470394,1011,"airphoto",1989,"1989-06-12",,"Film - BW","1:15000",2,"1021776"
"19_00015",19,52470394,1011,"airphoto",1992,"1992-07-18",,"Film - BW","1:15000",4,"587379"
"19_00015",19,52470394,1011,"airphoto",1994,"1994-08-18",,"Film - BW","1:15000",5,"76541"
"19_00015",19,52470394,1011,"airphoto",1995,"1995-09-04",,"Film - BW","1:15000",6,"94150"
"19_00015",19,52470394,1011,"airphoto",1996,"1996-07-12",,"Film - BW","1:40000",6,"129009"
"19_00015",19,52470394,1011,"airphoto",2000,"2000-09-22",,"Film - Colour","1:30000",4,"455952"
"19_00015",19,52470394,1011,"airphoto",2002,"2002-08-21",,"Film - Colour","1:30000",3,"643578"
"19_00015",19,52470394,1011,"airphoto",2006,"2006-09-07",,"Film - Colour","1:20000",2,"1588955"
"19_00015",19,52470394,1011,"airphoto",2012,"2012-07-14",,"Digital - Colour","1:50000",3,"2053720"
"19_00016",19,51512774,2011,"airphoto",1974,"1974-08-03",,"Film - BW","1:16000",3,"1308850"
"19_00016",19,51512774,2011,"airphoto",1979,"1979-07-29",,"Film - BW","1:15840",3,"1123385"
"19_00016",19,51512774,2011,"airphoto",1987,"1987-08-06",,"Film - Colour","1:10000",4,"528499"
"19_00016",19,51512774,2011,"airphoto",1988,"1988-09-12",,"Film - Colour","1:10000",3,"999050"
"19_00016",19,51512774,2011,"airphoto",1992,"1992-07-18",,"Film - BW","1:15000",3,"587383"
"19_00016",19,51512774,2011,"airphoto",1995,"1995-09-04",,"Film - BW","1:15000",3,"94154"
"19_00016",19,51512774,2011,"airphoto",1996,"1996-07-12",,"Film - BW","1:40000",6,"129010"
"19_00016",19,51512774,2011,"airphoto",2000,"2000-09-22",,"Film - Colour","1:30000",3,"455954"
"19_00016",19,51512774,2011,"airphoto",2006,"2006-09-07",,"Film - Colour","1:20000",1,"1588953"
"19_00016",19,51512774,2011,"airphoto",2012,"2012-07-14",,"Digital - Colour","1:50000",3,"2053724"
"19_00017",19,47336366,2011,"airphoto",1974,"1974-08-02",,"Film - BW","1:16000",5,"1316651"
"19_00017",19,47336366,2011,"airphoto",1979,"1979-08-24",,"Film - BW","1:15840",1,"1123447"
"19_00017",19,47336366,2011,"airphoto",1987,"1987-08-06",,"Film - Colour","1:10000",4,"528698"
"19_00017",19,47336366,2011,"airphoto",1988,"1988-07-20",,"Film - BW","1:20000",5,"969719"
"19_00017",19,47336366,2011,"airphoto",1989,"1989-06-12",,"Film - BW","1:15000",3,"1021994"
"19_00017",19,47336366,2011,"airphoto",1992,"1992-07-19",,"Film - BW","1:15000",2,"587435"
"19_00017",19,47336366,2011,"airphoto",1994,"1994-08-08",,"Film - BW","1:15000",2,"76241"
"19_00017",19,47336366,2011,"airphoto",1995,"1995-09-04",,"Film - BW","1:15000",3,"94358"
"19_00017",19,47336366,2011,"airphoto",1996,"1996-07-12",,"Film - BW","1:40000",4,"129463"
"19_00017",19,47336366,2011,"airphoto",2000,"2000-09-23",,"Film - BW","1:15000",5,"468256"
"19_00017",19,47336366,2011,"airphoto",2002,"2002-08-21",,"Film - Colour","1:30000",2,"643576"
"19_00017",19,47336366,2011,"airphoto",2006,"2006-08-19",,"Film - Colour","1:20000",2,"1587133"
"19_00017",19,47336366,2011,"airphoto",2012,"2012-07-14",,"Digital - Colour","1:50000",6,"2053702"
"19_00018",19,41472158,11002,"airphoto",1974,"1974-08-01",,"Film - BW","1:16000",6,"1308684"
"19_00018",19,41472158,11002,"airphoto",1987,"1987-08-06",,"Film - Colour","1:10000",2,"528109"
"19_00018",19,41472158,11002,"airphoto",1988,"1988-07-20",,"Film - BW","1:20000",5,"969837"
"19_00018",19,41472158,11002,"airphoto",1990,"1990-07-29",,"Film - BW","1:15000",3,"1063252"
"19_00018",19,41472158,11002,"airphoto",1995,"1995-09-16",,"Film - BW","1:15000",6,"94919"
"19_00018",19,41472158,11002,"airphoto",1996,"1996-07-07",,"Film - BW","1:40000",5,"128574"
"19_00018",19,41472158,11002,"airphoto",2000,"2000-09-19",,"Film - Colour","1:30000",5,"455809"
"19_00018",19,41472158,11002,"airphoto",2002,"2002-08-16",,"Film - Colour","1:15000",3,"644914"
"19_00018",19,41472158,11002,"airphoto",2012,"2012-07-14",,"Digital - Colour","1:50000",3,"2053473"
"19_00019",19,36507426,11002,"airphoto",1974,"1974-07-21",,"Film - BW","1:16000",3,"1316514"
"19_00019",19,36507426,11002,"airphoto",1980,"1980-08-12",,"Film - BW","1:20000",3,"721297"
"19_00019",19,36507426,11002,"airphoto",1987,"1987-06-28",,"Film - BW","1:40000",1,"908365"
"19_00019",19,36507426,11002,"airphoto",1988,"1988-07-20",,"Film - BW","1:20000",5,"970098"
"19_00019",19,36507426,11002,"airphoto",1990,"1990-07-29",,"Film - BW","1:15000",5,"1063724"
"19_00019",19,36507426,11002,"airphoto",1995,"1995-09-16",,"Film - BW","1:15000",2,"94708"
"19_00019",19,36507426,11002,"airphoto",1996,"1996-07-07",,"Film - BW","1:40000",7,"128661"
"19_00019",19,36507426,11002,"airphoto",1997,"1997-08-10",,"Film - Colour","1:20000",6,"348945"
"19_00019",19,36507426,11002,"airphoto",2000,"2000-09-15",,"Film - Colour","1:30000",5,"455248"
"19_00019",19,36507426,11002,"airphoto",2002,"2002-08-16",,"Film - Colour","1:15000",2,"644997"
"19_00019",19,36507426,11002,"airphoto",2012,"2012-07-14",,"Digital - Colour","1:50000",3,"2053351"
"19_00020",19,35944576,11002,"airphoto",1973,"1973-09-15",,"Film - BW","1:15000",2,"1368969"
"19_00020",19,35944576,11002,"airphoto",1974,"1974-07-21",,"Film - BW","1:16000",5,"1316510"
"19_00020",19,35944576,11002,"airphoto",1980,"1980-08-12",,"Film - BW","1:20000",2,"721293"
"19_00020",19,35944576,11002,"airphoto",1985,"1985-05-16",,"Film - Colour","1:10000",5,"855747"
"19_00020",19,35944576,11002,"airphoto",1988,"1988-07-20",,"Film - BW","1:20000",5,"970155"
"19_00020",19,35944576,11002,"airphoto",1990,"1990-07-29",,"Film - BW","1:15000",3,"1063718"
"19_00020",19,35944576,11002,"airphoto",1995,"1995-09-16",,"Film - BW","1:15000",2,"94713"
"19_00020",19,35944576,11002,"airphoto",1996,"1996-07-07",,"Film - BW","1:40000",6,"128659"
"19_00020",19,35944576,11002,"airphoto",1997,"1997-08-10",,"Film - Colour","1:20000",5,"348991"
"19_00020",19,35944576,11002,"airphoto",2000,"2000-09-15",,"Film - Colour","1:30000",5,"455246"
"19_00020",19,35944576,11002,"airphoto",2002,"2002-08-16",,"Film - Colour","1:15000",5,"645075"
"19_00020",19,35944576,11002,"airphoto",2012,"2012-07-14",,"Digital - Colour","1:50000",6,"2053346"
"19_00021",19,51360683,2011,"airphoto",1974,"1974-08-03",,"Film - BW","1:16000",3,"1308850"
"19_00021",19,51360683,2011,"airphoto",1979,"1979-07-29",,"Film - BW","1:15840",3,"1123385"
"19_00021",19,51360683,2011,"airphoto",1987,"1987-08-06",,"Film - Colour","1:10000",4,"528500"
"19_00021",19,51360683,2011,"airphoto",1988,"1988-09-12",,"Film - Colour","1:10000",5,"999050"
"19_00021",19,51360683,2011,"airphoto",1992,"1992-07-18",,"Film - BW","1:15000",4,"587383"
"19_00021",19,51360683,2011,"airphoto",1995,"1995-09-04",,"Film - BW","1:15000",2,"94154"
"19_00021",19,51360683,2011,"airphoto",1996,"1996-07-12",,"Film - BW","1:40000",6,"129010"
"19_00021",19,51360683,2011,"airphoto",2000,"2000-09-22",,"Film - Colour","1:30000",3,"455954"
"19_00021",19,51360683,2011,"airphoto",2012,"2012-07-14",,"Digital - Colour","1:50000",3,"2053724"
"19_00022",19,52693984,11002,"airphoto",1979,"1979-07-29",,"Film - BW","1:15840",5,"1123341"
"19_00022",19,52693984,11002,"airphoto",1987,"1987-08-06",,"Film - Colour","1:10000",2,"528485"
"19_00022",19,52693984,11002,"airphoto",1988,"1988-09-17",,"Film - Colour","1:10000",5,"999281"
"19_00022",19,52693984,11002,"airphoto",1989,"1989-06-12",,"Film - BW","1:15000",4,"1021776"
"19_00022",19,52693984,11002,"airphoto",1992,"1992-07-18",,"Film - BW","1:15000",5,"587380"
"19_00022",19,52693984,11002,"airphoto",1994,"1994-08-18",,"Film - BW","1:15000",3,"76541"
"19_00022",19,52693984,11002,"airphoto",1995,"1995-09-04",,"Film - BW","1:15000",4,"94151"
"19_00022",19,52693984,11002,"airphoto",1996,"1996-07-07",,"Film - BW","1:40000",6,"127809"
"19_00022",19,52693984,11002,"airphoto",1999,"1999-10-03",,"Film - BW","1:15000",3,"389770"
"19_00022",19,52693984,11002,"airphoto",2000,"2000-09-23",,"Film - BW","1:15000",4,"468210"
"19_00022",19,52693984,11002,"airphoto",2002,"2002-08-21",,"Film - Colour","1:30000",3,"643578"
"19_00022",19,52693984,11002,"airphoto",2006,"2006-09-07",,"Film - Colour","1:20000",2,"1588954"
"19_00022",19,52693984,11002,"airphoto",2012,"2012-07-14",,"Digital - Colour","1:50000",5,"2053720"
"19_00023",19,41373747,11002,"airphoto",1974,"1974-08-01",,"Film - BW","1:16000",6,"1308684"
"19_00023",19,41373747,11002,"airphoto",1987,"1987-08-06",,"Film - Colour","1:10000",2,"528109"
"19_00023",19,41373747,11002,"airphoto",1988,"1988-07-20",,"Film - BW","1:20000",4,"969837"
"19_00023",19,41373747,11002,"airphoto",1990,"1990-07-29",,"Film - BW","1:15000",3,"1063252"
"19_00023",19,41373747,11002,"airphoto",1995,"1995-09-16",,"Film - BW","1:15000",5,"94919"
"19_00023",19,41373747,11002,"airphoto",1996,"1996-07-07",,"Film - BW","1:40000",4,"128574"
"19_00023",19,41373747,11002,"airphoto",2000,"2000-09-19",,"Film - Colour","1:30000",5,"455809"
"19_00023",19,41373747,11002,"airphoto",2002,"2002-08-16",,"Film - Colour","1:15000",2,"644914"
"19_00023",19,41373747,11002,"airphoto",2012,"2012-07-14",,"Digital - Colour","1:50000",3,"2053473"
"19_00024",19,39929952,2011,"airphoto",1974,"1974-07-21",,"Film - BW","1:16000",2,"1316633"
"19_00024",19,39929952,2011,"airphoto",1977,"1977-08-14",,"Film - BW","1:20000",4,"1198817"
"19_00024",19,39929952,2011,"airphoto",1985,"1985-05-15",,"Film - Colour","1:10000",1,"855869"
"19_00024",19,39929952,2011,"airphoto",1987,"1987-08-06",,"Film - Colour","1:10000",2,"528273"
"19_00024",19,39929952,2011,"airphoto",1988,"1988-09-12",,"Film - Colour","1:10000",4,"998847"
"19_00024",19,39929952,2011,"airphoto",1990,"1990-07-29",,"Film - BW","1:15000",6,"1063841"
"19_00024",19,39929952,2011,"airphoto",1994,"1994-07-27",,"Film - BW","1:15000",6,"74684"
"19_00024",19,39929952,2011,"airphoto",1995,"1995-09-16",,"Film - BW","1:15000",5,"94964"
"19_00024",19,39929952,2011,"airphoto",1996,"1996-07-07",,"Film - BW","1:40000",3,"128590"
"19_00024",19,39929952,2011,"airphoto",1999,"1999-10-02",,"Film - BW","1:15000",2,"389543"
"19_00024",19,39929952,2011,"airphoto",2000,"2000-09-15",,"Film - Colour","1:30000",6,"455507"
"19_00024",19,39929952,2011,"airphoto",2002,"2002-08-21",,"Film - Colour","1:30000",3,"643656"
"19_00024",19,39929952,2011,"airphoto",2006,"2006-08-19",,"Film - Colour","1:20000",2,"1587027"
"19_00024",19,39929952,2011,"airphoto",2012,"2012-07-14",,"Digital - Colour","1:50000",5,"2053310"
"19_00025",19,36203921,11002,"airphoto",1974,"1974-07-21",,"Film - BW","1:16000",6,"1316510"
"19_00025",19,36203921,11002,"airphoto",1980,"1980-08-12",,"Film - BW","1:20000",2,"721294"
"19_00025",19,36203921,11002,"airphoto",1985,"1985-05-16",,"Film - Colour","1:10000",4,"855746"
"19_00025",19,36203921,11002,"airphoto",1988,"1988-07-20",,"Film - BW","1:20000",6,"970094"
"19_00025",19,36203921,11002,"airphoto",1990,"1990-07-29",,"Film - BW","1:15000",3,"1063719"
"19_00025",19,36203921,11002,"airphoto",1995,"1995-09-16",,"Film - BW","1:15000",2,"94712"
"19_00025",19,36203921,11002,"airphoto",1996,"1996-07-07",,"Film - BW","1:40000",6,"128659"
"19_00025",19,36203921,11002,"airphoto",1997,"1997-08-10",,"Film - Colour","1:20000",4,"348992"
"19_00025",19,36203921,11002,"airphoto",2000,"2000-09-15",,"Film - Colour","1:30000",5,"455246"
"19_00025",19,36203921,11002,"airphoto",2002,"2002-08-16",,"Film - Colour","1:15000",5,"644993"
"19_00025",19,36203921,11002,"airphoto",2012,"2012-07-14",,"Digital - Colour","1:50000",4,"2053346"
"19_00026",19,50976175,2011,"airphoto",1974,"1974-08-03",,"Film - BW","1:16000",3,"1308851"
"19_00026",19,50976175,2011,"airphoto",1979,"1979-07-29",,"Film - BW","1:15840",2,"1123386"
"19_00026",19,50976175,2011,"airphoto",1987,"1987-08-06",,"Film - Colour","1:10000",2,"528498"
"19_00026",19,50976175,2011,"airphoto",1988,"1988-09-12",,"Film - Colour","1:10000",3,"999040"
"19_00026",19,50976175,2011,"airphoto",1992,"1992-07-18",,"Film - BW","1:15000",6,"587382"
"19_00026",19,50976175,2011,"airphoto",1995,"1995-09-04",,"Film - BW","1:15000",5,"94153"
"19_00026",19,50976175,2011,"airphoto",1996,"1996-07-12",,"Film - BW","1:40000",6,"129010"
"19_00026",19,50976175,2011,"airphoto",2000,"2000-09-22",,"Film - Colour","1:30000",4,"455954"
"19_00026",19,50976175,2011,"airphoto",2012,"2012-07-14",,"Digital - Colour","1:50000",3,"2053723"
"19_00027",19,46253361,2011,"airphoto",1974,"1974-08-02",,"Film - BW","1:16000",3,"1316647"
"19_00027",19,46253361,2011,"airphoto",1979,"1979-08-24",,"Film - BW","1:15840",3,"1123443"
"19_00027",19,46253361,2011,"airphoto",1987,"1987-08-06",,"Film - Colour","1:10000",2,"528585"
"19_00027",19,46253361,2011,"airphoto",1988,"1988-09-12",,"Film - Colour","1:10000",6,"998966"
"19_00027",19,46253361,2011,"airphoto",1989,"1989-06-12",,"Film - BW","1:15000",1,"1021989"
"19_00027",19,46253361,2011,"airphoto",1992,"1992-07-19",,"Film - BW","1:15000",4,"587482"
"19_00027",19,46253361,2011,"airphoto",1995,"1995-09-20",,"Film - BW","1:15000",5,"95807"
"19_00027",19,46253361,2011,"airphoto",1996,"1996-07-12",,"Film - BW","1:40000",4,"129460"
"19_00027",19,46253361,2011,"airphoto",1999,"1999-10-02",,"Film - BW","1:15000",2,"389625"
"19_00027",19,46253361,2011,"airphoto",2000,"2000-09-23",,"Film - BW","1:15000",5,"468260"
"19_00027",19,46253361,2011,"airphoto",2002,"2002-08-21",,"Film - Colour","1:30000",1,"643577"
"19_00027",19,46253361,2011,"airphoto",2006,"2006-08-19",,"Film - Colour","1:20000",3,"1587129"
"19_00027",19,46253361,2011,"airphoto",2012,"2012-07-14",,"Digital - Colour","1:50000",6,"2053532"
"19_00028",19,49241612,2011,"airphoto",1974,"1974-08-02",,"Film - BW","1:16000",5,"1316698"
"19_00028",19,49241612,2011,"airphoto",1987,"1987-08-06",,"Film - Colour","1:10000",2,"528577"
"19_00028",19,49241612,2011,"airphoto",1988,"1988-09-12",,"Film - Colour","1:10000",2,"999022"
"19_00028",19,49241612,2011,"airphoto",1989,"1989-06-12",,"Film - BW","1:15000",5,"1021771"
"19_00028",19,49241612,2011,"airphoto",1992,"1992-07-19",,"Film - BW","1:15000",2,"587426"
"19_00028",19,49241612,2011,"airphoto",1994,"1994-08-18",,"Film - BW","1:15000",2,"76514"
"19_00028",19,49241612,2011,"airphoto",1995,"1995-09-04",,"Film - BW","1:15000",2,"94339"
"19_00028",19,49241612,2011,"airphoto",1996,"1996-07-12",,"Film - BW","1:40000",2,"129008"
"19_00028",19,49241612,2011,"airphoto",2000,"2000-09-23",,"Film - BW","1:15000",9,"468240"
"19_00028",19,49241612,2011,"airphoto",2002,"2002-08-21",,"Film - Colour","1:30000",4,"643579"
"19_00028",19,49241612,2011,"airphoto",2006,"2006-08-19",,"Film - Colour","1:20000",2,"1587133"
"19_00028",19,49241612,2011,"airphoto",2012,"2012-07-14",,"Digital - Colour","1:50000",2,"2053702"
"19_00029",19,39822374,2011,"airphoto",1974,"1974-07-21",,"Film - BW","1:16000",3,"1316631"
"19_00029",19,39822374,2011,"airphoto",1977,"1977-08-14",,"Film - BW","1:20000",4,"1198815"
"19_00029",19,39822374,2011,"airphoto",1987,"1987-08-06",,"Film - Colour","1:10000",5,"528275"
"19_00029",19,39822374,2011,"airphoto",1988,"1988-09-12",,"Film - Colour","1:10000",5,"998845"
"19_00029",19,39822374,2011,"airphoto",1990,"1990-07-29",,"Film - BW","1:15000",6,"1063839"
"19_00029",19,39822374,2011,"airphoto",1994,"1994-07-27",,"Film - BW","1:15000",4,"74686"
"19_00029",19,39822374,2011,"airphoto",1995,"1995-09-16",,"Film - BW","1:15000",5,"94767"
"19_00029",19,39822374,2011,"airphoto",1996,"1996-07-07",,"Film - BW","1:40000",3,"128589"
"19_00029",19,39822374,2011,"airphoto",1999,"1999-10-02",,"Film - BW","1:15000",2,"389542"
"19_00029",19,39822374,2011,"airphoto",2000,"2000-09-15",,"Film - Colour","1:30000",5,"455506"
"19_00029",19,39822374,2011,"airphoto",2002,"2002-08-21",,"Film - Colour","1:30000",2,"643502"
"19_00029",19,39822374,2011,"airphoto",2006,"2006-08-19",,"Film - Colour","1:20000",2,"1587029"
"19_00029",19,39822374,2011,"airphoto",2012,"2012-07-14",,"Digital - Colour","1:50000",6,"2053312"
"19_00030",19,51673935,2011,"airphoto",1974,"1974-08-03",,"Film - BW","1:16000",2,"1308851"
"19_00030",19,51673935,2011,"airphoto",1979,"1979-07-29",,"Film - BW","1:15840",3,"1123386"
"19_00030",19,51673935,2011,"airphoto",1987,"1987-08-06",,"Film - Colour","1:10000",4,"528482"
"19_00030",19,51673935,2011,"airphoto",1988,"1988-09-12",,"Film - Colour","1:10000",3,"999052"
"19_00030",19,51673935,2011,"airphoto",1992,"1992-07-18",,"Film - BW","1:15000",2,"587382"
"19_00030",19,51673935,2011,"airphoto",1995,"1995-09-04",,"Film - BW","1:15000",3,"94153"
"19_00030",19,51673935,2011,"airphoto",1996,"1996-07-12",,"Film - BW","1:40000",6,"129010"
"19_00030",19,51673935,2011,"airphoto",2000,"2000-09-23",,"Film - BW","1:15000",3,"468209"
"19_00030",19,51673935,2011,"airphoto",2006,"2006-09-07",,"Film - Colour","1:20000",1,"1588953"
"19_00030",19,51673935,2011,"airphoto",2012,"2012-07-14",,"Digital - Colour","1:50000",2,"2053723"
"1_00001",1,7667408,2011,"airphoto",1977,"1977-07-25",,"Film - BW","1:20000",2,"1204284"
"1_00001",1,7667408,2011,"airphoto",1984,"1984-07-24",,"Film - BW","1:60000",4,"322895"
"1_00001",1,7667408,2011,"airphoto",1985,"1985-05-19",,"Film - BW","1:15000",5,"842831"
"1_00001",1,7667408,2011,"airphoto",1986,"1986-07-21",,"Film - BW","1:60000",2,"327428"
"1_00001",1,7667408,2011,"airphoto",1988,"1988-08-12",,"Film - BW","1:20000",5,"971089"
"1_00001",1,7667408,2011,"airphoto",1989,"1989-05-14",,"Film - Colour","1:10000",3,"1045458"
"1_00001",1,7667408,2011,"airphoto",1991,"1991-07-22",,"Film - BW","1:15000",2,"599560"
"1_00001",1,7667408,2011,"airphoto",1996,"1996-07-07",,"Film - BW","1:40000",4,"128790"
"1_00001",1,7667408,2011,"airphoto",1997,"1997-08-16",,"Film - Colour","1:20000",5,"349664"
"1_00001",1,7667408,2011,"airphoto",2000,"2000-09-15",,"Film - Colour","1:30000",2,"455447"
"1_00001",1,7667408,2011,"airphoto",2012,"2012-07-06",,"Digital - Colour","1:50000",2,"2050482"
"1_00002",1,4492369,2011,"airphoto",1980,"1980-08-12",,"Film - BW","1:20000",3,"721554"
"1_00002",1,4492369,2011,"airphoto",1984,"1984-07-24",,"Film - BW","1:60000",6,"322722"
"1_00002",1,4492369,2011,"airphoto",1985,"1985-06-20",,"Film - BW","1:15000",5,"850719"
"1_00002",1,4492369,2011,"airphoto",1988,"1988-07-21",,"Film - BW","1:20000",4,"970317"
"1_00002",1,4492369,2011,"airphoto",1989,"1989-05-14",,"Film - Colour","1:10000",2,"1045442"
"1_00002",1,4492369,2011,"airphoto",1991,"1991-07-22",,"Film - BW","1:15000",6,"599067"
"1_00002",1,4492369,2011,"airphoto",1996,"1996-07-12",,"Film - BW","1:40000",3,"129997"
"1_00002",1,4492369,2011,"airphoto",1997,"1997-08-14",,"Film - Colour","1:20000",6,"349592"
"1_00002",1,4492369,2011,"airphoto",2000,"2000-09-15",,"Film - Colour","1:30000",2,"455562"
"1_00002",1,4492369,2011,"airphoto",2012,"2012-07-13",,"Digital - Colour","1:50000",3,"2052211"
"1_00003",1,7211242,2011,"airphoto",1977,"1977-07-25",,"Film - BW","1:20000",2,"1204284"
"1_00003",1,7211242,2011,"airphoto",1984,"1984-07-24",,"Film - BW","1:60000",4,"322895"
"1_00003",1,7211242,2011,"airphoto",1985,"1985-05-19",,"Film - BW","1:15000",8,"842832"
"1_00003",1,7211242,2011,"airphoto",1986,"1986-07-21",,"Film - BW","1:60000",1,"327428"
"1_00003",1,7211242,2011,"airphoto",1988,"1988-08-12",,"Film - BW","1:20000",4,"971088"
"1_00003",1,7211242,2011,"airphoto",1989,"1989-05-14",,"Film - Colour","1:10000",5,"1045457"
"1_00003",1,7211242,2011,"airphoto",1991,"1991-07-22",,"Film - BW","1:15000",3,"599560"
"1_00003",1,7211242,2011,"airphoto",1996,"1996-07-07",,"Film - BW","1:40000",5,"128791"
"1_00003",1,7211242,2011,"airphoto",1997,"1997-08-16",,"Film - Colour","1:20000",4,"349729"
"1_00003",1,7211242,2011,"airphoto",2000,"2000-09-15",,"Film - Colour","1:30000",5,"455447"
"1_00003",1,7211242,2011,"airphoto",2012,"2012-07-06",,"Digital - Colour","1:50000",2,"2050483"
"1_00004",1,6504551,2011,"airphoto",1977,"1977-07-25",,"Film - BW","1:20000",3,"1204284"
"1_00004",1,6504551,2011,"airphoto",1984,"1984-07-24",,"Film - BW","1:60000",4,"322895"
"1_00004",1,6504551,2011,"airphoto",1985,"1985-06-20",,"Film - BW","1:15000",7,"850724"
"1_00004",1,6504551,2011,"airphoto",1986,"1986-07-21",,"Film - BW","1:60000",2,"327428"
"1_00004",1,6504551,2011,"airphoto",1988,"1988-07-21",,"Film - BW","1:20000",6,"970314"
"1_00004",1,6504551,2011,"airphoto",1989,"1989-05-14",,"Film - Colour","1:10000",3,"1045477"
"1_00004",1,6504551,2011,"airphoto",1991,"1991-07-22",,"Film - BW","1:15000",4,"599448"
"1_00004",1,6504551,2011,"airphoto",1996,"1996-07-12",,"Film - BW","1:40000",4,"129999"
"1_00004",1,6504551,2011,"airphoto",1997,"1997-08-16",,"Film - Colour","1:20000",2,"349730"
"1_00004",1,6504551,2011,"airphoto",2000,"2000-09-15",,"Film - Colour","1:30000",5,"455447"
"1_00004",1,6504551,2011,"airphoto",2012,"2012-07-06",,"Digital - Colour","1:50000",4,"2050482"
"1_00005",1,5386698,2011,"airphoto",1980,"1980-08-12",,"Film - BW","1:20000",3,"721553"
"1_00005",1,5386698,2011,"airphoto",1984,"1984-07-24",,"Film - BW","1:60000",5,"322722"
"1_00005",1,5386698,2011,"airphoto",1985,"1985-06-20",,"Film - BW","1:15000",5,"850726"
"1_00005",1,5386698,2011,"airphoto",1986,"1986-07-21",,"Film - BW","1:60000",1,"327428"
"1_00005",1,5386698,2011,"airphoto",1988,"1988-07-21",,"Film - BW","1:20000",2,"970316"
"1_00005",1,5386698,2011,"airphoto",1989,"1989-05-14",,"Film - Colour","1:10000",3,"1045440"
"1_00005",1,5386698,2011,"airphoto",1991,"1991-07-22",,"Film - BW","1:15000",2,"599446"
"1_00005",1,5386698,2011,"airphoto",1996,"1996-07-12",,"Film - BW","1:40000",6,"129998"
"1_00005",1,5386698,2011,"airphoto",1997,"1997-08-16",,"Film - Colour","1:20000",3,"349728"
"1_00005",1,5386698,2011,"airphoto",2000,"2000-09-15",,"Film - Colour","1:30000",3,"455561"
"1_00005",1,5386698,2011,"airphoto",2012,"2012-07-13",,"Digital - Colour","1:50000",5,"2052212"
"1_00006",1,46078653,2011,"airphoto",1974,"1974-06-14",,"Film - BW","1:20000",6,"1338819"
"1_00006",1,46078653,2011,"airphoto",1987,"1987-08-06",,"Film - Colour","1:10000",2,"528636"
"1_00006",1,46078653,2011,"airphoto",1988,"1988-07-20",,"Film - BW","1:20000",3,"969688"
"1_00006",1,46078653,2011,"airphoto",1990,"1990-07-26",,"Film - BW","1:15000",6,"1062488"
"1_00006",1,46078653,2011,"airphoto",1995,"1995-09-04",,"Film - BW","1:15000",6,"94402"
"1_00006",1,46078653,2011,"airphoto",1996,"1996-07-12",,"Film - BW","1:40000",7,"129446"
"1_00006",1,46078653,2011,"airphoto",2000,"2000-09-19",,"Film - Colour","1:30000",6,"455762"
"1_00006",1,46078653,2011,"airphoto",2002,"2002-08-16",,"Film - Colour","1:15000",2,"644827"
"1_00006",1,46078653,2011,"airphoto",2012,"2012-07-14",,"Digital - Colour","1:50000",6,"2053662"
"1_00007",1,1290029,2011,"airphoto",1980,"1980-08-12",,"Film - BW","1:20000",3,"721532"
"1_00007",1,1290029,2011,"airphoto",1984,"1984-07-24",,"Film - BW","1:60000",3,"322722"
"1_00007",1,1290029,2011,"airphoto",1988,"1988-06-21",,"Film - Colour","1:10000",5,"995998"
"1_00007",1,1290029,2011,"airphoto",1990,"1990-07-19",,"Film - BW","1:15000",3,"1071749"
"1_00007",1,1290029,2011,"airphoto",1992,"1992-06-21",,"Film - BW","1:15000",3,"540120"
"1_00007",1,1290029,2011,"airphoto",1996,"1996-07-12",,"Film - BW","1:40000",6,"129852"
"1_00007",1,1290029,2011,"airphoto",1997,"1997-08-14",,"Film - Colour","1:20000",5,"349573"
"1_00007",1,1290029,2011,"airphoto",2000,"2000-09-15",,"Film - Colour","1:30000",3,"455608"
"1_00007",1,1290029,2011,"airphoto",2012,"2012-07-13",,"Digital - Colour","1:50000",3,"2052099"
"1_00008",1,6450870,2011,"airphoto",1977,"1977-07-25",,"Film - BW","1:20000",3,"1204284"
"1_00008",1,6450870,2011,"airphoto",1984,"1984-07-24",,"Film - BW","1:60000",5,"322895"
"1_00008",1,6450870,2011,"airphoto",1985,"1985-06-20",,"Film - BW","1:15000",8,"850724"
"1_00008",1,6450870,2011,"airphoto",1986,"1986-07-21",,"Film - BW","1:60000",2,"327428"
"1_00008",1,6450870,2011,"airphoto",1988,"1988-07-21",,"Film - BW","1:20000",6,"970314"
"1_00008",1,6450870,2011,"airphoto",1989,"1989-05-14",,"Film - Colour","1:10000",2,"1045477"
"1_00008",1,6450870,2011,"airphoto",1991,"1991-07-22",,"Film - BW","1:15000",5,"599448"
"1_00008",1,6450870,2011,"airphoto",1996,"1996-07-12",,"Film - BW","1:40000",4,"129999"
"1_00008",1,6450870,2011,"airphoto",1997,"1997-08-16",,"Film - Colour","1:20000",2,"349730"
"1_00008",1,6450870,2011,"airphoto",2000,"2000-09-15",,"Film - Colour","1:30000",5,"455560"
"1_00008",1,6450870,2011,"airphoto",2012,"2012-07-06",,"Digital - Colour","1:50000",5,"2050482"
"1_00009",1,7443766,2011,"airphoto",1977,"1977-07-25",,"Film - BW","1:20000",3,"1204284"
"1_00009",1,7443766,2011,"airphoto",1984,"1984-07-24",,"Film - BW","1:60000",5,"322895"
"1_00009",1,7443766,2011,"airphoto",1985,"1985-05-19",,"Film - BW","1:15000",6,"842831"
"1_00009",1,7443766,2011,"airphoto",1986,"1986-07-21",,"Film - BW","1:60000",2,"327428"
"1_00009",1,7443766,2011,"airphoto",1988,"1988-08-12",,"Film - BW","1:20000",6,"971089"
"1_00009",1,7443766,2011,"airphoto",1989,"1989-05-14",,"Film - Colour","1:10000",6,"1045458"
"1_00009",1,7443766,2011,"airphoto",1991,"1991-07-22",,"Film - BW","1:15000",2,"599560"
"1_00009",1,7443766,2011,"airphoto",1996,"1996-07-07",,"Film - BW","1:40000",4,"128790"
"1_00009",1,7443766,2011,"airphoto",1997,"1997-08-16",,"Film - Colour","1:20000",5,"349664"
"1_00009",1,7443766,2011,"airphoto",2000,"2000-09-15",,"Film - Colour","1:30000",2,"455447"
"1_00009",1,7443766,2011,"airphoto",2012,"2012-07-06",,"Digital - Colour","1:50000",3,"2050482"
"1_00010",1,6549767,2011,"airphoto",1977,"1977-07-25",,"Film - BW","1:20000",3,"1204287"
"1_00010",1,6549767,2011,"airphoto",1984,"1984-07-24",,"Film - BW","1:60000",5,"322894"
"1_00010",1,6549767,2011,"airphoto",1985,"1985-06-20",,"Film - BW","1:15000",11,"850728"
"1_00010",1,6549767,2011,"airphoto",1988,"1988-07-21",,"Film - BW","1:20000",6,"970317"
"1_00010",1,6549767,2011,"airphoto",1989,"1989-05-14",,"Film - Colour","1:10000",2,"1045482"
"1_00010",1,6549767,2011,"airphoto",1991,"1991-07-22",,"Film - BW","1:15000",5,"599444"
"1_00010",1,6549767,2011,"airphoto",1996,"1996-07-12",,"Film - BW","1:40000",6,"129997"
"1_00010",1,6549767,2011,"airphoto",1997,"1997-08-16",,"Film - Colour","1:20000",3,"349727"
"1_00010",1,6549767,2011,"airphoto",2000,"2000-09-15",,"Film - Colour","1:30000",4,"455446"
"1_00010",1,6549767,2011,"airphoto",2012,"2012-07-06",,"Digital - Colour","1:50000",5,"2050486"
"1_00011",1,6871981,2011,"airphoto",1977,"1977-07-25",,"Film - BW","1:20000",3,"1204288"
"1_00011",1,6871981,2011,"airphoto",1984,"1984-07-24",,"Film - BW","1:60000",4,"322893"
"1_00011",1,6871981,2011,"airphoto",1985,"1985-05-19",,"Film - BW","1:15000",10,"842841"
"1_00011",1,6871981,2011,"airphoto",1988,"1988-07-21",,"Film - BW","1:20000",7,"970318"
"1_00011",1,6871981,2011,"airphoto",1989,"1989-05-14",,"Film - Colour","1:10000",3,"1045485"
"1_00011",1,6871981,2011,"airphoto",1991,"1991-07-22",,"Film - BW","1:15000",6,"599565"
"1_00011",1,6871981,2011,"airphoto",1996,"1996-07-12",,"Film - BW","1:40000",5,"129996"
"1_00011",1,6871981,2011,"airphoto",1997,"1997-08-16",,"Film - Colour","1:20000",2,"349726"
"1_00011",1,6871981,2011,"airphoto",2000,"2000-09-15",,"Film - Colour","1:30000",5,"455445"
"1_00011",1,6871981,2011,"airphoto",2012,"2012-07-06",,"Digital - Colour","1:50000",5,"2050487"
"1_00012",1,5430898,2011,"airphoto",1984,"1984-07-24",,"Film - BW","1:60000",5,"322895"
"1_00012",1,5430898,2011,"airphoto",1985,"1985-06-20",,"Film - BW","1:15000",1,"850723"
"1_00012",1,5430898,2011,"airphoto",1986,"1986-07-21",,"Film - BW","1:60000",2,"327428"
"1_00012",1,5430898,2011,"airphoto",1988,"1988-07-21",,"Film - BW","1:20000",2,"970313"
"1_00012",1,5430898,2011,"airphoto",1989,"1989-05-14",,"Film - Colour","1:10000",3,"1045434"
"1_00012",1,5430898,2011,"airphoto",1991,"1991-07-22",,"Film - BW","1:15000",2,"599450"
"1_00012",1,5430898,2011,"airphoto",1996,"1996-07-12",,"Film - BW","1:40000",6,"129999"
"1_00012",1,5430898,2011,"airphoto",1997,"1997-08-16",,"Film - Colour","1:20000",3,"349731"
"1_00012",1,5430898,2011,"airphoto",2000,"2000-09-15",,"Film - Colour","1:30000",5,"455559"
"1_00012",1,5430898,2011,"airphoto",2012,"2012-07-13",,"Digital - Colour","1:50000",5,"2052216"
"1_00013",1,7113480,2011,"airphoto",1977,"1977-07-25",,"Film - BW","1:20000",3,"1204288"
"1_00013",1,7113480,2011,"airphoto",1984,"1984-07-24",,"Film - BW","1:60000",4,"322893"
"1_00013",1,7113480,2011,"airphoto",1985,"1985-05-19",,"Film - BW","1:15000",10,"842841"
"1_00013",1,7113480,2011,"airphoto",1988,"1988-08-12",,"Film - BW","1:20000",7,"971085"
"1_00013",1,7113480,2011,"airphoto",1989,"1989-05-14",,"Film - Colour","1:10000",5,"1045485"
"1_00013",1,7113480,2011,"airphoto",1991,"1991-07-22",,"Film - BW","1:15000",6,"599565"
"1_00013",1,7113480,2011,"airphoto",1996,"1996-07-07",,"Film - BW","1:40000",4,"128793"
"1_00013",1,7113480,2011,"airphoto",1997,"1997-08-16",,"Film - Colour","1:20000",6,"349726"
"1_00013",1,7113480,2011,"airphoto",2000,"2000-09-15",,"Film - Colour","1:30000",5,"455445"
"1_00013",1,7113480,2011,"airphoto",2012,"2012-07-06",,"Digital - Colour","1:50000",3,"2050487"
"1_00014",1,6326229,2011,"airphoto",1984,"1984-07-24",,"Film - BW","1:60000",5,"322894"
"1_00014",1,6326229,2011,"airphoto",1985,"1985-06-20",,"Film - BW","1:15000",10,"850728"
"1_00014",1,6326229,2011,"airphoto",1988,"1988-07-21",,"Film - BW","1:20000",4,"970317"
"1_00014",1,6326229,2011,"airphoto",1989,"1989-05-14",,"Film - Colour","1:10000",3,"1045484"
"1_00014",1,6326229,2011,"airphoto",1991,"1991-07-22",,"Film - BW","1:15000",3,"599443"
"1_00014",1,6326229,2011,"airphoto",1996,"1996-07-12",,"Film - BW","1:40000",6,"129997"
"1_00014",1,6326229,2011,"airphoto",1997,"1997-08-16",,"Film - Colour","1:20000",3,"349726"
"1_00014",1,6326229,2011,"airphoto",2000,"2000-09-15",,"Film - Colour","1:30000",5,"455562"
"1_00014",1,6326229,2011,"airphoto",2012,"2012-07-06",,"Digital - Colour","1:50000",5,"2050487"
"1_00015",1,6397720,2011,"airphoto",1977,"1977-07-25",,"Film - BW","1:20000",3,"1204287"
"1_00015",1,6397720,2011,"airphoto",1984,"1984-07-24",,"Film - BW","1:60000",5,"322894"
"1_00015",1,6397720,2011,"airphoto",1985,"1985-06-20",,"Film - BW","1:15000",11,"850728"
"1_00015",1,6397720,2011,"airphoto",1988,"1988-07-21",,"Film - BW","1:20000",6,"970317"
"1_00015",1,6397720,2011,"airphoto",1989,"1989-05-14",,"Film - Colour","1:10000",3,"1045483"
"1_00015",1,6397720,2011,"airphoto",1991,"1991-07-22",,"Film - BW","1:15000",4,"599444"
"1_00015",1,6397720,2011,"airphoto",1996,"1996-07-12",,"Film - BW","1:40000",6,"129997"
"1_00015",1,6397720,2011,"airphoto",1997,"1997-08-16",,"Film - Colour","1:20000",2,"349727"
"1_00015",1,6397720,2011,"airphoto",2000,"2000-09-15",,"Film - Colour","1:30000",5,"455562"
"1_00015",1,6397720,2011,"airphoto",2012,"2012-07-06",,"Digital - Colour","1:50000",5,"2050486"
"1_00016",1,4322402,2011,"airphoto",1980,"1980-08-12",,"Film - BW","1:20000",3,"721554"
"1_00016",1,4322402,2011,"airphoto",1984,"1984-07-24",,"Film - BW","1:60000",6,"322722"
"1_00016",1,4322402,2011,"airphoto",1985,"1985-06-20",,"Film - BW","1:15000",2,"850719"
"1_00016",1,4322402,2011,"airphoto",1988,"1988-07-21",,"Film - BW","1:20000",4,"970282"
"1_00016",1,4322402,2011,"airphoto",1989,"1989-05-14",,"Film - Colour","1:10000",3,"1045442"
"1_00016",1,4322402,2011,"airphoto",1991,"1991-07-22",,"Film - BW","1:15000",6,"599067"
"1_00016",1,4322402,2011,"airphoto",1996,"1996-07-12",,"Film - BW","1:40000",3,"129997"
"1_00016",1,4322402,2011,"airphoto",1997,"1997-08-14",,"Film - Colour","1:20000",6,"349592"
"1_00016",1,4322402,2011,"airphoto",2000,"2000-09-15",,"Film - Colour","1:30000",2,"455562"
"1_00016",1,4322402,2011,"airphoto",2012,"2012-07-13",,"Digital - Colour","1:50000",3,"2052211"
"1_00017",1,6218715,2011,"airphoto",1984,"1984-07-24",,"Film - BW","1:60000",6,"322894"
"1_00017",1,6218715,2011,"airphoto",1985,"1985-06-20",,"Film - BW","1:15000",10,"850727"
"1_00017",1,6218715,2011,"airphoto",1988,"1988-07-21",,"Film - BW","1:20000",4,"970316"
"1_00017",1,6218715,2011,"airphoto",1989,"1989-05-14",,"Film - Colour","1:10000",2,"1045481"
"1_00017",1,6218715,2011,"airphoto",1991,"1991-07-22",,"Film - BW","1:15000",2,"599444"
"1_00017",1,6218715,2011,"airphoto",1996,"1996-07-12",,"Film - BW","1:40000",6,"129997"
"1_00017",1,6218715,2011,"airphoto",1997,"1997-08-16",,"Film - Colour","1:20000",3,"349727"
"1_00017",1,6218715,2011,"airphoto",2000,"2000-09-15",,"Film - Colour","1:30000",5,"455561"
"1_00017",1,6218715,2011,"airphoto",2012,"2012-07-06",,"Digital - Colour","1:50000",5,"2050485"
"1_00018",1,6004102,2011,"airphoto",1984,"1984-07-24",,"Film - BW","1:60000",6,"322894"
"1_00018",1,6004102,2011,"airphoto",1985,"1985-05-19",,"Film - BW","1:15000",9,"842872"
"1_00018",1,6004102,2011,"airphoto",1988,"1988-07-21",,"Film - BW","1:20000",3,"970317"
"1_00018",1,6004102,2011,"airphoto",1989,"1989-05-14",,"Film - Colour","1:10000",6,"1045482"
"1_00018",1,6004102,2011,"airphoto",1991,"1991-07-22",,"Film - BW","1:15000",3,"599444"
"1_00018",1,6004102,2011,"airphoto",1996,"1996-07-12",,"Film - BW","1:40000",6,"129997"
"1_00018",1,6004102,2011,"airphoto",1997,"1997-08-16",,"Film - Colour","1:20000",3,"349727"
"1_00018",1,6004102,2011,"airphoto",2000,"2000-09-15",,"Film - Colour","1:30000",4,"455562"
"1_00018",1,6004102,2011,"airphoto",2012,"2012-07-13",,"Digital - Colour","1:50000",6,"2052211"
"1_00019",1,6630244,2011,"airphoto",1977,"1977-07-25",,"Film - BW","1:20000",3,"1204287"
"1_00019",1,6630244,2011,"airphoto",1984,"1984-07-24",,"Film - BW","1:60000",6,"322894"
"1_00019",1,6630244,2011,"airphoto",1985,"1985-06-20",,"Film - BW","1:15000",9,"850728"
"1_00019",1,6630244,2011,"airphoto",1988,"1988-07-21",,"Film - BW","1:20000",6,"970317"
"1_00019",1,6630244,2011,"airphoto",1989,"1989-05-14",,"Film - Colour","1:10000",3,"1045482"
"1_00019",1,6630244,2011,"airphoto",1991,"1991-07-22",,"Film - BW","1:15000",6,"599444"
"1_00019",1,6630244,2011,"airphoto",1996,"1996-07-12",,"Film - BW","1:40000",6,"129997"
"1_00019",1,6630244,2011,"airphoto",1997,"1997-08-16",,"Film - Colour","1:20000",3,"349727"
"1_00019",1,6630244,2011,"airphoto",2000,"2000-09-15",,"Film - Colour","1:30000",4,"455446"
"1_00019",1,6630244,2011,"airphoto",2012,"2012-07-06",,"Digital - Colour","1:50000",6,"2050486"
"1_00020",1,6826527,2011,"airphoto",1977,"1977-07-25",,"Film - BW","1:20000",3,"1204284"
"1_00020",1,6826527,2011,"airphoto",1984,"1984-07-24",,"Film - BW","1:60000",5,"322895"
"1_00020",1,6826527,2011,"airphoto",1985,"1985-05-19",,"Film - BW","1:15000",9,"842831"
"1_00020",1,6826527,2011,"airphoto",1986,"1986-07-21",,"Film - BW","1:60000",2,"327428"
"1_00020",1,6826527,2011,"airphoto",1988,"1988-07-21",,"Film - BW","1:20000",6,"970314"
"1_00020",1,6826527,2011,"airphoto",1989,"1989-05-14",,"Film - Colour","1:10000",3,"1045476"
"1_00020",1,6826527,2011,"airphoto",1991,"1991-07-22",,"Film - BW","1:15000",6,"599559"
"1_00020",1,6826527,2011,"airphoto",1996,"1996-07-07",,"Film - BW","1:40000",6,"128790"
"1_00020",1,6826527,2011,"airphoto",1997,"1997-08-16",,"Film - Colour","1:20000",3,"349730"
"1_00020",1,6826527,2011,"airphoto",2000,"2000-09-15",,"Film - Colour","1:30000",5,"455448"
"1_00020",1,6826527,2011,"airphoto",2012,"2012-07-06",,"Digital - Colour","1:50000",3,"2050482"
"1_00021",1,8329469,2011,"airphoto",1977,"1977-07-25",,"Film - BW","1:20000",3,"1204285"
"1_00021",1,8329469,2011,"airphoto",1984,"1984-07-24",,"Film - BW","1:60000",2,"322894"
"1_00021",1,8329469,2011,"airphoto",1985,"1985-05-19",,"Film - BW","1:15000",8,"842833"
"1_00021",1,8329469,2011,"airphoto",1986,"1986-07-21",,"Film - BW","1:60000",1,"327428"
"1_00021",1,8329469,2011,"airphoto",1988,"1988-08-12",,"Film - BW","1:20000",3,"971088"
"1_00021",1,8329469,2011,"airphoto",1989,"1989-05-14",,"Film - Colour","1:10000",6,"1045456"
"1_00021",1,8329469,2011,"airphoto",1991,"1991-07-22",,"Film - BW","1:15000",3,"599561"
"1_00021",1,8329469,2011,"airphoto",1996,"1996-07-07",,"Film - BW","1:40000",6,"128791"
"1_00021",1,8329469,2011,"airphoto",1997,"1997-08-16",,"Film - Colour","1:20000",3,"349665"
"1_00021",1,8329469,2011,"airphoto",2000,"2000-09-15",,"Film - Colour","1:30000",3,"455447"
"1_00021",1,8329469,2011,"airphoto",2012,"2012-07-06",,"Digital - Colour","1:50000",2,"2050483"
"1_00022",1,6397541,2011,"airphoto",1977,"1977-07-25",,"Film - BW","1:20000",3,"1204286"
"1_00022",1,6397541,2011,"airphoto",1984,"1984-07-24",,"Film - BW","1:60000",5,"322894"
"1_00022",1,6397541,2011,"airphoto",1985,"1985-05-19",,"Film - BW","1:15000",11,"842873"
"1_00022",1,6397541,2011,"airphoto",1986,"1986-07-21",,"Film - BW","1:60000",1,"327428"
"1_00022",1,6397541,2011,"airphoto",1988,"1988-07-21",,"Film - BW","1:20000",6,"970316"
"1_00022",1,6397541,2011,"airphoto",1989,"1989-05-14",,"Film - Colour","1:10000",2,"1045481"
"1_00022",1,6397541,2011,"airphoto",1991,"1991-07-22",,"Film - BW","1:15000",6,"599445"
"1_00022",1,6397541,2011,"airphoto",1996,"1996-07-12",,"Film - BW","1:40000",4,"129997"
"1_00022",1,6397541,2011,"airphoto",1997,"1997-08-16",,"Film - Colour","1:20000",2,"349728"
"1_00022",1,6397541,2011,"airphoto",2000,"2000-09-15",,"Film - Colour","1:30000",6,"455561"
"1_00022",1,6397541,2011,"airphoto",2012,"2012-07-06",,"Digital - Colour","1:50000",6,"2050485"
"1_00023",1,6943907,2011,"airphoto",1977,"1977-07-25",,"Film - BW","1:20000",3,"1204290"
"1_00023",1,6943907,2011,"airphoto",1984,"1984-07-24",,"Film - BW","1:60000",5,"322893"
"1_00023",1,6943907,2011,"airphoto",1985,"1985-05-19",,"Film - BW","1:15000",9,"842847"
"1_00023",1,6943907,2011,"airphoto",1988,"1988-08-12",,"Film - BW","1:20000",8,"971083"
"1_00023",1,6943907,2011,"airphoto",1991,"1991-07-22",,"Film - BW","1:15000",6,"599439"
"1_00023",1,6943907,2011,"airphoto",1996,"1996-07-12",,"Film - BW","1:40000",6,"129995"
"1_00023",1,6943907,2011,"airphoto",1997,"1997-08-16",,"Film - Colour","1:20000",2,"349724"
"1_00023",1,6943907,2011,"airphoto",2000,"2000-09-15",,"Film - Colour","1:30000",5,"455444"
"1_00023",1,6943907,2011,"airphoto",2012,"2012-07-06",,"Digital - Colour","1:50000",5,"2050490"
"1_00024",1,5457737,2011,"airphoto",1984,"1984-07-24",,"Film - BW","1:60000",5,"322895"
"1_00024",1,5457737,2011,"airphoto",1985,"1985-06-20",,"Film - BW","1:15000",1,"850723"
"1_00024",1,5457737,2011,"airphoto",1986,"1986-07-21",,"Film - BW","1:60000",2,"327428"
"1_00024",1,5457737,2011,"airphoto",1988,"1988-07-21",,"Film - BW","1:20000",3,"970313"
"1_00024",1,5457737,2011,"airphoto",1989,"1989-05-14",,"Film - Colour","1:10000",3,"1045434"
"1_00024",1,5457737,2011,"airphoto",1991,"1991-07-22",,"Film - BW","1:15000",2,"599450"
"1_00024",1,5457737,2011,"airphoto",1996,"1996-07-12",,"Film - BW","1:40000",6,"129999"
"1_00024",1,5457737,2011,"airphoto",1997,"1997-08-16",,"Film - Colour","1:20000",3,"349731"
"1_00024",1,5457737,2011,"airphoto",2000,"2000-09-15",,"Film - Colour","1:30000",5,"455559"
"1_00024",1,5457737,2011,"airphoto",2012,"2012-07-13",,"Digital - Colour","1:50000",5,"2052216"
"1_00025",1,3079061,2011,"airphoto",1980,"1980-08-12",,"Film - BW","1:20000",5,"721554"
"1_00025",1,3079061,2011,"airphoto",1984,"1984-07-24",,"Film - BW","1:60000",3,"322722"
"1_00025",1,3079061,2011,"airphoto",1985,"1985-06-20",,"Film - BW","1:15000",2,"850719"
"1_00025",1,3079061,2011,"airphoto",1988,"1988-07-21",,"Film - BW","1:20000",2,"970282"
"1_00025",1,3079061,2011,"airphoto",1991,"1991-07-22",,"Film - BW","1:15000",3,"599067"
"1_00025",1,3079061,2011,"airphoto",1996,"1996-07-12",,"Film - BW","1:40000",6,"129997"
"1_00025",1,3079061,2011,"airphoto",1997,"1997-08-14",,"Film - Colour","1:20000",3,"349592"
"1_00025",1,3079061,2011,"airphoto",2000,"2000-09-15",,"Film - Colour","1:30000",2,"455562"
"1_00025",1,3079061,2011,"airphoto",2012,"2012-07-13",,"Digital - Colour","1:50000",5,"2052211"
"1_00026",1,5565218,2011,"airphoto",1984,"1984-07-24",,"Film - BW","1:60000",6,"322721"
"1_00026",1,5565218,2011,"airphoto",1985,"1985-06-20",,"Film - BW","1:15000",2,"850724"
"1_00026",1,5565218,2011,"airphoto",1986,"1986-07-21",,"Film - BW","1:60000",2,"327428"
"1_00026",1,5565218,2011,"airphoto",1988,"1988-07-21",,"Film - BW","1:20000",2,"970314"
"1_00026",1,5565218,2011,"airphoto",1989,"1989-05-14",,"Film - Colour","1:10000",6,"1045436"
"1_00026",1,5565218,2011,"airphoto",1991,"1991-07-22",,"Film - BW","1:15000",2,"599448"
"1_00026",1,5565218,2011,"airphoto",1996,"1996-07-12",,"Film - BW","1:40000",6,"129999"
"1_00026",1,5565218,2011,"airphoto",1997,"1997-08-16",,"Film - Colour","1:20000",3,"349730"
"1_00026",1,5565218,2011,"airphoto",2000,"2000-09-15",,"Film - Colour","1:30000",5,"455560"
"1_00026",1,5565218,2011,"airphoto",2012,"2012-07-13",,"Digital - Colour","1:50000",5,"2052215"
"1_00027",1,45818542,2011,"airphoto",1974,"1974-09-01",,"Film - BW","1:16000",2,"1310359"
"1_00027",1,45818542,2011,"airphoto",1988,"1988-07-20",,"Film - BW","1:20000",3,"969684"
"1_00027",1,45818542,2011,"airphoto",1990,"1990-07-26",,"Film - BW","1:15000",5,"1062483"
"1_00027",1,45818542,2011,"airphoto",1995,"1995-09-04",,"Film - BW","1:15000",4,"94407"
"1_00027",1,45818542,2011,"airphoto",1996,"1996-07-12",,"Film - BW","1:40000",7,"129444"
"1_00027",1,45818542,2011,"airphoto",2000,"2000-09-23",,"Film - Colour","1:30000",7,"456011"
"1_00027",1,45818542,2011,"airphoto",2002,"2002-08-16",,"Film - Colour","1:15000",2,"644833"
"1_00027",1,45818542,2011,"airphoto",2012,"2012-07-14",,"Digital - Colour","1:50000",4,"2053657"
"1_00028",1,5628159,2011,"airphoto",1984,"1984-07-24",,"Film - BW","1:60000",4,"322894"
"1_00028",1,5628159,2011,"airphoto",1985,"1985-06-20",,"Film - BW","1:15000",6,"850726"
"1_00028",1,5628159,2011,"airphoto",1986,"1986-07-21",,"Film - BW","1:60000",1,"327428"
"1_00028",1,5628159,2011,"airphoto",1988,"1988-07-21",,"Film - BW","1:20000",2,"970315"
"1_00028",1,5628159,2011,"airphoto",1989,"1989-05-14",,"Film - Colour","1:10000",6,"1045440"
"1_00028",1,5628159,2011,"airphoto",1991,"1991-07-22",,"Film - BW","1:15000",3,"599446"
"1_00028",1,5628159,2011,"airphoto",1996,"1996-07-12",,"Film - BW","1:40000",6,"129998"
"1_00028",1,5628159,2011,"airphoto",1997,"1997-08-16",,"Film - Colour","1:20000",3,"349728"
"1_00028",1,5628159,2011,"airphoto",2000,"2000-09-15",,"Film - Colour","1:30000",4,"455561"
"1_00028",1,5628159,2011,"airphoto",2012,"2012-07-13",,"Digital - Colour","1:50000",5,"2052213"
"1_00029",1,9849874,2011,"airphoto",1977,"1977-07-25",,"Film - BW","1:20000",4,"1204284"
"1_00029",1,9849874,2011,"airphoto",1984,"1984-07-24",,"Film - BW","1:60000",2,"322895"
"1_00029",1,9849874,2011,"airphoto",1985,"1985-06-20",,"Film - BW","1:15000",3,"850880"
"1_00029",1,9849874,2011,"airphoto",1986,"1986-07-21",,"Film - BW","1:60000",2,"327428"
"1_00029",1,9849874,2011,"airphoto",1988,"1988-08-12",,"Film - BW","1:20000",5,"971070"
"1_00029",1,9849874,2011,"airphoto",1989,"1989-05-13",,"Film - Colour","1:10000",5,"1045416"
"1_00029",1,9849874,2011,"airphoto",1991,"1991-07-22",,"Film - BW","1:15000",2,"599660"
"1_00029",1,9849874,2011,"airphoto",1996,"1996-07-07",,"Film - BW","1:40000",3,"128790"
"1_00029",1,9849874,2011,"airphoto",1997,"1997-08-16",,"Film - Colour","1:20000",4,"349664"
"1_00029",1,9849874,2011,"airphoto",2000,"2000-09-15",,"Film - Colour","1:30000",4,"455448"
"1_00029",1,9849874,2011,"airphoto",2012,"2012-07-06",,"Digital - Colour","1:50000",4,"2050425"
"1_00030",1,5843258,2011,"airphoto",1984,"1984-07-24",,"Film - BW","1:60000",4,"322722"
"1_00030",1,5843258,2011,"airphoto",1985,"1985-05-19",,"Film - BW","1:15000",5,"842871"
"1_00030",1,5843258,2011,"airphoto",1988,"1988-07-21",,"Film - BW","1:20000",3,"970318"
"1_00030",1,5843258,2011,"airphoto",1989,"1989-05-14",,"Film - Colour","1:10000",6,"1045445"
"1_00030",1,5843258,2011,"airphoto",1991,"1991-07-22",,"Film - BW","1:15000",2,"599443"
"1_00030",1,5843258,2011,"airphoto",1996,"1996-07-12",,"Film - BW","1:40000",4,"129997"
"1_00030",1,5843258,2011,"airphoto",1997,"1997-08-16",,"Film - Colour","1:20000",3,"349726"
"1_00030",1,5843258,2011,"airphoto",2000,"2000-09-15",,"Film - Colour","1:30000",5,"455562"
"1_00030",1,5843258,2011,"airphoto",2012,"2012-07-13",,"Digital - Colour","1:50000",5,"2052209"
"20_00001",20,31496654,2002,"airphoto",1973,"1973-09-15",,"Film - BW","1:15000",2,"1368863"
"20_00001",20,31496654,2002,"airphoto",1980,"1980-08-12",,"Film - BW","1:20000",2,"721677"
"20_00001",20,31496654,2002,"airphoto",1985,"1985-07-16",,"Film - BW","1:15000",2,"851540"
"20_00001",20,31496654,2002,"airphoto",1987,"1987-06-28",,"Film - BW","1:40000",5,"908325"
"20_00001",20,31496654,2002,"airphoto",1988,"1988-09-03",,"Film - BW","1:20000",7,"971316"
"20_00001",20,31496654,2002,"airphoto",1990,"1990-07-29",,"Film - BW","1:15000",2,"1063548"
"20_00001",20,31496654,2002,"airphoto",1991,"1991-09-08",,"Film - BW","1:15000",3,"600328"
"20_00001",20,31496654,2002,"airphoto",1995,"1995-09-04",,"Film - BW","1:15000",3,"94418"
"20_00001",20,31496654,2002,"airphoto",1996,"1996-07-07",,"Film - BW","1:40000",7,"127993"
"20_00001",20,31496654,2002,"airphoto",1997,"1997-08-10",,"Film - Colour","1:20000",3,"349015"
"20_00001",20,31496654,2002,"airphoto",2000,"2000-08-04",,"Film - Colour","1:30000",7,"454588"
"20_00001",20,31496654,2002,"airphoto",2002,"2002-08-16",,"Film - Colour","1:15000",2,"645094"
"20_00001",20,31496654,2002,"airphoto",2012,"2012-07-14",,"Digital - Colour","1:50000",6,"2053114"
"20_00001",20,31496654,2002,"orthophoto",2021,,0.15,,,1,
"20_00002",20,18789948,5005,"airphoto",1971,"1971-08-12",,"Film - BW","1:31680",1,"1414809"
"20_00002",20,18789948,5005,"airphoto",1972,"1972-08-14",,"Film - BW","1:60000",2,"1384612"
"20_00002",20,18789948,5005,"airphoto",1973,"1973-08-11",,"Film - BW","1:15000",2,"1368226"
"20_00002",20,18789948,5005,"airphoto",1975,"1975-09-08",,"Film - BW","1:15000",2,"1292731"
"20_00002",20,18789948,5005,"airphoto",1976,"1976-05-07",,"Film - BW","1:18000",3,"1225008"
"20_00002",20,18789948,5005,"airphoto",1977,"1977-08-16",,"Film - BW","1:10000",12,"1204185"
"20_00002",20,18789948,5005,"airphoto",1984,"1984-08-12",,"Film - BW","1:18000",11,"681018"
"20_00002",20,18789948,5005,"airphoto",1985,"1985-06-20",,"Film - BW","1:15000",2,"851139"
"20_00002",20,18789948,5005,"airphoto",1988,"1988-08-07",,"Film - BW","1:20000",5,"970774"
"20_00002",20,18789948,5005,"airphoto",1991,"1991-07-31",,"Film - BW","1:15000",3,"599941"
"20_00002",20,18789948,5005,"airphoto",1996,"1996-07-07",,"Film - BW","1:40000",4,"128684"
"20_00002",20,18789948,5005,"airphoto",1997,"1997-08-17",,"Film - Colour","1:20000",3,"349319"
"20_00002",20,18789948,5005,"airphoto",2000,"2000-09-15",,"Film - Colour","1:30000",3,"455341"
"20_00002",20,18789948,5005,"airphoto",2006,"2006-09-05",,"Film - Colour","1:20000",3,"1588752"
"20_00002",20,18789948,5005,"airphoto",2012,"2012-07-06",,"Digital - Colour","1:50000",2,"2050215"
"20_00002",20,18789948,5005,"orthophoto",2021,,0.149999999999998,,,2,
"20_00003",20,31559233,11011,"airphoto",1973,"1973-09-15",,"Film - BW","1:15000",2,"1368862"
"20_00003",20,31559233,11011,"airphoto",1980,"1980-08-12",,"Film - BW","1:20000",2,"721677"
"20_00003",20,31559233,11011,"airphoto",1985,"1985-07-16",,"Film - BW","1:15000",2,"851540"
"20_00003",20,31559233,11011,"airphoto",1987,"1987-06-28",,"Film - BW","1:40000",5,"908325"
"20_00003",20,31559233,11011,"airphoto",1988,"1988-09-03",,"Film - BW","1:20000",8,"971316"
"20_00003",20,31559233,11011,"airphoto",1990,"1990-07-29",,"Film - BW","1:15000",3,"1063549"
"20_00003",20,31559233,11011,"airphoto",1991,"1991-09-08",,"Film - BW","1:15000",3,"600328"
"20_00003",20,31559233,11011,"airphoto",1995,"1995-09-04",,"Film - BW","1:15000",2,"94418"
"20_00003",20,31559233,11011,"airphoto",1996,"1996-07-07",,"Film - BW","1:40000",7,"127993"
"20_00003",20,31559233,11011,"airphoto",1997,"1997-08-10",,"Film - Colour","1:20000",2,"349015"
"20_00003",20,31559233,11011,"airphoto",2000,"2000-08-04",,"Film - Colour","1:30000",7,"454588"
"20_00003",20,31559233,11011,"airphoto",2002,"2002-08-16",,"Film - Colour","1:15000",2,"645094"
"20_00003",20,31559233,11011,"airphoto",2012,"2012-07-14",,"Digital - Colour","1:50000",6,"2053114"
"20_00003",20,31559233,11011,"orthophoto",2021,,0.15,,,1,
"20_00004",20,17028635,5005,"airphoto",1972,"1972-08-14",,"Film - BW","1:60000",3,"1384614"
"20_00004",20,17028635,5005,"airphoto",1973,"1973-08-11",,"Film - BW","1:15000",2,"1368186"
"20_00004",20,17028635,5005,"airphoto",1977,"1977-08-16",,"Film - BW","1:10000",4,"1203822"
"20_00004",20,17028635,5005,"airphoto",1984,"1984-09-14",,"Film - BW","1:18000",14,"681168"
"20_00004",20,17028635,5005,"airphoto",1985,"1985-06-20",,"Film - BW","1:15000",4,"851144"
"20_00004",20,17028635,5005,"airphoto",1988,"1988-08-07",,"Film - BW","1:20000",3,"970779"
"20_00004",20,17028635,5005,"airphoto",1991,"1991-07-22",,"Film - BW","1:15000",3,"599420"
"20_00004",20,17028635,5005,"airphoto",1996,"1996-07-07",,"Film - BW","1:40000",6,"128758"
"20_00004",20,17028635,5005,"airphoto",1997,"1997-08-12",,"Film - Colour","1:20000",5,"349311"
"20_00004",20,17028635,5005,"airphoto",2000,"2000-09-15",,"Film - Colour","1:30000",3,"455338"
"20_00004",20,17028635,5005,"airphoto",2006,"2006-09-05",,"Film - Colour","1:20000",5,"1588807"
"20_00004",20,17028635,5005,"airphoto",2012,"2012-07-06",,"Digital - Colour","1:50000",4,"2050344"
"20_00004",20,17028635,5005,"orthophoto",2021,,0.150000000000002,,,1,
"20_00005",20,38667595,5005,"airphoto",1974,"1974-07-21",,"Film - BW","1:16000",6,"1316625"
"20_00005",20,38667595,5005,"airphoto",1985,"1985-07-16",,"Film - BW","1:15000",2,"851692"
"20_00005",20,38667595,5005,"airphoto",1987,"1987-08-06",,"Film - Colour","1:10000",1,"528285"
"20_00005",20,38667595,5005,"airphoto",1988,"1988-07-20",,"Film - BW","1:20000",5,"970073"
"20_00005",20,38667595,5005,"airphoto",1990,"1990-07-29",,"Film - BW","1:15000",2,"1063832"
"20_00005",20,38667595,5005,"airphoto",1995,"1995-09-16",,"Film - BW","1:15000",2,"94774"
"20_00005",20,38667595,5005,"airphoto",1996,"1996-07-07",,"Film - BW","1:40000",6,"128586"
"20_00005",20,38667595,5005,"airphoto",1997,"1997-08-10",,"Film - Colour","1:20000",1,"348970"
"20_00005",20,38667595,5005,"airphoto",2000,"2000-09-15",,"Film - Colour","1:30000",2,"455503"
"20_00005",20,38667595,5005,"airphoto",2012,"2012-07-14",,"Digital - Colour","1:50000",2,"2053318"
"20_00006",20,25813114,2002,"airphoto",1971,"1971-08-12",,"Film - BW","1:31680",3,"1414829"
"20_00006",20,25813114,2002,"airphoto",1972,"1972-08-14",,"Film - BW","1:60000",3,"1384615"
"20_00006",20,25813114,2002,"airphoto",1973,"1973-09-11",,"Film - BW","1:15000",3,"1368569"
"20_00006",20,25813114,2002,"airphoto",1977,"1977-08-16",,"Film - BW","1:10000",7,"1204003"
"20_00006",20,25813114,2002,"airphoto",1979,"1979-08-10",,"Film - BW","1:20000",3,"1140084"
"20_00006",20,25813114,2002,"airphoto",1980,"1980-08-12",,"Film - BW","1:20000",3,"721801"
"20_00006",20,25813114,2002,"airphoto",1985,"1985-07-09",,"Film - BW","1:15000",2,"851408"
"20_00006",20,25813114,2002,"airphoto",1988,"1988-08-12",,"Film - BW","1:20000",5,"971015"
"20_00006",20,25813114,2002,"airphoto",1990,"1990-07-26",,"Film - BW","1:15000",5,"1062666"
"20_00006",20,25813114,2002,"airphoto",1991,"1991-09-08",,"Film - BW","1:15000",2,"600452"
"20_00006",20,25813114,2002,"airphoto",1995,"1995-07-21",,"Film - BW","1:15000",3,"93720"
"20_00006",20,25813114,2002,"airphoto",1996,"1996-07-07",,"Film - BW","1:40000",3,"127905"
"20_00006",20,25813114,2002,"airphoto",1997,"1997-08-10",,"Film - Colour","1:20000",6,"349121"
"20_00006",20,25813114,2002,"airphoto",2000,"2000-08-04",,"Film - Colour","1:30000",2,"454629"
"20_00006",20,25813114,2002,"airphoto",2005,"2005-07-25",,"Film - Colour","1:20000",4,"1529428"
"20_00006",20,25813114,2002,"airphoto",2012,"2012-07-13",,"Digital - Colour","1:50000",2,"2052753"
"20_00006",20,25813114,2002,"orthophoto",2021,,0.149999999999998,,,1,
"20_00007",20,42442634,11011,"airphoto",1974,"1974-08-01",,"Film - BW","1:16000",4,"1308715"
"20_00007",20,42442634,11011,"airphoto",1979,"1979-08-24",,"Film - BW","1:15840",3,"1123499"
"20_00007",20,42442634,11011,"airphoto",1985,"1985-07-16",,"Film - BW","1:15000",2,"851760"
"20_00007",20,42442634,11011,"airphoto",1987,"1987-08-06",,"Film - Colour","1:10000",2,"528152"
"20_00007",20,42442634,11011,"airphoto",1988,"1988-09-12",,"Film - Colour","1:10000",11,"998865"
"20_00007",20,42442634,11011,"airphoto",1992,"1992-07-19",,"Film - BW","1:15000",2,"587498"
"20_00007",20,42442634,11011,"airphoto",1995,"1995-09-20",,"Film - BW","1:15000",3,"95779"
"20_00007",20,42442634,11011,"airphoto",1996,"1996-07-07",,"Film - BW","1:40000",6,"128587"
"20_00007",20,42442634,11011,"airphoto",1999,"1999-10-02",,"Film - BW","1:15000",1,"389538"
"20_00007",20,42442634,11011,"airphoto",2000,"2000-09-19",,"Film - Colour","1:30000",3,"455793"
"20_00007",20,42442634,11011,"airphoto",2006,"2006-08-19",,"Film - Colour","1:20000",1,"1587032"
"20_00007",20,42442634,11011,"airphoto",2012,"2012-07-14",,"Digital - Colour","1:50000",2,"2053505"
"20_00008",20,26740890,2002,"airphoto",1973,"1973-09-11",,"Film - BW","1:15000",2,"1368687"
"20_00008",20,26740890,2002,"airphoto",1980,"1980-08-12",,"Film - BW","1:20000",3,"721788"
"20_00008",20,26740890,2002,"airphoto",1984,"1984-09-14",,"Film - BW","1:18000",5,"681260"
"20_00008",20,26740890,2002,"airphoto",1985,"1985-07-09",,"Film - BW","1:15000",2,"851394"
"20_00008",20,26740890,2002,"airphoto",1988,"1988-08-12",,"Film - BW","1:20000",5,"971028"
"20_00008",20,26740890,2002,"airphoto",1990,"1990-07-29",,"Film - BW","1:15000",3,"1063346"
"20_00008",20,26740890,2002,"airphoto",1991,"1991-09-08",,"Film - BW","1:15000",6,"600389"
"20_00008",20,26740890,2002,"airphoto",1996,"1996-07-07",,"Film - BW","1:40000",6,"127897"
"20_00008",20,26740890,2002,"airphoto",1997,"1997-08-10",,"Film - Colour","1:20000",3,"349107"
"20_00008",20,26740890,2002,"airphoto",2000,"2000-08-04",,"Film - Colour","1:30000",2,"454637"
"20_00008",20,26740890,2002,"airphoto",2005,"2005-07-25",,"Film - Colour","1:20000",3,"1529441"
"20_00008",20,26740890,2002,"airphoto",2012,"2012-07-13",,"Digital - Colour","1:50000",5,"2053015"
"20_00009",20,8338337,2002,"airphoto",1977,"1977-07-25",,"Film - BW","1:20000",2,"1204285"
"20_00009",20,8338337,2002,"airphoto",1984,"1984-07-24",,"Film - BW","1:60000",2,"322894"
"20_00009",20,8338337,2002,"airphoto",1985,"1985-05-19",,"Film - BW","1:15000",9,"842832"
"20_00009",20,8338337,2002,"airphoto",1986,"1986-07-21",,"Film - BW","1:60000",1,"327428"
"20_00009",20,8338337,2002,"airphoto",1988,"1988-08-12",,"Film - BW","1:20000",2,"971088"
"20_00009",20,8338337,2002,"airphoto",1989,"1989-05-14",,"Film - Colour","1:10000",6,"1045457"
"20_00009",20,8338337,2002,"airphoto",1991,"1991-07-22",,"Film - BW","1:15000",3,"599560"
"20_00009",20,8338337,2002,"airphoto",1996,"1996-07-07",,"Film - BW","1:40000",6,"128791"
"20_00009",20,8338337,2002,"airphoto",1997,"1997-08-16",,"Film - Colour","1:20000",2,"349665"
"20_00009",20,8338337,2002,"airphoto",2000,"2000-09-15",,"Film - Colour","1:30000",3,"455447"
"20_00009",20,8338337,2002,"airphoto",2012,"2012-07-06",,"Digital - Colour","1:50000",3,"2050483"
"20_00010",20,19666335,7007,"airphoto",1969,"1969-08-06",,"Film - BW","1:16000",3,"779707"
"20_00010",20,19666335,7007,"airphoto",1971,"1971-08-12",,"Film - BW","1:31680",3,"1414787"
"20_00010",20,19666335,7007,"airphoto",1972,"1972-08-14",,"Film - BW","1:60000",2,"1384612"
"20_00010",20,19666335,7007,"airphoto",1973,"1973-08-11",,"Film - BW","1:15000",1,"1368225"
"20_00010",20,19666335,7007,"airphoto",1975,"1975-09-08",,"Film - BW","1:15000",3,"1292730"
"20_00010",20,19666335,7007,"airphoto",1976,"1976-05-07",,"Film - BW","1:18000",5,"1225007"
"20_00010",20,19666335,7007,"airphoto",1977,"1977-08-16",,"Film - BW","1:10000",11,"1203708"
"20_00010",20,19666335,7007,"airphoto",1980,"1980-08-12",,"Film - BW","1:20000",3,"721909"
"20_00010",20,19666335,7007,"airphoto",1984,"1984-09-14",,"Film - BW","1:18000",13,"681118"
"20_00010",20,19666335,7007,"airphoto",1985,"1985-06-20",,"Film - BW","1:15000",2,"851138"
"20_00010",20,19666335,7007,"airphoto",1988,"1988-08-07",,"Film - BW","1:20000",5,"970703"
"20_00010",20,19666335,7007,"airphoto",1991,"1991-07-31",,"Film - BW","1:15000",2,"599940"
"20_00010",20,19666335,7007,"airphoto",1996,"1996-07-07",,"Film - BW","1:40000",3,"128683"
"20_00010",20,19666335,7007,"airphoto",1997,"1997-08-10",,"Film - Colour","1:20000",6,"349150"
"20_00010",20,19666335,7007,"airphoto",2000,"2000-09-15",,"Film - Colour","1:30000",4,"455342"
"20_00010",20,19666335,7007,"airphoto",2006,"2006-09-05",,"Film - Colour","1:20000",5,"1588751"
"20_00010",20,19666335,7007,"airphoto",2012,"2012-07-06",,"Digital - Colour","1:50000",5,"2050216"
"20_00010",20,19666335,7007,"orthophoto",2021,,0.15,,,1,
"20_00011",20,18983298,2002,"airphoto",1975,"1975-09-08",,"Film - BW","1:15000",5,"1292707"
"20_00011",20,18983298,2002,"airphoto",1977,"1977-08-16",,"Film - BW","1:10000",7,"1203744"
"20_00011",20,18983298,2002,"airphoto",1980,"1980-08-12",,"Film - BW","1:20000",3,"721892"
"20_00011",20,18983298,2002,"airphoto",1984,"1984-07-24",,"Film - BW","1:60000",3,"322850"
"20_00011",20,18983298,2002,"airphoto",1985,"1985-06-20",,"Film - BW","1:15000",2,"851121"
"20_00011",20,18983298,2002,"airphoto",1987,"1987-06-28",,"Film - BW","1:40000",2,"908319"
"20_00011",20,18983298,2002,"airphoto",1988,"1988-08-27",,"Film - Colour","1:10000",9,"998527"
"20_00011",20,18983298,2002,"airphoto",1991,"1991-07-31",,"Film - BW","1:15000",3,"599917"
"20_00011",20,18983298,2002,"airphoto",1996,"1996-07-07",,"Film - BW","1:40000",3,"128673"
"20_00011",20,18983298,2002,"airphoto",1997,"1997-08-17",,"Film - Colour","1:20000",5,"349338"
"20_00011",20,18983298,2002,"airphoto",2000,"2000-09-15",,"Film - Colour","1:30000",6,"455353"
"20_00011",20,18983298,2002,"airphoto",2012,"2012-07-06",,"Digital - Colour","1:50000",5,"2050240"
"20_00011",20,18983298,2002,"orthophoto",2021,,0.15,,,2,
"20_00012",20,24094702,5005,"airphoto",1971,"1971-08-12",,"Film - BW","1:31680",4,"1414811"
"20_00012",20,24094702,5005,"airphoto",1972,"1972-08-14",,"Film - BW","1:60000",3,"1384613"
"20_00012",20,24094702,5005,"airphoto",1973,"1973-09-11",,"Film - BW","1:15000",5,"1368521"
"20_00012",20,24094702,5005,"airphoto",1976,"1976-05-07",,"Film - BW","1:18000",3,"1225017"
"20_00012",20,24094702,5005,"airphoto",1977,"1977-08-16",,"Film - BW","1:10000",12,"1204017"
"20_00012",20,24094702,5005,"airphoto",1980,"1980-08-12",,"Film - BW","1:20000",2,"721832"
"20_00012",20,24094702,5005,"airphoto",1984,"1984-09-14",,"Film - BW","1:18000",14,"681099"
"20_00012",20,24094702,5005,"airphoto",1985,"1985-07-09",,"Film - BW","1:15000",2,"851342"
"20_00012",20,24094702,5005,"airphoto",1988,"1988-08-07",,"Film - BW","1:20000",6,"970877"
"20_00012",20,24094702,5005,"airphoto",1990,"1990-07-26",,"Film - BW","1:15000",4,"1062659"
"20_00012",20,24094702,5005,"airphoto",1991,"1991-09-08",,"Film - BW","1:15000",3,"600460"
"20_00012",20,24094702,5005,"airphoto",1996,"1996-07-07",,"Film - BW","1:40000",4,"127902"
"20_00012",20,24094702,5005,"airphoto",1997,"1997-08-10",,"Film - Colour","1:20000",2,"349269"
"20_00012",20,24094702,5005,"airphoto",2000,"2000-09-15",,"Film - Colour","1:30000",5,"455312"
"20_00012",20,24094702,5005,"airphoto",2005,"2005-07-25",,"Film - Colour","1:20000",2,"1529420"
"20_00012",20,24094702,5005,"airphoto",2012,"2012-07-13",,"Digital - Colour","1:50000",5,"2052761"
"20_00012",20,24094702,5005,"orthophoto",2021,,0.15,,,1,
"20_00013",20,21792169,1001,"airphoto",1973,"1973-09-11",,"Film - BW","1:15000",2,"1368495"
"20_00013",20,21792169,1001,"airphoto",1977,"1977-08-16",,"Film - BW","1:10000",5,"1204106"
"20_00013",20,21792169,1001,"airphoto",1980,"1980-08-12",,"Film - BW","1:20000",5,"721851"
"20_00013",20,21792169,1001,"airphoto",1984,"1984-07-24",,"Film - BW","1:60000",3,"322850"
"20_00013",20,21792169,1001,"airphoto",1985,"1985-07-09",,"Film - BW","1:15000",4,"851185"
"20_00013",20,21792169,1001,"airphoto",1987,"1987-06-28",,"Film - BW","1:40000",3,"908290"
"20_00013",20,21792169,1001,"airphoto",1988,"1988-08-26",,"Film - Colour","1:10000",5,"998006"
"20_00013",20,21792169,1001,"airphoto",1990,"1990-07-26",,"Film - BW","1:15000",2,"1062562"
"20_00013",20,21792169,1001,"airphoto",1991,"1991-07-31",,"Film - BW","1:15000",4,"599727"
"20_00013",20,21792169,1001,"airphoto",1996,"1996-07-07",,"Film - BW","1:40000",4,"128673"
"20_00013",20,21792169,1001,"airphoto",1997,"1997-08-10",,"Film - Colour","1:20000",5,"349167"
"20_00013",20,21792169,1001,"airphoto",2000,"2000-09-15",,"Film - Colour","1:30000",2,"455299"
"20_00013",20,21792169,1001,"airphoto",2012,"2012-07-13",,"Digital - Colour","1:50000",4,"2052680"
"20_00013",20,21792169,1001,"orthophoto",2021,,0.150000000000001,,,1,
"20_00014",20,23535381,2002,"airphoto",1973,"1973-09-11",,"Film - BW","1:15000",6,"1368608"
"20_00014",20,23535381,2002,"airphoto",1977,"1977-07-25",,"Film - BW","1:20000",3,"1204479"
"20_00014",20,23535381,2002,"airphoto",1980,"1980-08-12",,"Film - BW","1:20000",2,"721857"
"20_00014",20,23535381,2002,"airphoto",1984,"1984-07-24",,"Film - BW","1:60000",2,"322848"
"20_00014",20,23535381,2002,"airphoto",1985,"1985-07-09",,"Film - BW","1:15000",2,"851373"
"20_00014",20,23535381,2002,"airphoto",1987,"1987-06-28",,"Film - BW","1:40000",3,"908293"
"20_00014",20,23535381,2002,"airphoto",1988,"1988-08-27",,"Film - Colour","1:10000",10,"998639"
"20_00014",20,23535381,2002,"airphoto",1990,"1990-07-26",,"Film - BW","1:15000",5,"1062570"
"20_00014",20,23535381,2002,"airphoto",1991,"1991-09-08",,"Film - BW","1:15000",2,"600493"
"20_00014",20,23535381,2002,"airphoto",1995,"1995-07-21",,"Film - BW","1:15000",3,"93835"
"20_00014",20,23535381,2002,"airphoto",1996,"1996-07-07",,"Film - BW","1:40000",3,"127887"
"20_00014",20,23535381,2002,"airphoto",1997,"1997-08-10",,"Film - Colour","1:20000",2,"349243"
"20_00014",20,23535381,2002,"airphoto",2000,"2000-09-15",,"Film - Colour","1:30000",8,"455537"
"20_00014",20,23535381,2002,"airphoto",2012,"2012-07-13",,"Digital - Colour","1:50000",2,"2052797"
"20_00015",20,13867199,11011,"airphoto",1977,"1977-08-16",,"Film - BW","1:10000",5,"1203968"
"20_00015",20,13867199,11011,"airphoto",1984,"1984-07-24",,"Film - BW","1:60000",5,"322893"
"20_00015",20,13867199,11011,"airphoto",1985,"1985-06-20",,"Film - BW","1:15000",4,"851078"
"20_00015",20,13867199,11011,"airphoto",1987,"1987-06-28",,"Film - BW","1:40000",2,"908320"
"20_00015",20,13867199,11011,"airphoto",1988,"1988-08-07",,"Film - BW","1:20000",2,"970830"
"20_00015",20,13867199,11011,"airphoto",1991,"1991-07-22",,"Film - BW","1:15000",2,"599327"
"20_00015",20,13867199,11011,"airphoto",1996,"1996-07-07",,"Film - BW","1:40000",3,"128770"
"20_00015",20,13867199,11011,"airphoto",1997,"1997-08-17",,"Film - Colour","1:20000",6,"349419"
"20_00015",20,13867199,11011,"airphoto",2000,"2000-09-15",,"Film - Colour","1:30000",3,"455395"
"20_00015",20,13867199,11011,"airphoto",2005,"2005-07-25",,"Film - Colour","1:20000",3,"1529509"
"20_00015",20,13867199,11011,"airphoto",2012,"2012-07-06",,"Digital - Colour","1:50000",3,"2050315"
"20_00015",20,13867199,11011,"orthophoto",2021,,0.149999999999999,,,1,
"20_00016",20,37385863,2002,"airphoto",1971,"1971-08-12",,"Film - BW","1:31680",2,"1414793"
"20_00016",20,37385863,2002,"airphoto",1974,"1974-07-21",,"Film - BW","1:16000",6,"1316502"
"20_00016",20,37385863,2002,"airphoto",1980,"1980-08-12",,"Film - BW","1:20000",2,"721288"
"20_00016",20,37385863,2002,"airphoto",1985,"1985-05-16",,"Film - Colour","1:10000",2,"855758"
"20_00016",20,37385863,2002,"airphoto",1988,"1988-07-20",,"Film - BW","1:20000",2,"970087"
"20_00016",20,37385863,2002,"airphoto",1990,"1990-07-29",,"Film - BW","1:15000",6,"1063811"
"20_00016",20,37385863,2002,"airphoto",1995,"1995-09-16",,"Film - BW","1:15000",6,"94721"
"20_00016",20,37385863,2002,"airphoto",1996,"1996-07-07",,"Film - BW","1:40000",6,"128578"
"20_00016",20,37385863,2002,"airphoto",1997,"1997-08-10",,"Film - Colour","1:20000",2,"348955"
"20_00016",20,37385863,2002,"airphoto",2000,"2000-09-15",,"Film - Colour","1:30000",6,"455494"
"20_00016",20,37385863,2002,"airphoto",2012,"2012-07-14",,"Digital - Colour","1:50000",2,"2053338"
"20_00017",20,27965530,2002,"airphoto",1973,"1973-09-11",,"Film - BW","1:15000",2,"1368681"
"20_00017",20,27965530,2002,"airphoto",1974,"1974-06-14",,"Film - BW","1:20000",1,"1338834"
"20_00017",20,27965530,2002,"airphoto",1980,"1980-08-12",,"Film - BW","1:20000",3,"721746"
"20_00017",20,27965530,2002,"airphoto",1985,"1985-07-16",,"Film - BW","1:15000",2,"851514"
"20_00017",20,27965530,2002,"airphoto",1988,"1988-08-12",,"Film - BW","1:20000",5,"970997"
"20_00017",20,27965530,2002,"airphoto",1990,"1990-07-29",,"Film - BW","1:15000",5,"1063352"
"20_00017",20,27965530,2002,"airphoto",1991,"1991-09-08",,"Film - BW","1:15000",3,"600395"
"20_00017",20,27965530,2002,"airphoto",1996,"1996-07-07",,"Film - BW","1:40000",4,"127986"
"20_00017",20,27965530,2002,"airphoto",1997,"1997-08-10",,"Film - Colour","1:20000",4,"349068"
"20_00017",20,27965530,2002,"airphoto",2000,"2000-08-04",,"Film - Colour","1:30000",10,"454640"
"20_00017",20,27965530,2002,"airphoto",2012,"2012-07-13",,"Digital - Colour","1:50000",3,"2053009"
"20_00018",20,23039777,4004,"airphoto",1971,"1971-08-12",,"Film - BW","1:31680",5,"1414830"
"20_00018",20,23039777,4004,"airphoto",1972,"1972-08-14",,"Film - BW","1:60000",3,"1384614"
"20_00018",20,23039777,4004,"airphoto",1973,"1973-09-11",,"Film - BW","1:15000",2,"1368525"
"20_00018",20,23039777,4004,"airphoto",1976,"1976-05-07",,"Film - BW","1:18000",2,"1225014"
"20_00018",20,23039777,4004,"airphoto",1977,"1977-08-16",,"Film - BW","1:10000",6,"1204037"
"20_00018",20,23039777,4004,"airphoto",1980,"1980-08-12",,"Film - BW","1:20000",5,"721829"
"20_00018",20,23039777,4004,"airphoto",1984,"1984-09-14",,"Film - BW","1:18000",3,"681105"
"20_00018",20,23039777,4004,"airphoto",1985,"1985-07-09",,"Film - BW","1:15000",2,"851339"
"20_00018",20,23039777,4004,"airphoto",1988,"1988-08-07",,"Film - BW","1:20000",2,"970880"
"20_00018",20,23039777,4004,"airphoto",1990,"1990-07-26",,"Film - BW","1:15000",2,"1062533"
"20_00018",20,23039777,4004,"airphoto",1991,"1991-09-08",,"Film - BW","1:15000",6,"600456"
"20_00018",20,23039777,4004,"airphoto",1995,"1995-07-21",,"Film - BW","1:15000",2,"93716"
"20_00018",20,23039777,4004,"airphoto",1996,"1996-07-07",,"Film - BW","1:40000",4,"127903"
"20_00018",20,23039777,4004,"airphoto",1997,"1997-08-10",,"Film - Colour","1:20000",5,"349272"
"20_00018",20,23039777,4004,"airphoto",2000,"2000-09-15",,"Film - Colour","1:30000",2,"455314"
"20_00018",20,23039777,4004,"airphoto",2005,"2005-07-25",,"Film - Colour","1:20000",2,"1529424"
"20_00018",20,23039777,4004,"airphoto",2006,"2006-09-05",,"Film - Colour","1:20000",3,"1588742"
"20_00018",20,23039777,4004,"airphoto",2012,"2012-07-13",,"Digital - Colour","1:50000",5,"2052711"
"20_00018",20,23039777,4004,"orthophoto",2021,,0.150000000000001,,,1,
"20_00019",20,13832641,5005,"airphoto",1977,"1977-08-16",,"Film - BW","1:10000",6,"1203954"
"20_00019",20,13832641,5005,"airphoto",1984,"1984-08-12",,"Film - BW","1:18000",12,"681051"
"20_00019",20,13832641,5005,"airphoto",1985,"1985-06-20",,"Film - BW","1:15000",2,"851070"
"20_00019",20,13832641,5005,"airphoto",1988,"1988-08-07",,"Film - BW","1:20000",2,"970825"
"20_00019",20,13832641,5005,"airphoto",1991,"1991-07-22",,"Film - BW","1:15000",5,"599318"
"20_00019",20,13832641,5005,"airphoto",1996,"1996-07-07",,"Film - BW","1:40000",3,"128766"
"20_00019",20,13832641,5005,"airphoto",1997,"1997-08-17",,"Film - Colour","1:20000",6,"349426"
"20_00019",20,13832641,5005,"airphoto",2000,"2000-09-15",,"Film - Colour","1:30000",2,"455399"
"20_00019",20,13832641,5005,"airphoto",2005,"2005-07-25",,"Film - Colour","1:20000",4,"1529503"
"20_00019",20,13832641,5005,"airphoto",2012,"2012-07-06",,"Digital - Colour","1:50000",3,"2050324"
"20_00019",20,13832641,5005,"orthophoto",2021,,0.150000000000002,,,1,
"20_00020",20,31229710,2002,"airphoto",1973,"1973-09-15",,"Film - BW","1:15000",3,"1368874"
"20_00020",20,31229710,2002,"airphoto",1980,"1980-08-12",,"Film - BW","1:20000",2,"721685"
"20_00020",20,31229710,2002,"airphoto",1985,"1985-07-16",,"Film - BW","1:15000",2,"851548"
"20_00020",20,31229710,2002,"airphoto",1987,"1987-06-28",,"Film - BW","1:40000",3,"908321"
"20_00020",20,31229710,2002,"airphoto",1988,"1988-09-03",,"Film - BW","1:20000",3,"971308"
"20_00020",20,31229710,2002,"airphoto",1990,"1990-07-29",,"Film - BW","1:15000",2,"1063537"
"20_00020",20,31229710,2002,"airphoto",1991,"1991-09-08",,"Film - BW","1:15000",2,"600318"
"20_00020",20,31229710,2002,"airphoto",1996,"1996-07-07",,"Film - BW","1:40000",6,"127989"
"20_00020",20,31229710,2002,"airphoto",1997,"1997-08-10",,"Film - Colour","1:20000",2,"349023"
"20_00020",20,31229710,2002,"airphoto",2000,"2000-08-04",,"Film - Colour","1:30000",4,"454594"
"20_00020",20,31229710,2002,"airphoto",2002,"2002-08-16",,"Film - Colour","1:15000",2,"645085"
"20_00020",20,31229710,2002,"airphoto",2012,"2012-07-14",,"Digital - Colour","1:50000",2,"2053103"
"20_00021",20,37586184,11011,"airphoto",1974,"1974-07-21",,"Film - BW","1:16000",4,"1316480"
"20_00021",20,37586184,11011,"airphoto",1977,"1977-08-14",,"Film - BW","1:20000",2,"1198816"
"20_00021",20,37586184,11011,"airphoto",1985,"1985-05-15",,"Film - Colour","1:10000",6,"855849"
"20_00021",20,37586184,11011,"airphoto",1988,"1988-07-20",,"Film - BW","1:20000",3,"970068"
"20_00021",20,37586184,11011,"airphoto",1990,"1990-07-29",,"Film - BW","1:15000",6,"1063681"
"20_00021",20,37586184,11011,"airphoto",1994,"1994-07-27",,"Film - BW","1:15000",3,"74562"
"20_00021",20,37586184,11011,"airphoto",1995,"1995-09-16",,"Film - BW","1:15000",6,"94747"
"20_00021",20,37586184,11011,"airphoto",1996,"1996-07-07",,"Film - BW","1:40000",6,"128589"
"20_00021",20,37586184,11011,"airphoto",2000,"2000-09-23",,"Film - BW","1:15000",12,"468304"
"20_00021",20,37586184,11011,"airphoto",2002,"2002-08-21",,"Film - Colour","1:30000",1,"643656"
"20_00021",20,37586184,11011,"airphoto",2006,"2006-08-19",,"Film - Colour","1:20000",5,"1586912"
"20_00021",20,37586184,11011,"airphoto",2012,"2012-07-14",,"Digital - Colour","1:50000",4,"2053312"
"20_00022",20,24412256,2002,"airphoto",1973,"1973-09-11",,"Film - BW","1:15000",2,"1368606"
"20_00022",20,24412256,2002,"airphoto",1977,"1977-07-25",,"Film - BW","1:20000",2,"1204477"
"20_00022",20,24412256,2002,"airphoto",1980,"1980-08-12",,"Film - BW","1:20000",4,"721855"
"20_00022",20,24412256,2002,"airphoto",1985,"1985-07-09",,"Film - BW","1:15000",3,"851378"
"20_00022",20,24412256,2002,"airphoto",1987,"1987-06-28",,"Film - BW","1:40000",3,"908292"
"20_00022",20,24412256,2002,"airphoto",1988,"1988-08-27",,"Film - Colour","1:10000",10,"998642"
"20_00022",20,24412256,2002,"airphoto",1990,"1990-07-26",,"Film - BW","1:15000",2,"1062627"
"20_00022",20,24412256,2002,"airphoto",1991,"1991-09-08",,"Film - BW","1:15000",2,"600413"
"20_00022",20,24412256,2002,"airphoto",1995,"1995-07-21",,"Film - BW","1:15000",3,"93828"
"20_00022",20,24412256,2002,"airphoto",1996,"1996-07-07",,"Film - BW","1:40000",3,"127888"
"20_00022",20,24412256,2002,"airphoto",1997,"1997-08-10",,"Film - Colour","1:20000",6,"349244"
"20_00022",20,24412256,2002,"airphoto",2000,"2000-09-15",,"Film - Colour","1:30000",6,"455536"
"20_00022",20,24412256,2002,"airphoto",2012,"2012-07-13",,"Digital - Colour","1:50000",2,"2052795"
"20_00023",20,14387469,1001,"airphoto",1977,"1977-08-16",,"Film - BW","1:10000",7,"1203951"
"20_00023",20,14387469,1001,"airphoto",1984,"1984-09-14",,"Film - BW","1:18000",19,"681141"
"20_00023",20,14387469,1001,"airphoto",1985,"1985-06-20",,"Film - BW","1:15000",2,"851068"
"20_00023",20,14387469,1001,"airphoto",1988,"1988-08-07",,"Film - BW","1:20000",3,"970823"
"20_00023",20,14387469,1001,"airphoto",1991,"1991-07-22",,"Film - BW","1:15000",3,"599316"
"20_00023",20,14387469,1001,"airphoto",1996,"1996-07-07",,"Film - BW","1:40000",3,"128765"
"20_00023",20,14387469,1001,"airphoto",1997,"1997-08-17",,"Film - Colour","1:20000",3,"349427"
"20_00023",20,14387469,1001,"airphoto",2000,"2000-09-15",,"Film - Colour","1:30000",2,"455400"
"20_00023",20,14387469,1001,"airphoto",2005,"2005-07-25",,"Film - Colour","1:20000",2,"1529501"
"20_00023",20,14387469,1001,"airphoto",2012,"2012-07-06",,"Digital - Colour","1:50000",3,"2050326"
"20_00023",20,14387469,1001,"orthophoto",2021,,0.150000000000001,,,1,
"20_00024",20,13347383,8008,"airphoto",1975,"1975-01-14",,"Film - BW","1:12000",5,"1263844"
"20_00024",20,13347383,8008,"airphoto",1977,"1977-08-16",,"Film - BW","1:10000",9,"1203980"
"20_00024",20,13347383,8008,"airphoto",1984,"1984-07-24",,"Film - BW","1:60000",5,"322895"
"20_00024",20,13347383,8008,"airphoto",1985,"1985-06-20",,"Film - BW","1:15000",1,"851082"
"20_00024",20,13347383,8008,"airphoto",1986,"1986-07-21",,"Film - BW","1:60000",2,"327428"
"20_00024",20,13347383,8008,"airphoto",1987,"1987-06-28",,"Film - BW","1:40000",3,"908317"
"20_00024",20,13347383,8008,"airphoto",1988,"1988-08-07",,"Film - BW","1:20000",2,"970836"
"20_00024",20,13347383,8008,"airphoto",1991,"1991-07-22",,"Film - BW","1:15000",5,"599334"
"20_00024",20,13347383,8008,"airphoto",1996,"1996-07-07",,"Film - BW","1:40000",6,"128773"
"20_00024",20,13347383,8008,"airphoto",1997,"1997-08-17",,"Film - Colour","1:20000",4,"349414"
"20_00024",20,13347383,8008,"airphoto",2000,"2000-09-15",,"Film - Colour","1:30000",2,"455392"
"20_00024",20,13347383,8008,"airphoto",2012,"2012-07-06",,"Digital - Colour","1:50000",3,"2050308"
"20_00024",20,13347383,8008,"orthophoto",2021,,0.150000000000002,,,1,
"20_00025",20,28896863,1001,"airphoto",1973,"1973-09-11",,"Film - BW","1:15000",4,"1368763"
"20_00025",20,28896863,1001,"airphoto",1980,"1980-08-12",,"Film - BW","1:20000",2,"721740"
"20_00025",20,28896863,1001,"airphoto",1985,"1985-07-16",,"Film - BW","1:15000",2,"851508"
"20_00025",20,28896863,1001,"airphoto",1988,"1988-08-12",,"Film - BW","1:20000",2,"971002"
"20_00025",20,28896863,1001,"airphoto",1990,"1990-07-29",,"Film - BW","1:15000",6,"1063466"
"20_00025",20,28896863,1001,"airphoto",1991,"1991-09-08",,"Film - BW","1:15000",5,"600353"
"20_00025",20,28896863,1001,"airphoto",1996,"1996-07-07",,"Film - BW","1:40000",4,"127983"
"20_00025",20,28896863,1001,"airphoto",1997,"1997-08-10",,"Film - Colour","1:20000",2,"349063"
"20_00025",20,28896863,1001,"airphoto",2000,"2000-09-15",,"Film - Colour","1:30000",8,"455525"
"20_00025",20,28896863,1001,"airphoto",2005,"2005-07-25",,"Film - Colour","1:20000",2,"1529449"
"20_00025",20,28896863,1001,"airphoto",2012,"2012-07-13",,"Digital - Colour","1:50000",6,"2053017"
"20_00026",20,33555634,2002,"airphoto",1973,"1973-09-15",,"Film - BW","1:15000",3,"1368974"
"20_00026",20,33555634,2002,"airphoto",1980,"1980-08-12",,"Film - BW","1:20000",4,"721686"
"20_00026",20,33555634,2002,"airphoto",1985,"1985-07-16",,"Film - BW","1:15000",2,"851674"
"20_00026",20,33555634,2002,"airphoto",1987,"1987-06-28",,"Film - BW","1:40000",1,"908365"
"20_00026",20,33555634,2002,"airphoto",1988,"1988-07-20",,"Film - BW","1:20000",3,"970151"
"20_00026",20,33555634,2002,"airphoto",1990,"1990-07-29",,"Film - BW","1:15000",3,"1063611"
"20_00026",20,33555634,2002,"airphoto",1995,"1995-09-16",,"Film - BW","1:15000",2,"94600"
"20_00026",20,33555634,2002,"airphoto",1996,"1996-07-07",,"Film - BW","1:40000",3,"128661"
"20_00026",20,33555634,2002,"airphoto",1997,"1997-08-10",,"Film - Colour","1:20000",6,"348995"
"20_00026",20,33555634,2002,"airphoto",2000,"2000-09-15",,"Film - Colour","1:30000",3,"455248"
"20_00026",20,33555634,2002,"airphoto",2002,"2002-08-16",,"Film - Colour","1:15000",6,"645083"
"20_00026",20,33555634,2002,"airphoto",2012,"2012-07-14",,"Digital - Colour","1:50000",3,"2053254"
"20_00027",20,45575834,1001,"airphoto",1974,"1974-09-01",,"Film - BW","1:16000",4,"1310367"
"20_00027",20,45575834,1001,"airphoto",1975,"1975-01-14",,"Film - BW","1:12000",2,"1263825"
"20_00027",20,45575834,1001,"airphoto",1987,"1987-06-28",,"Film - BW","1:40000",3,"908392"
"20_00027",20,45575834,1001,"airphoto",1988,"1988-07-20",,"Film - BW","1:20000",3,"969677"
"20_00027",20,45575834,1001,"airphoto",1989,"1989-05-13",,"Film - Colour","1:10000",3,"1045337"
"20_00027",20,45575834,1001,"airphoto",1990,"1990-07-26",,"Film - BW","1:15000",6,"1062474"
"20_00027",20,45575834,1001,"airphoto",1995,"1995-09-23",,"Film - BW","1:15000",5,"95748"
"20_00027",20,45575834,1001,"airphoto",1996,"1996-07-12",,"Film - BW","1:40000",6,"129440"
"20_00027",20,45575834,1001,"airphoto",2000,"2000-09-23",,"Film - Colour","1:30000",15,"456016"
"20_00027",20,45575834,1001,"airphoto",2002,"2002-08-16",,"Film - Colour","1:15000",2,"644841"
"20_00027",20,45575834,1001,"airphoto",2012,"2012-07-14",,"Digital - Colour","1:50000",6,"2053648"
"20_00027",20,45575834,1001,"airphoto",2019,"2019-08-28",,"Digital - Colour","9600",2,"2327538"
"20_00027",20,45575834,1001,"orthophoto",2021,,0.149999999999999,,,1,
"20_00028",20,49816374,2002,"airphoto",1974,"1974-08-18",,"Film - BW","1:16000",5,"1309217"
"20_00028",20,49816374,2002,"airphoto",1987,"1987-06-28",,"Film - BW","1:40000",1,"908393"
"20_00028",20,49816374,2002,"airphoto",1990,"1990-07-26",,"Film - BW","1:15000",3,"1062365"
"20_00028",20,49816374,2002,"airphoto",1995,"1995-09-04",,"Film - BW","1:15000",5,"94285"
"20_00028",20,49816374,2002,"airphoto",1996,"1996-09-17",,"Film - BW","1:40000",3,"137036"
"20_00028",20,49816374,2002,"airphoto",2000,"2000-09-22",,"Film - Colour","1:30000",9,"455976"
"20_00028",20,49816374,2002,"airphoto",2002,"2002-08-16",,"Film - Colour","1:15000",3,"644757"
"20_00028",20,49816374,2002,"airphoto",2012,"2012-08-16",,"Digital - Colour","1:50000",2,"2053964"
"20_00029",20,19403709,11011,"airphoto",1975,"1975-09-08",,"Film - BW","1:15000",4,"1292707"
"20_00029",20,19403709,11011,"airphoto",1977,"1977-07-25",,"Film - BW","1:20000",7,"1204404"
"20_00029",20,19403709,11011,"airphoto",1980,"1980-08-12",,"Film - BW","1:20000",3,"721892"
"20_00029",20,19403709,11011,"airphoto",1984,"1984-07-24",,"Film - BW","1:60000",3,"322850"
"20_00029",20,19403709,11011,"airphoto",1985,"1985-07-09",,"Film - BW","1:15000",2,"851184"
"20_00029",20,19403709,11011,"airphoto",1987,"1987-06-28",,"Film - BW","1:40000",2,"908318"
"20_00029",20,19403709,11011,"airphoto",1988,"1988-08-27",,"Film - Colour","1:10000",4,"998606"
"20_00029",20,19403709,11011,"airphoto",1991,"1991-07-31",,"Film - BW","1:15000",5,"599917"
"20_00029",20,19403709,11011,"airphoto",1996,"1996-07-07",,"Film - BW","1:40000",3,"128673"
"20_00029",20,19403709,11011,"airphoto",1997,"1997-08-10",,"Film - Colour","1:20000",5,"349168"
"20_00029",20,19403709,11011,"airphoto",2000,"2000-09-15",,"Film - Colour","1:30000",6,"455298"
"20_00029",20,19403709,11011,"airphoto",2012,"2012-07-13",,"Digital - Colour","1:50000",6,"2052679"
"20_00029",20,19403709,11011,"orthophoto",2021,,0.15,,,2,
"20_00030",20,23873110,2002,"airphoto",1963,"1963-05-17",,"Film - BW","1:32000",1,"1473990"
"20_00030",20,23873110,2002,"airphoto",1971,"1971-08-30",,"Film - BW","1:31680",6,"1414855"
"20_00030",20,23873110,2002,"airphoto",1972,"1972-08-14",,"Film - BW","1:60000",3,"1384617"
"20_00030",20,23873110,2002,"airphoto",1973,"1973-09-11",,"Film - BW","1:15000",2,"1368535"
"20_00030",20,23873110,2002,"airphoto",1977,"1977-07-24",,"Film - BW","1:20000",6,"1198200"
"20_00030",20,23873110,2002,"airphoto",1979,"1979-08-10",,"Film - BW","1:20000",3,"1140089"
"20_00030",20,23873110,2002,"airphoto",1980,"1980-08-12",,"Film - BW","1:20000",2,"721821"
"20_00030",20,23873110,2002,"airphoto",1984,"1984-07-24",,"Film - BW","1:60000",3,"322860"
"20_00030",20,23873110,2002,"airphoto",1985,"1985-07-09",,"Film - BW","1:15000",2,"851331"
"20_00030",20,23873110,2002,"airphoto",1988,"1988-08-07",,"Film - BW","1:20000",6,"970888"
"20_00030",20,23873110,2002,"airphoto",1990,"1990-07-26",,"Film - BW","1:15000",2,"1062522"
"20_00030",20,23873110,2002,"airphoto",1995,"1995-07-21",,"Film - BW","1:15000",3,"93705"
"20_00030",20,23873110,2002,"airphoto",1996,"1996-07-07",,"Film - BW","1:40000",6,"127908"
"20_00030",20,23873110,2002,"airphoto",1997,"1997-08-10",,"Film - Colour","1:20000",3,"349280"
"20_00030",20,23873110,2002,"airphoto",1999,"1999-09-20",,"Film - BW","1:15000",3,"389235"
"20_00030",20,23873110,2002,"airphoto",2000,"2000-09-15",,"Film - Colour","1:30000",5,"455319"
"20_00030",20,23873110,2002,"airphoto",2002,"2002-08-21",,"Film - Colour","1:30000",1,"643736"
"20_00030",20,23873110,2002,"airphoto",2006,"2006-08-17",,"Film - Colour","1:20000",5,"1586908"
"20_00030",20,23873110,2002,"airphoto",2012,"2012-07-13",,"Digital - Colour","1:50000",4,"2052721"
"20_00030",20,23873110,2002,"orthophoto",2021,,0.150000000000002,,,1,
"2_00001",2,33643241,2011,"airphoto",1973,"1973-09-15",,"Film - BW","1:15000",3,"1368988"
"2_00001",2,33643241,2011,"airphoto",1980,"1980-08-12",,"Film - BW","1:20000",2,"721307"
"2_00001",2,33643241,2011,"airphoto",1987,"1987-06-28",,"Film - BW","1:40000",3,"908361"
"2_00001",2,33643241,2011,"airphoto",1988,"1988-08-27",,"Film - Colour","1:10000",5,"998812"
"2_00001",2,33643241,2011,"airphoto",1990,"1990-07-29",,"Film - BW","1:15000",3,"1063595"
"2_00001",2,33643241,2011,"airphoto",1995,"1995-09-16",,"Film - BW","1:15000",2,"94613"
"2_00001",2,33643241,2011,"airphoto",1996,"1996-07-12",,"Film - BW","1:40000",4,"129576"
"2_00001",2,33643241,2011,"airphoto",1997,"1997-08-10",,"Film - Colour","1:20000",4,"349005"
"2_00001",2,33643241,2011,"airphoto",2000,"2000-09-15",,"Film - Colour","1:30000",2,"455255"
"2_00001",2,33643241,2011,"airphoto",2002,"2002-08-16",,"Film - Colour","1:15000",5,"645057"
"2_00001",2,33643241,2011,"airphoto",2012,"2012-07-14",,"Digital - Colour","1:50000",2,"2053241"
"2_00001",2,33643241,2011,"orthophoto",2021,,0.15,,,1,
"2_00002",2,46414724,2011,"airphoto",1974,"1974-08-02",,"Film - BW","1:16000",3,"1316649"
"2_00002",2,46414724,2011,"airphoto",1979,"1979-08-24",,"Film - BW","1:15840",3,"1123446"
"2_00002",2,46414724,2011,"airphoto",1987,"1987-08-06",,"Film - Colour","1:10000",2,"528582"
"2_00002",2,46414724,2011,"airphoto",1988,"1988-09-12",,"Film - Colour","1:10000",6,"998970"
"2_00002",2,46414724,2011,"airphoto",1989,"1989-06-12",,"Film - BW","1:15000",5,"1021987"
"2_00002",2,46414724,2011,"airphoto",1992,"1992-07-19",,"Film - BW","1:15000",5,"587484"
"2_00002",2,46414724,2011,"airphoto",1994,"1994-08-18",,"Film - BW","1:15000",6,"76509"
"2_00002",2,46414724,2011,"airphoto",1995,"1995-09-04",,"Film - BW","1:15000",4,"94360"
"2_00002",2,46414724,2011,"airphoto",1996,"1996-07-12",,"Film - BW","1:40000",5,"129462"
"2_00002",2,46414724,2011,"airphoto",1999,"1999-10-02",,"Film - BW","1:15000",2,"389628"
"2_00002",2,46414724,2011,"airphoto",2000,"2000-09-23",,"Film - BW","1:15000",7,"468258"
"2_00002",2,46414724,2011,"airphoto",2002,"2002-08-21",,"Film - Colour","1:30000",2,"643577"
"2_00002",2,46414724,2011,"airphoto",2006,"2006-08-19",,"Film - Colour","1:20000",5,"1587131"
"2_00002",2,46414724,2011,"airphoto",2012,"2012-07-14",,"Digital - Colour","1:50000",4,"2053529"
"2_00003",2,14513753,5011,"airphoto",1969,"1969-08-06",,"Film - BW","1:16000",4,"779713"
"2_00003",2,14513753,5011,"airphoto",1971,"1971-08-12",,"Film - BW","1:31680",3,"1414785"
"2_00003",2,14513753,5011,"airphoto",1977,"1977-07-25",,"Film - BW","1:20000",9,"1204350"
"2_00003",2,14513753,5011,"airphoto",1984,"1984-09-14",,"Film - BW","1:18000",19,"681152"
"2_00003",2,14513753,5011,"airphoto",1985,"1985-06-20",,"Film - BW","1:15000",2,"851062"
"2_00003",2,14513753,5011,"airphoto",1988,"1988-08-07",,"Film - BW","1:20000",2,"970817"
"2_00003",2,14513753,5011,"airphoto",1991,"1991-07-22",,"Film - BW","1:15000",3,"599308"
"2_00003",2,14513753,5011,"airphoto",1996,"1996-07-07",,"Film - BW","1:40000",3,"128762"
"2_00003",2,14513753,5011,"airphoto",1997,"1997-08-17",,"Film - Colour","1:20000",3,"349433"
"2_00003",2,14513753,5011,"airphoto",2000,"2000-09-15",,"Film - Colour","1:30000",3,"455404"
"2_00003",2,14513753,5011,"airphoto",2006,"2006-09-05",,"Film - Colour","1:20000",2,"1588814"
"2_00003",2,14513753,5011,"airphoto",2012,"2012-07-06",,"Digital - Colour","1:50000",3,"2050334"
"2_00003",2,14513753,5011,"orthophoto",2021,,0.149999999999998,,,2,
"2_00004",2,50792937,2011,"airphoto",1974,"1974-08-03",,"Film - BW","1:16000",3,"1308818"
"2_00004",2,50792937,2011,"airphoto",1990,"1990-07-26",,"Film - BW","1:15000",2,"1062377"
"2_00004",2,50792937,2011,"airphoto",1995,"1995-09-04",,"Film - BW","1:15000",3,"94188"
"2_00004",2,50792937,2011,"airphoto",1996,"1996-07-12",,"Film - BW","1:40000",6,"129023"
"2_00004",2,50792937,2011,"airphoto",2000,"2000-09-22",,"Film - Colour","1:30000",3,"455970"
"2_00004",2,50792937,2011,"airphoto",2002,"2002-08-16",,"Film - Colour","1:15000",3,"644746"
"2_00004",2,50792937,2011,"airphoto",2012,"2012-08-16",,"Digital - Colour","1:50000",4,"2054283"
"2_00005",2,30574811,2011,"airphoto",1973,"1973-09-15",,"Film - BW","1:15000",5,"1368859"
"2_00005",2,30574811,2011,"airphoto",1980,"1980-08-12",,"Film - BW","1:20000",2,"721674"
"2_00005",2,30574811,2011,"airphoto",1985,"1985-07-16",,"Film - BW","1:15000",1,"851537"
"2_00005",2,30574811,2011,"airphoto",1987,"1987-06-28",,"Film - BW","1:40000",4,"908326"
"2_00005",2,30574811,2011,"airphoto",1988,"1988-08-27",,"Film - Colour","1:10000",6,"998778"
"2_00005",2,30574811,2011,"airphoto",1990,"1990-07-29",,"Film - BW","1:15000",2,"1063552"
"2_00005",2,30574811,2011,"airphoto",1995,"1995-09-04",,"Film - BW","1:15000",5,"94422"
"2_00005",2,30574811,2011,"airphoto",1996,"1996-07-07",,"Film - BW","1:40000",5,"127995"
"2_00005",2,30574811,2011,"airphoto",1997,"1997-08-10",,"Film - Colour","1:20000",6,"349012"
"2_00005",2,30574811,2011,"airphoto",2000,"2000-08-04",,"Film - Colour","1:30000",2,"454587"
"2_00005",2,30574811,2011,"airphoto",2012,"2012-07-14",,"Digital - Colour","1:50000",2,"2053118"
"2_00006",2,38774609,2011,"airphoto",1974,"1974-07-21",,"Film - BW","1:16000",3,"1316623"
"2_00006",2,38774609,2011,"airphoto",1979,"1979-08-24",,"Film - BW","1:15840",3,"1123505"
"2_00006",2,38774609,2011,"airphoto",1985,"1985-07-16",,"Film - BW","1:15000",5,"851690"
"2_00006",2,38774609,2011,"airphoto",1987,"1987-08-06",,"Film - Colour","1:10000",2,"528287"
"2_00006",2,38774609,2011,"airphoto",1988,"1988-07-20",,"Film - BW","1:20000",5,"970075"
"2_00006",2,38774609,2011,"airphoto",1990,"1990-07-29",,"Film - BW","1:15000",3,"1063830"
"2_00006",2,38774609,2011,"airphoto",1995,"1995-09-16",,"Film - BW","1:15000",3,"94776"
"2_00006",2,38774609,2011,"airphoto",1996,"1996-07-07",,"Film - BW","1:40000",6,"128585"
"2_00006",2,38774609,2011,"airphoto",1997,"1997-08-10",,"Film - Colour","1:20000",2,"348969"
"2_00006",2,38774609,2011,"airphoto",2000,"2000-09-15",,"Film - Colour","1:30000",2,"455502"
"2_00006",2,38774609,2011,"airphoto",2012,"2012-07-14",,"Digital - Colour","1:50000",3,"2053321"
"2_00007",2,33099206,2011,"airphoto",1973,"1973-09-15",,"Film - BW","1:15000",6,"1368874"
"2_00007",2,33099206,2011,"airphoto",1980,"1980-08-12",,"Film - BW","1:20000",2,"721685"
"2_00007",2,33099206,2011,"airphoto",1985,"1985-07-16",,"Film - BW","1:15000",2,"851548"
"2_00007",2,33099206,2011,"airphoto",1987,"1987-06-28",,"Film - BW","1:40000",3,"908365"
"2_00007",2,33099206,2011,"airphoto",1988,"1988-08-27",,"Film - Colour","1:10000",7,"998803"
"2_00007",2,33099206,2011,"airphoto",1990,"1990-07-29",,"Film - BW","1:15000",3,"1063609"
"2_00007",2,33099206,2011,"airphoto",1991,"1991-09-08",,"Film - BW","1:15000",2,"600318"
"2_00007",2,33099206,2011,"airphoto",1995,"1995-09-16",,"Film - BW","1:15000",3,"94602"
"2_00007",2,33099206,2011,"airphoto",1996,"1996-07-07",,"Film - BW","1:40000",6,"128662"
"2_00007",2,33099206,2011,"airphoto",1997,"1997-08-10",,"Film - Colour","1:20000",5,"349023"
"2_00007",2,33099206,2011,"airphoto",2000,"2000-09-15",,"Film - Colour","1:30000",7,"455249"
"2_00007",2,33099206,2011,"airphoto",2002,"2002-08-16",,"Film - Colour","1:15000",2,"645085"
"2_00007",2,33099206,2011,"airphoto",2012,"2012-07-14",,"Digital - Colour","1:50000",2,"2053253"
"2_00008",2,14555842,2005,"airphoto",1977,"1977-08-16",,"Film - BW","1:10000",8,"1203898"
"2_00008",2,14555842,2005,"airphoto",1984,"1984-07-24",,"Film - BW","1:60000",4,"322850"
"2_00008",2,14555842,2005,"airphoto",1985,"1985-06-20",,"Film - BW","1:15000",1,"851079"
"2_00008",2,14555842,2005,"airphoto",1987,"1987-06-28",,"Film - BW","1:40000",2,"908319"
"2_00008",2,14555842,2005,"airphoto",1988,"1988-08-07",,"Film - BW","1:20000",3,"970831"
"2_00008",2,14555842,2005,"airphoto",1991,"1991-07-22",,"Film - BW","1:15000",2,"599328"
"2_00008",2,14555842,2005,"airphoto",1996,"1996-07-07",,"Film - BW","1:40000",3,"128770"
"2_00008",2,14555842,2005,"airphoto",1997,"1997-08-17",,"Film - Colour","1:20000",2,"349418"
"2_00008",2,14555842,2005,"airphoto",2000,"2000-09-15",,"Film - Colour","1:30000",5,"455395"
"2_00008",2,14555842,2005,"airphoto",2005,"2005-07-25",,"Film - Colour","1:20000",1,"1529509"
"2_00008",2,14555842,2005,"airphoto",2012,"2012-07-06",,"Digital - Colour","1:50000",2,"2050314"
"2_00008",2,14555842,2005,"orthophoto",2021,,0.149999999999998,,,1,
"2_00009",2,11221024,11005,"airphoto",1977,"1977-08-16",,"Film - BW","1:10000",6,"1204229"
"2_00009",2,11221024,11005,"airphoto",1980,"1980-08-12",,"Film - BW","1:20000",3,"721637"
"2_00009",2,11221024,11005,"airphoto",1984,"1984-09-14",,"Film - BW","1:18000",6,"681204"
"2_00009",2,11221024,11005,"airphoto",1985,"1985-06-20",,"Film - BW","1:15000",4,"850938"
"2_00009",2,11221024,11005,"airphoto",1988,"1988-07-21",,"Film - BW","1:20000",2,"970459"
"2_00009",2,11221024,11005,"airphoto",1991,"1991-07-22",,"Film - BW","1:15000",4,"599642"
"2_00009",2,11221024,11005,"airphoto",1996,"1996-07-07",,"Film - BW","1:40000",6,"128798"
"2_00009",2,11221024,11005,"airphoto",1997,"1997-08-17",,"Film - Colour","1:20000",5,"349493"
"2_00009",2,11221024,11005,"airphoto",2000,"2000-09-15",,"Film - Colour","1:30000",4,"455401"
"2_00009",2,11221024,11005,"airphoto",2005,"2005-07-25",,"Film - Colour","1:20000",2,"1529518"
"2_00009",2,11221024,11005,"airphoto",2012,"2012-07-06",,"Digital - Colour","1:50000",2,"2050406"
"2_00009",2,11221024,11005,"orthophoto",2021,,0.150000000000001,,,1,
"2_00010",2,23589289,2011,"airphoto",1973,"1973-09-11",,"Film - BW","1:15000",4,"1368606"
"2_00010",2,23589289,2011,"airphoto",1977,"1977-07-25",,"Film - BW","1:20000",2,"1204478"
"2_00010",2,23589289,2011,"airphoto",1980,"1980-08-12",,"Film - BW","1:20000",2,"721856"
"2_00010",2,23589289,2011,"airphoto",1984,"1984-07-24",,"Film - BW","1:60000",2,"322849"
"2_00010",2,23589289,2011,"airphoto",1985,"1985-07-09",,"Film - BW","1:15000",2,"851372"
"2_00010",2,23589289,2011,"airphoto",1987,"1987-06-28",,"Film - BW","1:40000",3,"908292"
"2_00010",2,23589289,2011,"airphoto",1988,"1988-08-27",,"Film - Colour","1:10000",9,"998642"
"2_00010",2,23589289,2011,"airphoto",1990,"1990-07-26",,"Film - BW","1:15000",5,"1062627"
"2_00010",2,23589289,2011,"airphoto",1991,"1991-09-08",,"Film - BW","1:15000",5,"600492"
"2_00010",2,23589289,2011,"airphoto",1995,"1995-07-21",,"Film - BW","1:15000",3,"93833"
"2_00010",2,23589289,2011,"airphoto",1996,"1996-07-07",,"Film - BW","1:40000",3,"127888"
"2_00010",2,23589289,2011,"airphoto",1997,"1997-08-10",,"Film - Colour","1:20000",3,"349244"
"2_00010",2,23589289,2011,"airphoto",2000,"2000-09-15",,"Film - Colour","1:30000",5,"455536"
"2_00010",2,23589289,2011,"airphoto",2012,"2012-07-13",,"Digital - Colour","1:50000",3,"2052795"
"2_00011",2,12716390,2011,"airphoto",1973,"1973-08-11",,"Film - BW","1:15000",3,"1368398"
"2_00011",2,12716390,2011,"airphoto",1984,"1984-08-12",,"Film - BW","1:18000",16,"681072"
"2_00011",2,12716390,2011,"airphoto",1985,"1985-06-20",,"Film - BW","1:15000",2,"850947"
"2_00011",2,12716390,2011,"airphoto",1986,"1986-05-15",,"Film - Colour","1:10000",5,"891947"
"2_00011",2,12716390,2011,"airphoto",1988,"1988-07-21",,"Film - BW","1:20000",6,"970468"
"2_00011",2,12716390,2011,"airphoto",1991,"1991-07-22",,"Film - BW","1:15000",3,"599261"
"2_00011",2,12716390,2011,"airphoto",1996,"1996-07-07",,"Film - BW","1:40000",6,"128760"
"2_00011",2,12716390,2011,"airphoto",1997,"1997-08-17",,"Film - Colour","1:20000",3,"349485"
"2_00011",2,12716390,2011,"airphoto",2000,"2000-09-15",,"Film - Colour","1:30000",3,"455406"
"2_00011",2,12716390,2011,"airphoto",2006,"2006-09-05",,"Film - Colour","1:20000",2,"1588817"
"2_00011",2,12716390,2011,"airphoto",2012,"2012-07-06",,"Digital - Colour","1:50000",3,"2050395"
"2_00012",2,33330109,2011,"airphoto",1973,"1973-09-15",,"Film - BW","1:15000",3,"1368989"
"2_00012",2,33330109,2011,"airphoto",1980,"1980-08-12",,"Film - BW","1:20000",3,"721307"
"2_00012",2,33330109,2011,"airphoto",1987,"1987-06-28",,"Film - BW","1:40000",5,"908361"
"2_00012",2,33330109,2011,"airphoto",1988,"1988-08-27",,"Film - Colour","1:10000",9,"998813"
"2_00012",2,33330109,2011,"airphoto",1990,"1990-07-29",,"Film - BW","1:15000",3,"1063595"
"2_00012",2,33330109,2011,"airphoto",1995,"1995-09-16",,"Film - BW","1:15000",3,"94614"
"2_00012",2,33330109,2011,"airphoto",1996,"1996-07-12",,"Film - BW","1:40000",4,"129576"
"2_00012",2,33330109,2011,"airphoto",1997,"1997-08-10",,"Film - Colour","1:20000",5,"349006"
"2_00012",2,33330109,2011,"airphoto",2000,"2000-09-15",,"Film - Colour","1:30000",3,"455255"
"2_00012",2,33330109,2011,"airphoto",2002,"2002-08-16",,"Film - Colour","1:15000",5,"645057"
"2_00012",2,33330109,2011,"airphoto",2012,"2012-07-14",,"Digital - Colour","1:50000",3,"2053240"
"2_00012",2,33330109,2011,"orthophoto",2021,,0.15,,,1,
"2_00013",2,11560853,2005,"airphoto",1977,"1977-08-16",,"Film - BW","1:10000",6,"1204230"
"2_00013",2,11560853,2005,"airphoto",1984,"1984-09-14",,"Film - BW","1:18000",10,"681203"
"2_00013",2,11560853,2005,"airphoto",1985,"1985-06-20",,"Film - BW","1:15000",1,"850938"
"2_00013",2,11560853,2005,"airphoto",1988,"1988-07-21",,"Film - BW","1:20000",3,"970459"
"2_00013",2,11560853,2005,"airphoto",1991,"1991-07-22",,"Film - BW","1:15000",6,"599248"
"2_00013",2,11560853,2005,"airphoto",1996,"1996-07-07",,"Film - BW","1:40000",6,"128798"
"2_00013",2,11560853,2005,"airphoto",1997,"1997-08-17",,"Film - Colour","1:20000",3,"349494"
"2_00013",2,11560853,2005,"airphoto",2000,"2000-09-15",,"Film - Colour","1:30000",5,"455400"
"2_00013",2,11560853,2005,"airphoto",2005,"2005-07-25",,"Film - Colour","1:20000",3,"1529518"
"2_00013",2,11560853,2005,"airphoto",2012,"2012-07-06",,"Digital - Colour","1:50000",3,"2050407"
"2_00013",2,11560853,2005,"orthophoto",2021,,0.150000000000002,,,1,
"2_00014",2,28618120,2011,"airphoto",1973,"1973-09-11",,"Film - BW","1:15000",4,"1368773"
"2_00014",2,28618120,2011,"airphoto",1974,"1974-06-14",,"Film - BW","1:20000",2,"1338837"
"2_00014",2,28618120,2011,"airphoto",1980,"1980-08-12",,"Film - BW","1:20000",3,"721748"
"2_00014",2,28618120,2011,"airphoto",1985,"1985-07-16",,"Film - BW","1:15000",1,"851516"
"2_00014",2,28618120,2011,"airphoto",1987,"1987-06-28",,"Film - BW","1:40000",1,"908321"
"2_00014",2,28618120,2011,"airphoto",1988,"1988-08-12",,"Film - BW","1:20000",2,"970995"
"2_00014",2,28618120,2011,"airphoto",1990,"1990-07-29",,"Film - BW","1:15000",5,"1063455"
"2_00014",2,28618120,2011,"airphoto",1991,"1991-09-08",,"Film - BW","1:15000",4,"600343"
"2_00014",2,28618120,2011,"airphoto",1996,"1996-07-07",,"Film - BW","1:40000",3,"127988"
"2_00014",2,28618120,2011,"airphoto",1997,"1997-08-10",,"Film - Colour","1:20000",2,"349071"
"2_00014",2,28618120,2011,"airphoto",2000,"2000-09-15",,"Film - Colour","1:30000",9,"455520"
"2_00014",2,28618120,2011,"airphoto",2012,"2012-07-13",,"Digital - Colour","1:50000",5,"2053006"
"2_00015",2,23743309,2005,"airphoto",1973,"1973-09-11",,"Film - BW","1:15000",5,"1368503"
"2_00015",2,23743309,2005,"airphoto",1977,"1977-07-25",,"Film - BW","1:20000",2,"1204467"
"2_00015",2,23743309,2005,"airphoto",1980,"1980-08-12",,"Film - BW","1:20000",4,"721845"
"2_00015",2,23743309,2005,"airphoto",1984,"1984-07-24",,"Film - BW","1:60000",3,"322852"
"2_00015",2,23743309,2005,"airphoto",1985,"1985-07-09",,"Film - BW","1:15000",2,"851361"
"2_00015",2,23743309,2005,"airphoto",1988,"1988-08-07",,"Film - BW","1:20000",2,"970863"
"2_00015",2,23743309,2005,"airphoto",1990,"1990-07-26",,"Film - BW","1:15000",4,"1062641"
"2_00015",2,23743309,2005,"airphoto",1991,"1991-09-08",,"Film - BW","1:15000",3,"600478"
"2_00015",2,23743309,2005,"airphoto",1996,"1996-07-07",,"Film - BW","1:40000",3,"127894"
"2_00015",2,23743309,2005,"airphoto",1997,"1997-08-10",,"Film - Colour","1:20000",3,"349255"
"2_00015",2,23743309,2005,"airphoto",2000,"2000-09-15",,"Film - Colour","1:30000",6,"455303"
"2_00015",2,23743309,2005,"airphoto",2012,"2012-07-13",,"Digital - Colour","1:50000",3,"2052780"
"2_00016",2,32059174,2011,"airphoto",1973,"1973-09-15",,"Film - BW","1:15000",3,"1368855"
"2_00016",2,32059174,2011,"airphoto",1980,"1980-08-12",,"Film - BW","1:20000",5,"721672"
"2_00016",2,32059174,2011,"airphoto",1985,"1985-07-16",,"Film - BW","1:15000",2,"851534"
"2_00016",2,32059174,2011,"airphoto",1987,"1987-06-28",,"Film - BW","1:40000",5,"908359"
"2_00016",2,32059174,2011,"airphoto",1988,"1988-08-26",,"Film - Colour","1:10000",6,"998299"
"2_00016",2,32059174,2011,"airphoto",1990,"1990-07-29",,"Film - BW","1:15000",5,"1063556"
"2_00016",2,32059174,2011,"airphoto",1995,"1995-09-04",,"Film - BW","1:15000",5,"94426"
"2_00016",2,32059174,2011,"airphoto",1996,"1996-07-12",,"Film - BW","1:40000",5,"129574"
"2_00016",2,32059174,2011,"airphoto",1997,"1997-08-10",,"Film - Colour","1:20000",1,"349010"
"2_00016",2,32059174,2011,"airphoto",2000,"2000-09-15",,"Film - Colour","1:30000",5,"455258"
"2_00016",2,32059174,2011,"airphoto",2002,"2002-08-16",,"Film - Colour","1:15000",3,"645101"
"2_00016",2,32059174,2011,"airphoto",2012,"2012-07-14",,"Digital - Colour","1:50000",4,"2053235"
"2_00017",2,24566294,2005,"airphoto",1973,"1973-09-11",,"Film - BW","1:15000",2,"1368592"
"2_00017",2,24566294,2005,"airphoto",1977,"1977-07-25",,"Film - BW","1:20000",2,"1204466"
"2_00017",2,24566294,2005,"airphoto",1980,"1980-08-12",,"Film - BW","1:20000",4,"721845"
"2_00017",2,24566294,2005,"airphoto",1984,"1984-07-24",,"Film - BW","1:60000",3,"322852"
"2_00017",2,24566294,2005,"airphoto",1985,"1985-07-09",,"Film - BW","1:15000",2,"851360"
"2_00017",2,24566294,2005,"airphoto",1988,"1988-08-07",,"Film - BW","1:20000",5,"970864"
"2_00017",2,24566294,2005,"airphoto",1990,"1990-07-26",,"Film - BW","1:15000",2,"1062642"
"2_00017",2,24566294,2005,"airphoto",1991,"1991-09-08",,"Film - BW","1:15000",5,"600427"
"2_00017",2,24566294,2005,"airphoto",1996,"1996-07-07",,"Film - BW","1:40000",3,"127894"
"2_00017",2,24566294,2005,"airphoto",1997,"1997-08-10",,"Film - Colour","1:20000",6,"349255"
"2_00017",2,24566294,2005,"airphoto",2000,"2000-08-04",,"Film - Colour","1:30000",7,"454640"
"2_00017",2,24566294,2005,"airphoto",2012,"2012-07-13",,"Digital - Colour","1:50000",2,"2052780"
"2_00018",2,40743803,2011,"airphoto",1974,"1974-08-01",,"Film - BW","1:16000",3,"1308720"
"2_00018",2,40743803,2011,"airphoto",1977,"1977-08-14",,"Film - BW","1:20000",4,"1198967"
"2_00018",2,40743803,2011,"airphoto",1987,"1987-08-06",,"Film - Colour","1:10000",2,"528271"
"2_00018",2,40743803,2011,"airphoto",1988,"1988-09-12",,"Film - Colour","1:10000",6,"998846"
"2_00018",2,40743803,2011,"airphoto",1990,"1990-07-29",,"Film - BW","1:15000",3,"1063863"
"2_00018",2,40743803,2011,"airphoto",1994,"1994-07-27",,"Film - BW","1:15000",3,"74689"
"2_00018",2,40743803,2011,"airphoto",1995,"1995-09-16",,"Film - BW","1:15000",3,"94963"
"2_00018",2,40743803,2011,"airphoto",1996,"1996-07-07",,"Film - BW","1:40000",3,"128589"
"2_00018",2,40743803,2011,"airphoto",1999,"1999-10-02",,"Film - BW","1:15000",2,"389542"
"2_00018",2,40743803,2011,"airphoto",2000,"2000-09-15",,"Film - Colour","1:30000",4,"455507"
"2_00018",2,40743803,2011,"airphoto",2002,"2002-08-21",,"Film - Colour","1:30000",3,"643502"
"2_00018",2,40743803,2011,"airphoto",2006,"2006-08-19",,"Film - Colour","1:20000",6,"1587035"
"2_00018",2,40743803,2011,"airphoto",2012,"2012-07-14",,"Digital - Colour","1:50000",5,"2053511"
"2_00019",2,23761145,2005,"airphoto",1973,"1973-09-11",,"Film - BW","1:15000",5,"1368593"
"2_00019",2,23761145,2005,"airphoto",1977,"1977-07-25",,"Film - BW","1:20000",3,"1204467"
"2_00019",2,23761145,2005,"airphoto",1980,"1980-08-12",,"Film - BW","1:20000",4,"721845"
"2_00019",2,23761145,2005,"airphoto",1984,"1984-07-24",,"Film - BW","1:60000",3,"322852"
"2_00019",2,23761145,2005,"airphoto",1985,"1985-07-09",,"Film - BW","1:15000",3,"851361"
"2_00019",2,23761145,2005,"airphoto",1988,"1988-08-07",,"Film - BW","1:20000",3,"970863"
"2_00019",2,23761145,2005,"airphoto",1990,"1990-07-26",,"Film - BW","1:15000",6,"1062641"
"2_00019",2,23761145,2005,"airphoto",1991,"1991-09-08",,"Film - BW","1:15000",2,"600478"
"2_00019",2,23761145,2005,"airphoto",1996,"1996-07-07",,"Film - BW","1:40000",3,"127894"
"2_00019",2,23761145,2005,"airphoto",1997,"1997-08-10",,"Film - Colour","1:20000",2,"349254"
"2_00019",2,23761145,2005,"airphoto",2000,"2000-09-15",,"Film - Colour","1:30000",6,"455530"
"2_00019",2,23761145,2005,"airphoto",2012,"2012-07-13",,"Digital - Colour","1:50000",2,"2052780"
"2_00020",2,46387886,2011,"airphoto",1974,"1974-08-02",,"Film - BW","1:16000",3,"1316649"
"2_00020",2,46387886,2011,"airphoto",1979,"1979-08-24",,"Film - BW","1:15840",3,"1123446"
"2_00020",2,46387886,2011,"airphoto",1987,"1987-08-06",,"Film - Colour","1:10000",2,"528582"
"2_00020",2,46387886,2011,"airphoto",1988,"1988-09-12",,"Film - Colour","1:10000",6,"998970"
"2_00020",2,46387886,2011,"airphoto",1989,"1989-06-12",,"Film - BW","1:15000",3,"1021987"
"2_00020",2,46387886,2011,"airphoto",1992,"1992-07-19",,"Film - BW","1:15000",5,"587484"
"2_00020",2,46387886,2011,"airphoto",1994,"1994-08-18",,"Film - BW","1:15000",6,"76509"
"2_00020",2,46387886,2011,"airphoto",1995,"1995-09-04",,"Film - BW","1:15000",4,"94360"
"2_00020",2,46387886,2011,"airphoto",1996,"1996-07-12",,"Film - BW","1:40000",4,"129462"
"2_00020",2,46387886,2011,"airphoto",1999,"1999-10-02",,"Film - BW","1:15000",2,"389628"
"2_00020",2,46387886,2011,"airphoto",2000,"2000-09-23",,"Film - BW","1:15000",7,"468258"
"2_00020",2,46387886,2011,"airphoto",2002,"2002-08-21",,"Film - Colour","1:30000",2,"643577"
"2_00020",2,46387886,2011,"airphoto",2006,"2006-08-19",,"Film - Colour","1:20000",5,"1587131"
"2_00020",2,46387886,2011,"airphoto",2012,"2012-07-14",,"Digital - Colour","1:50000",4,"2053529"
"2_00021",2,16598721,2005,"airphoto",1971,"1971-08-12",,"Film - BW","1:31680",1,"1414809"
"2_00021",2,16598721,2005,"airphoto",1972,"1972-08-14",,"Film - BW","1:60000",3,"1384613"
"2_00021",2,16598721,2005,"airphoto",1973,"1973-08-11",,"Film - BW","1:15000",2,"1368189"
"2_00021",2,16598721,2005,"airphoto",1977,"1977-08-16",,"Film - BW","1:10000",6,"1203828"
"2_00021",2,16598721,2005,"airphoto",1984,"1984-08-12",,"Film - BW","1:18000",20,"681003"
"2_00021",2,16598721,2005,"airphoto",1985,"1985-06-20",,"Film - BW","1:15000",3,"851058"
"2_00021",2,16598721,2005,"airphoto",1988,"1988-08-07",,"Film - BW","1:20000",3,"970776"
"2_00021",2,16598721,2005,"airphoto",1991,"1991-07-22",,"Film - BW","1:15000",3,"599416"
"2_00021",2,16598721,2005,"airphoto",1996,"1996-07-07",,"Film - BW","1:40000",4,"128760"
"2_00021",2,16598721,2005,"airphoto",1997,"1997-08-17",,"Film - Colour","1:20000",6,"349437"
"2_00021",2,16598721,2005,"airphoto",2000,"2000-09-15",,"Film - Colour","1:30000",6,"455340"
"2_00021",2,16598721,2005,"airphoto",2006,"2006-09-05",,"Film - Colour","1:20000",2,"1588810"
"2_00021",2,16598721,2005,"airphoto",2012,"2012-07-06",,"Digital - Colour","1:50000",4,"2050340"
"2_00021",2,16598721,2005,"orthophoto",2021,,0.150000000000001,,,1,
"2_00022",2,25739621,11005,"airphoto",1971,"1971-08-12",,"Film - BW","1:31680",2,"1414788"
"2_00022",2,25739621,11005,"airphoto",1972,"1972-08-14",,"Film - BW","1:60000",1,"1384612"
"2_00022",2,25739621,11005,"airphoto",1973,"1973-09-11",,"Film - BW","1:15000",2,"1368582"
"2_00022",2,25739621,11005,"airphoto",1980,"1980-08-12",,"Film - BW","1:20000",6,"721791"
"2_00022",2,25739621,11005,"airphoto",1984,"1984-09-14",,"Film - BW","1:18000",6,"681253"
"2_00022",2,25739621,11005,"airphoto",1985,"1985-07-09",,"Film - BW","1:15000",2,"851397"
"2_00022",2,25739621,11005,"airphoto",1988,"1988-08-12",,"Film - BW","1:20000",3,"971025"
"2_00022",2,25739621,11005,"airphoto",1990,"1990-07-26",,"Film - BW","1:15000",3,"1062653"
"2_00022",2,25739621,11005,"airphoto",1991,"1991-09-08",,"Film - BW","1:15000",3,"600438"
"2_00022",2,25739621,11005,"airphoto",1996,"1996-07-07",,"Film - BW","1:40000",5,"127899"
"2_00022",2,25739621,11005,"airphoto",1997,"1997-08-10",,"Film - Colour","1:20000",4,"349110"
"2_00022",2,25739621,11005,"airphoto",2000,"2000-08-04",,"Film - Colour","1:30000",2,"454635"
"2_00022",2,25739621,11005,"airphoto",2005,"2005-07-25",,"Film - Colour","1:20000",3,"1529438"
"2_00022",2,25739621,11005,"airphoto",2012,"2012-07-13",,"Digital - Colour","1:50000",5,"2052768"
"2_00022",2,25739621,11005,"orthophoto",2021,,0.149999999999999,,,1,
"2_00023",2,22497774,2011,"airphoto",1973,"1973-09-11",,"Film - BW","1:15000",3,"1368487"
"2_00023",2,22497774,2011,"airphoto",1977,"1977-07-25",,"Film - BW","1:20000",3,"1204479"
"2_00023",2,22497774,2011,"airphoto",1980,"1980-08-12",,"Film - BW","1:20000",2,"721857"
"2_00023",2,22497774,2011,"airphoto",1984,"1984-07-24",,"Film - BW","1:60000",2,"322848"
"2_00023",2,22497774,2011,"airphoto",1985,"1985-07-09",,"Film - BW","1:15000",1,"851373"
"2_00023",2,22497774,2011,"airphoto",1987,"1987-06-28",,"Film - BW","1:40000",3,"908293"
"2_00023",2,22497774,2011,"airphoto",1988,"1988-08-27",,"Film - Colour","1:10000",7,"998625"
"2_00023",2,22497774,2011,"airphoto",1990,"1990-07-26",,"Film - BW","1:15000",3,"1062570"
"2_00023",2,22497774,2011,"airphoto",1991,"1991-09-08",,"Film - BW","1:15000",1,"600493"
"2_00023",2,22497774,2011,"airphoto",1995,"1995-07-21",,"Film - BW","1:15000",2,"93835"
"2_00023",2,22497774,2011,"airphoto",1996,"1996-07-07",,"Film - BW","1:40000",6,"127887"
"2_00023",2,22497774,2011,"airphoto",1997,"1997-08-10",,"Film - Colour","1:20000",2,"349243"
"2_00023",2,22497774,2011,"airphoto",2000,"2000-09-15",,"Film - Colour","1:30000",4,"455295"
"2_00023",2,22497774,2011,"airphoto",2012,"2012-07-13",,"Digital - Colour","1:50000",4,"2052797"
"2_00024",2,23984889,2005,"airphoto",1973,"1973-09-11",,"Film - BW","1:15000",4,"1368592"
"2_00024",2,23984889,2005,"airphoto",1977,"1977-07-25",,"Film - BW","1:20000",3,"1204466"
"2_00024",2,23984889,2005,"airphoto",1980,"1980-08-12",,"Film - BW","1:20000",4,"721845"
"2_00024",2,23984889,2005,"airphoto",1984,"1984-07-24",,"Film - BW","1:60000",2,"322852"
"2_00024",2,23984889,2005,"airphoto",1985,"1985-07-09",,"Film - BW","1:15000",2,"851360"
"2_00024",2,23984889,2005,"airphoto",1988,"1988-08-07",,"Film - BW","1:20000",2,"970864"
"2_00024",2,23984889,2005,"airphoto",1990,"1990-07-26",,"Film - BW","1:15000",4,"1062642"
"2_00024",2,23984889,2005,"airphoto",1991,"1991-09-08",,"Film - BW","1:15000",5,"600478"
"2_00024",2,23984889,2005,"airphoto",1996,"1996-07-07",,"Film - BW","1:40000",3,"127894"
"2_00024",2,23984889,2005,"airphoto",1997,"1997-08-10",,"Film - Colour","1:20000",3,"349255"
"2_00024",2,23984889,2005,"airphoto",2000,"2000-08-04",,"Film - Colour","1:30000",7,"454640"
"2_00024",2,23984889,2005,"airphoto",2012,"2012-07-13",,"Digital - Colour","1:50000",2,"2052780"
"2_00025",2,23779090,2005,"airphoto",1973,"1973-09-11",,"Film - BW","1:15000",5,"1368593"
"2_00025",2,23779090,2005,"airphoto",1977,"1977-07-25",,"Film - BW","1:20000",2,"1204467"
"2_00025",2,23779090,2005,"airphoto",1980,"1980-08-12",,"Film - BW","1:20000",6,"721845"
"2_00025",2,23779090,2005,"airphoto",1984,"1984-07-24",,"Film - BW","1:60000",3,"322852"
"2_00025",2,23779090,2005,"airphoto",1985,"1985-07-09",,"Film - BW","1:15000",2,"851361"
"2_00025",2,23779090,2005,"airphoto",1988,"1988-08-07",,"Film - BW","1:20000",2,"970863"
"2_00025",2,23779090,2005,"airphoto",1990,"1990-07-26",,"Film - BW","1:15000",4,"1062641"
"2_00025",2,23779090,2005,"airphoto",1991,"1991-09-08",,"Film - BW","1:15000",3,"600478"
"2_00025",2,23779090,2005,"airphoto",1996,"1996-07-07",,"Film - BW","1:40000",3,"127894"
"2_00025",2,23779090,2005,"airphoto",1997,"1997-08-10",,"Film - Colour","1:20000",3,"349255"
"2_00025",2,23779090,2005,"airphoto",2000,"2000-09-15",,"Film - Colour","1:30000",6,"455303"
"2_00025",2,23779090,2005,"airphoto",2012,"2012-07-13",,"Digital - Colour","1:50000",3,"2052780"
"2_00026",2,28636009,2011,"airphoto",1973,"1973-09-11",,"Film - BW","1:15000",4,"1368773"
"2_00026",2,28636009,2011,"airphoto",1974,"1974-06-14",,"Film - BW","1:20000",2,"1338837"
"2_00026",2,28636009,2011,"airphoto",1980,"1980-08-12",,"Film - BW","1:20000",3,"721748"
"2_00026",2,28636009,2011,"airphoto",1985,"1985-07-16",,"Film - BW","1:15000",1,"851516"
"2_00026",2,28636009,2011,"airphoto",1987,"1987-06-28",,"Film - BW","1:40000",1,"908321"
"2_00026",2,28636009,2011,"airphoto",1988,"1988-08-12",,"Film - BW","1:20000",2,"970995"
"2_00026",2,28636009,2011,"airphoto",1990,"1990-07-29",,"Film - BW","1:15000",5,"1063455"
"2_00026",2,28636009,2011,"airphoto",1991,"1991-09-08",,"Film - BW","1:15000",4,"600343"
"2_00026",2,28636009,2011,"airphoto",1996,"1996-07-07",,"Film - BW","1:40000",3,"127988"
"2_00026",2,28636009,2011,"airphoto",1997,"1997-08-10",,"Film - Colour","1:20000",2,"349071"
"2_00026",2,28636009,2011,"airphoto",2000,"2000-09-15",,"Film - Colour","1:30000",9,"455520"
"2_00026",2,28636009,2011,"airphoto",2012,"2012-07-13",,"Digital - Colour","1:50000",5,"2053006"
"2_00027",2,24519806,2011,"airphoto",1973,"1973-09-11",,"Film - BW","1:15000",2,"1368605"
"2_00027",2,24519806,2011,"airphoto",1977,"1977-07-25",,"Film - BW","1:20000",3,"1204476"
"2_00027",2,24519806,2011,"airphoto",1980,"1980-08-12",,"Film - BW","1:20000",4,"721854"
"2_00027",2,24519806,2011,"airphoto",1985,"1985-05-19",,"Film - BW","1:15000",4,"842903"
"2_00027",2,24519806,2011,"airphoto",1987,"1987-06-28",,"Film - BW","1:40000",2,"908291"
"2_00027",2,24519806,2011,"airphoto",1988,"1988-08-27",,"Film - Colour","1:10000",10,"998644"
"2_00027",2,24519806,2011,"airphoto",1990,"1990-07-26",,"Film - BW","1:15000",3,"1062629"
"2_00027",2,24519806,2011,"airphoto",1991,"1991-09-08",,"Film - BW","1:15000",2,"600414"
"2_00027",2,24519806,2011,"airphoto",1995,"1995-07-21",,"Film - BW","1:15000",2,"93830"
"2_00027",2,24519806,2011,"airphoto",1996,"1996-07-07",,"Film - BW","1:40000",3,"127889"
"2_00027",2,24519806,2011,"airphoto",1997,"1997-08-10",,"Film - Colour","1:20000",5,"349245"
"2_00027",2,24519806,2011,"airphoto",2000,"2000-08-04",,"Film - Colour","1:30000",3,"454646"
"2_00027",2,24519806,2011,"airphoto",2012,"2012-07-13",,"Digital - Colour","1:50000",3,"2052793"
"2_00027",2,24519806,2011,"orthophoto",2021,,0.14999999999998,,,1,
"2_00028",2,40636457,2011,"airphoto",1974,"1974-08-01",,"Film - BW","1:16000",5,"1308720"
"2_00028",2,40636457,2011,"airphoto",1977,"1977-08-14",,"Film - BW","1:20000",4,"1198967"
"2_00028",2,40636457,2011,"airphoto",1987,"1987-08-06",,"Film - Colour","1:10000",2,"528271"
"2_00028",2,40636457,2011,"airphoto",1988,"1988-09-12",,"Film - Colour","1:10000",6,"998846"
"2_00028",2,40636457,2011,"airphoto",1990,"1990-07-29",,"Film - BW","1:15000",3,"1063863"
"2_00028",2,40636457,2011,"airphoto",1994,"1994-07-27",,"Film - BW","1:15000",3,"74689"
"2_00028",2,40636457,2011,"airphoto",1995,"1995-09-16",,"Film - BW","1:15000",3,"94963"
"2_00028",2,40636457,2011,"airphoto",1996,"1996-07-07",,"Film - BW","1:40000",3,"128589"
"2_00028",2,40636457,2011,"airphoto",1999,"1999-10-02",,"Film - BW","1:15000",3,"389542"
"2_00028",2,40636457,2011,"airphoto",2000,"2000-09-15",,"Film - Colour","1:30000",2,"455507"
"2_00028",2,40636457,2011,"airphoto",2002,"2002-08-21",,"Film - Colour","1:30000",3,"643502"
"2_00028",2,40636457,2011,"airphoto",2006,"2006-08-19",,"Film - Colour","1:20000",5,"1587035"
"2_00028",2,40636457,2011,"airphoto",2012,"2012-07-14",,"Digital - Colour","1:50000",5,"2053511"
"2_00029",2,24467899,11005,"airphoto",1973,"1973-09-11",,"Film - BW","1:15000",2,"1368592"
"2_00029",2,24467899,11005,"airphoto",1977,"1977-07-25",,"Film - BW","1:20000",2,"1204466"
"2_00029",2,24467899,11005,"airphoto",1980,"1980-08-12",,"Film - BW","1:20000",5,"721845"
"2_00029",2,24467899,11005,"airphoto",1984,"1984-07-24",,"Film - BW","1:60000",3,"322852"
"2_00029",2,24467899,11005,"airphoto",1985,"1985-07-09",,"Film - BW","1:15000",2,"851360"
"2_00029",2,24467899,11005,"airphoto",1988,"1988-08-07",,"Film - BW","1:20000",2,"970864"
"2_00029",2,24467899,11005,"airphoto",1990,"1990-07-26",,"Film - BW","1:15000",2,"1062642"
"2_00029",2,24467899,11005,"airphoto",1991,"1991-09-08",,"Film - BW","1:15000",5,"600427"
"2_00029",2,24467899,11005,"airphoto",1996,"1996-07-07",,"Film - BW","1:40000",3,"127894"
"2_00029",2,24467899,11005,"airphoto",1997,"1997-08-10",,"Film - Colour","1:20000",6,"349255"
"2_00029",2,24467899,11005,"airphoto",2000,"2000-08-04",,"Film - Colour","1:30000",7,"454640"
"2_00029",2,24467899,11005,"airphoto",2012,"2012-07-13",,"Digital - Colour","1:50000",2,"2052780"
"2_00030",2,11632415,2005,"airphoto",1977,"1977-08-16",,"Film - BW","1:10000",6,"1204230"
"2_00030",2,11632415,2005,"airphoto",1984,"1984-09-14",,"Film - BW","1:18000",10,"681203"
"2_00030",2,11632415,2005,"airphoto",1985,"1985-06-20",,"Film - BW","1:15000",2,"850938"
"2_00030",2,11632415,2005,"airphoto",1988,"1988-07-21",,"Film - BW","1:20000",3,"970459"
"2_00030",2,11632415,2005,"airphoto",1991,"1991-07-22",,"Film - BW","1:15000",6,"599248"
"2_00030",2,11632415,2005,"airphoto",1996,"1996-07-07",,"Film - BW","1:40000",6,"128798"
"2_00030",2,11632415,2005,"airphoto",1997,"1997-08-17",,"Film - Colour","1:20000",3,"349494"
"2_00030",2,11632415,2005,"airphoto",2000,"2000-09-15",,"Film - Colour","1:30000",5,"455400"
"2_00030",2,11632415,2005,"airphoto",2005,"2005-07-25",,"Film - Colour","1:20000",3,"1529518"
"2_00030",2,11632415,2005,"airphoto",2012,"2012-07-06",,"Digital - Colour","1:50000",3,"2050407"
"2_00030",2,11632415,2005,"orthophoto",2021,,0.150000000000002,,,1,
"30_00001",30,11712320,2002,"airphoto",1977,"1977-07-25",,"Film - BW","1:20000",8,"1204313"
"30_00001",30,11712320,2002,"airphoto",1984,"1984-07-24",,"Film - BW","1:60000",2,"322892"
"30_00001",30,11712320,2002,"airphoto",1985,"1985-06-20",,"Film - BW","1:15000",2,"850935"
"30_00001",30,11712320,2002,"airphoto",1988,"1988-07-21",,"Film - BW","1:20000",6,"970456"
"30_00001",30,11712320,2002,"airphoto",1991,"1991-07-22",,"Film - BW","1:15000",5,"599243"
"30_00001",30,11712320,2002,"airphoto",1996,"1996-07-07",,"Film - BW","1:40000",6,"128796"
"30_00001",30,11712320,2002,"airphoto",1997,"1997-08-17",,"Film - Colour","1:20000",3,"349497"
"30_00001",30,11712320,2002,"airphoto",2000,"2000-09-15",,"Film - Colour","1:30000",6,"455398"
"30_00001",30,11712320,2002,"airphoto",2005,"2005-07-25",,"Film - Colour","1:20000",2,"1529515"
"30_00001",30,11712320,2002,"airphoto",2012,"2012-07-06",,"Digital - Colour","1:50000",2,"2050411"
"30_00001",30,11712320,2002,"orthophoto",2021,,0.149999999999998,,,1,
"30_00002",30,27705670,2002,"airphoto",1973,"1973-09-11",,"Film - BW","1:15000",3,"1368678"
"30_00002",30,27705670,2002,"airphoto",1974,"1974-06-14",,"Film - BW","1:20000",3,"1338837"
"30_00002",30,27705670,2002,"airphoto",1980,"1980-08-12",,"Film - BW","1:20000",4,"721748"
"30_00002",30,27705670,2002,"airphoto",1985,"1985-07-16",,"Film - BW","1:15000",2,"851516"
"30_00002",30,27705670,2002,"airphoto",1987,"1987-06-28",,"Film - BW","1:40000",1,"908321"
"30_00002",30,27705670,2002,"airphoto",1988,"1988-08-12",,"Film - BW","1:20000",4,"970994"
"30_00002",30,27705670,2002,"airphoto",1990,"1990-07-29",,"Film - BW","1:15000",3,"1063355"
"30_00002",30,27705670,2002,"airphoto",1991,"1991-09-08",,"Film - BW","1:15000",3,"600398"
"30_00002",30,27705670,2002,"airphoto",1996,"1996-07-07",,"Film - BW","1:40000",6,"127988"
"30_00002",30,27705670,2002,"airphoto",1997,"1997-08-10",,"Film - Colour","1:20000",6,"349071"
"30_00002",30,27705670,2002,"airphoto",2000,"2000-09-15",,"Film - Colour","1:30000",8,"455531"
"30_00002",30,27705670,2002,"airphoto",2012,"2012-07-13",,"Digital - Colour","1:50000",3,"2053006"
"30_00003",30,38395513,2002,"airphoto",1974,"1974-07-21",,"Film - BW","1:16000",3,"1316600"
"30_00003",30,38395513,2002,"airphoto",1985,"1985-05-16",,"Film - Colour","1:10000",5,"855780"
"30_00003",30,38395513,2002,"airphoto",1988,"1988-07-20",,"Film - BW","1:20000",6,"970094"
"30_00003",30,38395513,2002,"airphoto",1990,"1990-07-29",,"Film - BW","1:15000",3,"1063801"
"30_00003",30,38395513,2002,"airphoto",1995,"1995-09-16",,"Film - BW","1:15000",3,"94802"
"30_00003",30,38395513,2002,"airphoto",1996,"1996-07-07",,"Film - BW","1:40000",6,"128575"
"30_00003",30,38395513,2002,"airphoto",1997,"1997-08-10",,"Film - Colour","1:20000",3,"348949"
"30_00003",30,38395513,2002,"airphoto",2000,"2000-09-15",,"Film - Colour","1:30000",2,"455490"
"30_00003",30,38395513,2002,"airphoto",2002,"2002-08-16",,"Film - Colour","1:15000",2,"644992"
"30_00003",30,38395513,2002,"airphoto",2012,"2012-07-14",,"Digital - Colour","1:50000",4,"2053346"
"30_00004",30,38271149,2002,"airphoto",1974,"1974-07-21",,"Film - BW","1:16000",5,"1316606"
"30_00004",30,38271149,2002,"airphoto",1985,"1985-05-16",,"Film - Colour","1:10000",4,"855761"
"30_00004",30,38271149,2002,"airphoto",1988,"1988-07-20",,"Film - BW","1:20000",5,"970089"
"30_00004",30,38271149,2002,"airphoto",1990,"1990-07-29",,"Film - BW","1:15000",3,"1063809"
"30_00004",30,38271149,2002,"airphoto",1995,"1995-09-16",,"Film - BW","1:15000",3,"94795"
"30_00004",30,38271149,2002,"airphoto",1996,"1996-07-07",,"Film - BW","1:40000",4,"128578"
"30_00004",30,38271149,2002,"airphoto",1997,"1997-08-10",,"Film - Colour","1:20000",3,"348954"
"30_00004",30,38271149,2002,"airphoto",2000,"2000-09-15",,"Film - Colour","1:30000",3,"455493"
"30_00004",30,38271149,2002,"airphoto",2012,"2012-07-14",,"Digital - Colour","1:50000",2,"2053340"
"30_00005",30,5315195,11011,"airphoto",1980,"1980-08-12",,"Film - BW","1:20000",2,"721553"
"30_00005",30,5315195,11011,"airphoto",1984,"1984-07-24",,"Film - BW","1:60000",5,"322722"
"30_00005",30,5315195,11011,"airphoto",1985,"1985-05-19",,"Film - BW","1:15000",5,"842873"
"30_00005",30,5315195,11011,"airphoto",1986,"1986-07-21",,"Film - BW","1:60000",1,"327428"
"30_00005",30,5315195,11011,"airphoto",1988,"1988-07-21",,"Film - BW","1:20000",3,"970316"
"30_00005",30,5315195,11011,"airphoto",1989,"1989-05-14",,"Film - Colour","1:10000",3,"1045441"
"30_00005",30,5315195,11011,"airphoto",1991,"1991-07-22",,"Film - BW","1:15000",3,"599445"
"30_00005",30,5315195,11011,"airphoto",1996,"1996-07-12",,"Film - BW","1:40000",4,"129998"
"30_00005",30,5315195,11011,"airphoto",1997,"1997-08-16",,"Film - Colour","1:20000",4,"349728"
"30_00005",30,5315195,11011,"airphoto",2000,"2000-09-15",,"Film - Colour","1:30000",3,"455561"
"30_00005",30,5315195,11011,"airphoto",2012,"2012-07-13",,"Digital - Colour","1:50000",6,"2052212"
"30_00006",30,28830896,2002,"airphoto",1973,"1973-09-11",,"Film - BW","1:15000",3,"1368786"
"30_00006",30,28830896,2002,"airphoto",1980,"1980-08-12",,"Film - BW","1:20000",3,"721758"
"30_00006",30,28830896,2002,"airphoto",1985,"1985-07-16",,"Film - BW","1:15000",2,"851526"
"30_00006",30,28830896,2002,"airphoto",1987,"1987-06-28",,"Film - BW","1:40000",2,"908326"
"30_00006",30,28830896,2002,"airphoto",1988,"1988-08-12",,"Film - BW","1:20000",9,"970985"
"30_00006",30,28830896,2002,"airphoto",1990,"1990-07-29",,"Film - BW","1:15000",3,"1063439"
"30_00006",30,28830896,2002,"airphoto",1991,"1991-09-08",,"Film - BW","1:15000",1,"600330"
"30_00006",30,28830896,2002,"airphoto",1995,"1995-09-04",,"Film - BW","1:15000",3,"94508"
"30_00006",30,28830896,2002,"airphoto",1996,"1996-07-07",,"Film - BW","1:40000",2,"127993"
"30_00006",30,28830896,2002,"airphoto",1997,"1997-08-10",,"Film - Colour","1:20000",3,"349081"
"30_00006",30,28830896,2002,"airphoto",2000,"2000-09-15",,"Film - Colour","1:30000",5,"455513"
"30_00006",30,28830896,2002,"airphoto",2012,"2012-07-14",,"Digital - Colour","1:50000",5,"2053115"
"30_00006",30,28830896,2002,"orthophoto",2021,,0.149999999999998,,,2,
"30_00007",30,6352902,11011,"airphoto",1984,"1984-07-24",,"Film - BW","1:60000",6,"322894"
"30_00007",30,6352902,11011,"airphoto",1985,"1985-06-20",,"Film - BW","1:15000",9,"850727"
"30_00007",30,6352902,11011,"airphoto",1988,"1988-07-21",,"Film - BW","1:20000",4,"970316"
"30_00007",30,6352902,11011,"airphoto",1989,"1989-05-14",,"Film - Colour","1:10000",2,"1045481"
"30_00007",30,6352902,11011,"airphoto",1991,"1991-07-22",,"Film - BW","1:15000",3,"599444"
"30_00007",30,6352902,11011,"airphoto",1996,"1996-07-12",,"Film - BW","1:40000",6,"129997"
"30_00007",30,6352902,11011,"airphoto",1997,"1997-08-16",,"Film - Colour","1:20000",3,"349727"
"30_00007",30,6352902,11011,"airphoto",2000,"2000-09-15",,"Film - Colour","1:30000",5,"455446"
"30_00007",30,6352902,11011,"airphoto",2012,"2012-07-06",,"Digital - Colour","1:50000",5,"2050485"
"30_00008",30,20050824,4004,"airphoto",1969,"1969-08-06",,"Film - BW","1:16000",4,"779707"
"30_00008",30,20050824,4004,"airphoto",1971,"1971-08-12",,"Film - BW","1:31680",1,"1414787"
"30_00008",30,20050824,4004,"airphoto",1972,"1972-08-14",,"Film - BW","1:60000",1,"1384612"
"30_00008",30,20050824,4004,"airphoto",1975,"1975-09-08",,"Film - BW","1:15000",3,"1292729"
"30_00008",30,20050824,4004,"airphoto",1976,"1976-05-07",,"Film - BW","1:18000",6,"1225022"
"30_00008",30,20050824,4004,"airphoto",1977,"1977-08-16",,"Film - BW","1:10000",10,"1204151"
"30_00008",30,20050824,4004,"airphoto",1980,"1980-08-12",,"Film - BW","1:20000",3,"721908"
"30_00008",30,20050824,4004,"airphoto",1984,"1984-09-14",,"Film - BW","1:18000",14,"681120"
"30_00008",30,20050824,4004,"airphoto",1985,"1985-07-09",,"Film - BW","1:15000",2,"851201"
"30_00008",30,20050824,4004,"airphoto",1988,"1988-08-07",,"Film - BW","1:20000",2,"970703"
"30_00008",30,20050824,4004,"airphoto",1991,"1991-07-31",,"Film - BW","1:15000",5,"599939"
"30_00008",30,20050824,4004,"airphoto",1996,"1996-07-07",,"Film - BW","1:40000",3,"128682"
"30_00008",30,20050824,4004,"airphoto",1997,"1997-08-10",,"Film - Colour","1:20000",6,"349151"
"30_00008",30,20050824,4004,"airphoto",2000,"2000-09-15",,"Film - Colour","1:30000",6,"455309"
"30_00008",30,20050824,4004,"airphoto",2006,"2006-09-05",,"Film - Colour","1:20000",3,"1588750"
"30_00008",30,20050824,4004,"airphoto",2012,"2012-07-13",,"Digital - Colour","1:50000",5,"2052701"
"30_00008",30,20050824,4004,"orthophoto",2021,,0.150000000000002,,,1,
"30_00009",30,43368857,2002,"airphoto",1974,"1974-09-01",,"Film - BW","1:16000",2,"1310320"
"30_00009",30,43368857,2002,"airphoto",1987,"1987-08-06",,"Film - Colour","1:10000",2,"528211"
"30_00009",30,43368857,2002,"airphoto",1988,"1988-07-20",,"Film - BW","1:20000",2,"969764"
"30_00009",30,43368857,2002,"airphoto",1990,"1990-07-29",,"Film - BW","1:15000",6,"1063256"
"30_00009",30,43368857,2002,"airphoto",1995,"1995-09-23",,"Film - BW","1:15000",6,"95651"
"30_00009",30,43368857,2002,"airphoto",1996,"1996-07-12",,"Film - BW","1:40000",6,"129448"
"30_00009",30,43368857,2002,"airphoto",2000,"2000-09-19",,"Film - Colour","1:30000",3,"455808"
"30_00009",30,43368857,2002,"airphoto",2012,"2012-07-14",,"Digital - Colour","1:50000",2,"2053563"
"30_00010",30,38038694,11011,"airphoto",1974,"1974-07-21",,"Film - BW","1:16000",6,"1316607"
"30_00010",30,38038694,11011,"airphoto",1985,"1985-05-16",,"Film - Colour","1:10000",3,"855760"
"30_00010",30,38038694,11011,"airphoto",1988,"1988-07-20",,"Film - BW","1:20000",3,"970088"
"30_00010",30,38038694,11011,"airphoto",1990,"1990-07-29",,"Film - BW","1:15000",3,"1063810"
"30_00010",30,38038694,11011,"airphoto",1995,"1995-09-16",,"Film - BW","1:15000",3,"94794"
"30_00010",30,38038694,11011,"airphoto",1996,"1996-07-07",,"Film - BW","1:40000",6,"128578"
"30_00010",30,38038694,11011,"airphoto",1997,"1997-08-10",,"Film - Colour","1:20000",2,"348955"
"30_00010",30,38038694,11011,"airphoto",2000,"2000-09-15",,"Film - Colour","1:30000",2,"455493"
"30_00010",30,38038694,11011,"airphoto",2012,"2012-07-14",,"Digital - Colour","1:50000",2,"2053339"
"30_00011",30,31387042,2002,"airphoto",1971,"1971-08-30",,"Film - BW","1:31680",2,"1414858"
"30_00011",30,31387042,2002,"airphoto",1973,"1973-09-11",,"Film - BW","1:15000",5,"1368737"
"30_00011",30,31387042,2002,"airphoto",1980,"1980-08-12",,"Film - BW","1:20000",3,"721714"
"30_00011",30,31387042,2002,"airphoto",1985,"1985-07-16",,"Film - BW","1:15000",2,"851577"
"30_00011",30,31387042,2002,"airphoto",1988,"1988-09-03",,"Film - BW","1:20000",2,"971277"
"30_00011",30,31387042,2002,"airphoto",1990,"1990-07-29",,"Film - BW","1:15000",3,"1063496"
"30_00011",30,31387042,2002,"airphoto",1995,"1995-09-01",,"Film - BW","1:15000",6,"94125"
"30_00011",30,31387042,2002,"airphoto",1996,"1996-07-07",,"Film - BW","1:40000",6,"127973"
"30_00011",30,31387042,2002,"airphoto",2000,"2000-09-23",,"Film - BW","1:15000",8,"468446"
"30_00011",30,31387042,2002,"airphoto",2006,"2006-08-17",,"Film - Colour","1:20000",3,"1586828"
"30_00011",30,31387042,2002,"airphoto",2012,"2012-07-14",,"Digital - Colour","1:50000",2,"2053065"
"30_00012",30,16944988,5005,"airphoto",1977,"1977-08-16",,"Film - BW","1:10000",6,"1203857"
"30_00012",30,16944988,5005,"airphoto",1984,"1984-07-24",,"Film - BW","1:60000",3,"322852"
"30_00012",30,16944988,5005,"airphoto",1985,"1985-06-20",,"Film - BW","1:15000",2,"851127"
"30_00012",30,16944988,5005,"airphoto",1988,"1988-08-07",,"Film - BW","1:20000",2,"970762"
"30_00012",30,16944988,5005,"airphoto",1991,"1991-07-22",,"Film - BW","1:15000",2,"599396"
"30_00012",30,16944988,5005,"airphoto",1996,"1996-07-07",,"Film - BW","1:40000",4,"128767"
"30_00012",30,16944988,5005,"airphoto",1997,"1997-08-17",,"Film - Colour","1:20000",5,"349332"
"30_00012",30,16944988,5005,"airphoto",2000,"2000-09-15",,"Film - Colour","1:30000",3,"455349"
"30_00012",30,16944988,5005,"airphoto",2005,"2005-07-25",,"Film - Colour","1:20000",5,"1529492"
"30_00012",30,16944988,5005,"airphoto",2012,"2012-07-06",,"Digital - Colour","1:50000",2,"2050232"
"30_00012",30,16944988,5005,"orthophoto",2021,,0.149999999999999,,,2,
"30_00013",30,27616646,11011,"airphoto",1973,"1973-09-11",,"Film - BW","1:15000",3,"1368681"
"30_00013",30,27616646,11011,"airphoto",1980,"1980-08-12",,"Film - BW","1:20000",6,"721746"
"30_00013",30,27616646,11011,"airphoto",1985,"1985-07-09",,"Film - BW","1:15000",3,"851389"
"30_00013",30,27616646,11011,"airphoto",1988,"1988-08-12",,"Film - BW","1:20000",4,"970997"
"30_00013",30,27616646,11011,"airphoto",1990,"1990-07-29",,"Film - BW","1:15000",3,"1063352"
"30_00013",30,27616646,11011,"airphoto",1991,"1991-09-08",,"Film - BW","1:15000",3,"600395"
"30_00013",30,27616646,11011,"airphoto",1996,"1996-07-07",,"Film - BW","1:40000",4,"127987"
"30_00013",30,27616646,11011,"airphoto",1997,"1997-08-10",,"Film - Colour","1:20000",4,"349103"
"30_00013",30,27616646,11011,"airphoto",2000,"2000-08-04",,"Film - Colour","1:30000",10,"454640"
"30_00013",30,27616646,11011,"airphoto",2012,"2012-07-13",,"Digital - Colour","1:50000",3,"2053009"
"30_00014",30,21934961,11011,"airphoto",1973,"1973-09-11",,"Film - BW","1:15000",2,"1368492"
"30_00014",30,21934961,11011,"airphoto",1977,"1977-08-16",,"Film - BW","1:10000",5,"1204109"
"30_00014",30,21934961,11011,"airphoto",1980,"1980-08-12",,"Film - BW","1:20000",6,"721853"
"30_00014",30,21934961,11011,"airphoto",1984,"1984-07-24",,"Film - BW","1:60000",2,"322850"
"30_00014",30,21934961,11011,"airphoto",1985,"1985-07-09",,"Film - BW","1:15000",4,"851369"
"30_00014",30,21934961,11011,"airphoto",1987,"1987-06-28",,"Film - BW","1:40000",3,"908291"
"30_00014",30,21934961,11011,"airphoto",1988,"1988-08-27",,"Film - Colour","1:10000",8,"998618"
"30_00014",30,21934961,11011,"airphoto",1990,"1990-07-26",,"Film - BW","1:15000",3,"1062565"
"30_00014",30,21934961,11011,"airphoto",1991,"1991-09-08",,"Film - BW","1:15000",4,"600489"
"30_00014",30,21934961,11011,"airphoto",1996,"1996-07-07",,"Film - BW","1:40000",4,"127889"
"30_00014",30,21934961,11011,"airphoto",1997,"1997-08-10",,"Film - Colour","1:20000",4,"349247"
"30_00014",30,21934961,11011,"airphoto",2000,"2000-09-15",,"Film - Colour","1:30000",2,"455297"
"30_00014",30,21934961,11011,"airphoto",2012,"2012-07-13",,"Digital - Colour","1:50000",6,"2052678"
"30_00015",30,35424922,2002,"airphoto",1973,"1973-09-15",,"Film - BW","1:15000",3,"1368976"
"30_00015",30,35424922,2002,"airphoto",1974,"1974-07-21",,"Film - BW","1:16000",2,"1316515"
"30_00015",30,35424922,2002,"airphoto",1980,"1980-08-12",,"Film - BW","1:20000",2,"721298"
"30_00015",30,35424922,2002,"airphoto",1985,"1985-07-16",,"Film - BW","1:15000",1,"851675"
"30_00015",30,35424922,2002,"airphoto",1987,"1987-06-28",,"Film - BW","1:40000",1,"908365"
"30_00015",30,35424922,2002,"airphoto",1988,"1988-07-20",,"Film - BW","1:20000",5,"970150"
"30_00015",30,35424922,2002,"airphoto",1990,"1990-07-29",,"Film - BW","1:15000",3,"1063725"
"30_00015",30,35424922,2002,"airphoto",1995,"1995-09-16",,"Film - BW","1:15000",2,"94707"
"30_00015",30,35424922,2002,"airphoto",1996,"1996-07-07",,"Film - BW","1:40000",7,"128662"
"30_00015",30,35424922,2002,"airphoto",1997,"1997-08-10",,"Film - Colour","1:20000",3,"348996"
"30_00015",30,35424922,2002,"airphoto",2000,"2000-09-15",,"Film - Colour","1:30000",3,"455249"
"30_00015",30,35424922,2002,"airphoto",2002,"2002-08-16",,"Film - Colour","1:15000",5,"645069"
"30_00015",30,35424922,2002,"airphoto",2012,"2012-07-14",,"Digital - Colour","1:50000",6,"2053253"
"30_00016",30,47119959,2002,"airphoto",1971,"1971-08-12",,"Film - BW","1:31680",2,"1414821"
"30_00016",30,47119959,2002,"airphoto",1974,"1974-08-02",,"Film - BW","1:16000",6,"1316640"
"30_00016",30,47119959,2002,"airphoto",1979,"1979-08-24",,"Film - BW","1:15840",3,"1123434"
"30_00016",30,47119959,2002,"airphoto",1987,"1987-08-06",,"Film - Colour","1:10000",5,"528715"
"30_00016",30,47119959,2002,"airphoto",1988,"1988-09-12",,"Film - Colour","1:10000",12,"999000"
"30_00016",30,47119959,2002,"airphoto",1992,"1992-07-19",,"Film - BW","1:15000",2,"587447"
"30_00016",30,47119959,2002,"airphoto",1995,"1995-09-04",,"Film - BW","1:15000",3,"94371"
"30_00016",30,47119959,2002,"airphoto",1996,"1996-07-12",,"Film - BW","1:40000",6,"129457"
"30_00016",30,47119959,2002,"airphoto",2000,"2000-09-19",,"Film - Colour","1:30000",3,"455776"
"30_00016",30,47119959,2002,"airphoto",2012,"2012-07-14",,"Digital - Colour","1:50000",6,"2053689"
"30_00017",30,37926020,11011,"airphoto",1974,"1974-07-21",,"Film - BW","1:16000",6,"1316480"
"30_00017",30,37926020,11011,"airphoto",1977,"1977-08-14",,"Film - BW","1:20000",2,"1198815"
"30_00017",30,37926020,11011,"airphoto",1985,"1985-05-15",,"Film - Colour","1:10000",5,"855848"
"30_00017",30,37926020,11011,"airphoto",1988,"1988-07-20",,"Film - BW","1:20000",2,"970068"
"30_00017",30,37926020,11011,"airphoto",1990,"1990-07-29",,"Film - BW","1:15000",6,"1063839"
"30_00017",30,37926020,11011,"airphoto",1994,"1994-07-27",,"Film - BW","1:15000",2,"74686"
"30_00017",30,37926020,11011,"airphoto",1995,"1995-09-16",,"Film - BW","1:15000",5,"94767"
"30_00017",30,37926020,11011,"airphoto",1996,"1996-07-07",,"Film - BW","1:40000",6,"128589"
"30_00017",30,37926020,11011,"airphoto",2000,"2000-09-23",,"Film - BW","1:15000",14,"468708"
"30_00017",30,37926020,11011,"airphoto",2006,"2006-08-19",,"Film - Colour","1:20000",5,"1587029"
"30_00017",30,37926020,11011,"airphoto",2012,"2012-07-14",,"Digital - Colour","1:50000",6,"2053312"
"30_00018",30,34422667,11011,"airphoto",1973,"1973-09-15",,"Film - BW","1:15000",3,"1368979"
"30_00018",30,34422667,11011,"airphoto",1980,"1980-08-12",,"Film - BW","1:20000",3,"721300"
"30_00018",30,34422667,11011,"airphoto",1985,"1985-07-16",,"Film - BW","1:15000",2,"851677"
"30_00018",30,34422667,11011,"airphoto",1987,"1987-06-28",,"Film - BW","1:40000",2,"908364"
"30_00018",30,34422667,11011,"airphoto",1988,"1988-07-20",,"Film - BW","1:20000",3,"970148"
"30_00018",30,34422667,11011,"airphoto",1990,"1990-07-29",,"Film - BW","1:15000",6,"1063605"
"30_00018",30,34422667,11011,"airphoto",1995,"1995-09-16",,"Film - BW","1:15000",2,"94605"
"30_00018",30,34422667,11011,"airphoto",1996,"1996-07-07",,"Film - BW","1:40000",3,"128663"
"30_00018",30,34422667,11011,"airphoto",1997,"1997-08-10",,"Film - Colour","1:20000",2,"348998"
"30_00018",30,34422667,11011,"airphoto",2000,"2000-09-15",,"Film - Colour","1:30000",2,"455250"
"30_00018",30,34422667,11011,"airphoto",2002,"2002-08-16",,"Film - Colour","1:15000",2,"645066"
"30_00018",30,34422667,11011,"airphoto",2012,"2012-07-14",,"Digital - Colour","1:50000",2,"2053250"
"30_00018",30,34422667,11011,"airphoto",2019,"2019-08-28",,"Digital - Colour","9600",3,"2327630"
"30_00019",30,42240066,2002,"airphoto",1974,"1974-09-01",,"Film - BW","1:16000",5,"1310308"
"30_00019",30,42240066,2002,"airphoto",1987,"1987-06-28",,"Film - BW","1:40000",2,"908366"
"30_00019",30,42240066,2002,"airphoto",1988,"1988-07-20",,"Film - BW","1:20000",5,"969773"
"30_00019",30,42240066,2002,"airphoto",1990,"1990-07-29",,"Film - BW","1:15000",2,"1063242"
"30_00019",30,42240066,2002,"airphoto",1995,"1995-09-23",,"Film - BW","1:15000",2,"95664"
"30_00019",30,42240066,2002,"airphoto",1996,"1996-07-12",,"Film - BW","1:40000",4,"129442"
"30_00019",30,42240066,2002,"airphoto",2000,"2000-09-19",,"Film - Colour","1:30000",3,"455814"
"30_00019",30,42240066,2002,"airphoto",2002,"2002-08-16",,"Film - Colour","1:15000",5,"644900"
"30_00019",30,42240066,2002,"airphoto",2012,"2012-07-14",,"Digital - Colour","1:50000",6,"2053576"
"30_00020",30,31273102,2002,"airphoto",1973,"1973-09-15",,"Film - BW","1:15000",3,"1368863"
"30_00020",30,31273102,2002,"airphoto",1980,"1980-08-12",,"Film - BW","1:20000",2,"721677"
"30_00020",30,31273102,2002,"airphoto",1985,"1985-07-16",,"Film - BW","1:15000",2,"851540"
"30_00020",30,31273102,2002,"airphoto",1987,"1987-06-28",,"Film - BW","1:40000",5,"908325"
"30_00020",30,31273102,2002,"airphoto",1988,"1988-08-27",,"Film - Colour","1:10000",4,"998773"
"30_00020",30,31273102,2002,"airphoto",1990,"1990-07-29",,"Film - BW","1:15000",3,"1063548"
"30_00020",30,31273102,2002,"airphoto",1991,"1991-09-08",,"Film - BW","1:15000",2,"600327"
"30_00020",30,31273102,2002,"airphoto",1995,"1995-09-04",,"Film - BW","1:15000",2,"94418"
"30_00020",30,31273102,2002,"airphoto",1996,"1996-07-07",,"Film - BW","1:40000",7,"127993"
"30_00020",30,31273102,2002,"airphoto",1997,"1997-08-10",,"Film - Colour","1:20000",3,"349015"
"30_00020",30,31273102,2002,"airphoto",2000,"2000-08-04",,"Film - Colour","1:30000",6,"454589"
"30_00020",30,31273102,2002,"airphoto",2002,"2002-08-16",,"Film - Colour","1:15000",2,"645094"
"30_00020",30,31273102,2002,"airphoto",2012,"2012-07-14",,"Digital - Colour","1:50000",5,"2053113"
"30_00020",30,31273102,2002,"orthophoto",2021,,0.149999999999999,,,1,
"30_00021",30,51565928,2002,"airphoto",1974,"1974-08-03",,"Film - BW","1:16000",2,"1308846"
"30_00021",30,51565928,2002,"airphoto",1979,"1979-07-29",,"Film - BW","1:15840",3,"1123381"
"30_00021",30,51565928,2002,"airphoto",1986,"1986-05-31",,"Film - Colour","1:10000",3,"892000"
"30_00021",30,51565928,2002,"airphoto",1987,"1987-08-06",,"Film - Colour","1:10000",4,"528476"
"30_00021",30,51565928,2002,"airphoto",1988,"1988-09-17",,"Film - Colour","1:10000",2,"999207"
"30_00021",30,51565928,2002,"airphoto",1992,"1992-07-18",,"Film - BW","1:15000",6,"587386"
"30_00021",30,51565928,2002,"airphoto",1995,"1995-09-04",,"Film - BW","1:15000",3,"94158"
"30_00021",30,51565928,2002,"airphoto",1996,"1996-07-12",,"Film - BW","1:40000",6,"129012"
"30_00021",30,51565928,2002,"airphoto",2000,"2000-09-22",,"Film - Colour","1:30000",3,"455956"
"30_00021",30,51565928,2002,"airphoto",2012,"2012-07-14",,"Digital - Colour","1:50000",2,"2053728"
"30_00022",30,44046390,2002,"airphoto",1974,"1974-09-01",,"Film - BW","1:16000",5,"1310304"
"30_00022",30,44046390,2002,"airphoto",1975,"1975-01-14",,"Film - BW","1:12000",3,"1263827"
"30_00022",30,44046390,2002,"airphoto",1987,"1987-06-28",,"Film - BW","1:40000",4,"908392"
"30_00022",30,44046390,2002,"airphoto",1988,"1988-07-20",,"Film - BW","1:20000",6,"969776"
"30_00022",30,44046390,2002,"airphoto",1989,"1989-05-13",,"Film - Colour","1:10000",2,"1045339"
"30_00022",30,44046390,2002,"airphoto",1990,"1990-07-29",,"Film - BW","1:15000",3,"1063309"
"30_00022",30,44046390,2002,"airphoto",1995,"1995-09-20",,"Film - BW","1:15000",3,"95856"
"30_00022",30,44046390,2002,"airphoto",1996,"1996-07-12",,"Film - BW","1:40000",3,"129441"
"30_00022",30,44046390,2002,"airphoto",2000,"2000-09-19",,"Film - Colour","1:30000",10,"455816"
"30_00022",30,44046390,2002,"airphoto",2002,"2002-08-16",,"Film - Colour","1:15000",5,"644896"
"30_00022",30,44046390,2002,"airphoto",2012,"2012-07-14",,"Digital - Colour","1:50000",5,"2053580"
"30_00022",30,44046390,2002,"airphoto",2019,"2019-08-28",,"Digital - Colour","9600",2,"2327540"
"30_00022",30,44046390,2002,"orthophoto",2021,,0.149999999999999,,,2,
"30_00023",30,19934592,4004,"airphoto",1969,"1969-08-06",,"Film - BW","1:16000",4,"779707"
"30_00023",30,19934592,4004,"airphoto",1971,"1971-08-12",,"Film - BW","1:31680",1,"1414787"
"30_00023",30,19934592,4004,"airphoto",1972,"1972-08-14",,"Film - BW","1:60000",1,"1384612"
"30_00023",30,19934592,4004,"airphoto",1975,"1975-09-08",,"Film - BW","1:15000",3,"1292729"
"30_00023",30,19934592,4004,"airphoto",1976,"1976-05-07",,"Film - BW","1:18000",5,"1225006"
"30_00023",30,19934592,4004,"airphoto",1977,"1977-08-16",,"Film - BW","1:10000",9,"1204152"
"30_00023",30,19934592,4004,"airphoto",1980,"1980-08-12",,"Film - BW","1:20000",2,"721909"
"30_00023",30,19934592,4004,"airphoto",1984,"1984-09-14",,"Film - BW","1:18000",12,"681119"
"30_00023",30,19934592,4004,"airphoto",1985,"1985-07-09",,"Film - BW","1:15000",2,"851202"
"30_00023",30,19934592,4004,"airphoto",1988,"1988-08-07",,"Film - BW","1:20000",3,"970703"
"30_00023",30,19934592,4004,"airphoto",1991,"1991-07-31",,"Film - BW","1:15000",5,"599939"
"30_00023",30,19934592,4004,"airphoto",1996,"1996-07-07",,"Film - BW","1:40000",2,"128683"
"30_00023",30,19934592,4004,"airphoto",1997,"1997-08-10",,"Film - Colour","1:20000",5,"349151"
"30_00023",30,19934592,4004,"airphoto",2000,"2000-09-15",,"Film - Colour","1:30000",6,"455309"
"30_00023",30,19934592,4004,"airphoto",2006,"2006-09-05",,"Film - Colour","1:20000",4,"1588750"
"30_00023",30,19934592,4004,"airphoto",2012,"2012-07-06",,"Digital - Colour","1:50000",5,"2050217"
"30_00023",30,19934592,4004,"orthophoto",2021,,0.150000000000001,,,1,
"30_00024",30,30378746,11011,"airphoto",1973,"1973-09-11",,"Film - BW","1:15000",5,"1368783"
"30_00024",30,30378746,11011,"airphoto",1975,"1975-01-14",,"Film - BW","1:12000",1,"1263841"
"30_00024",30,30378746,11011,"airphoto",1980,"1980-08-12",,"Film - BW","1:20000",5,"721678"
"30_00024",30,30378746,11011,"airphoto",1985,"1985-07-16",,"Film - BW","1:15000",2,"851541"
"30_00024",30,30378746,11011,"airphoto",1987,"1987-06-28",,"Film - BW","1:40000",5,"908325"
"30_00024",30,30378746,11011,"airphoto",1988,"1988-08-27",,"Film - Colour","1:10000",6,"998771"
"30_00024",30,30378746,11011,"airphoto",1990,"1990-07-29",,"Film - BW","1:15000",6,"1063547"
"30_00024",30,30378746,11011,"airphoto",1991,"1991-09-08",,"Film - BW","1:15000",5,"600332"
"30_00024",30,30378746,11011,"airphoto",1995,"1995-09-04",,"Film - BW","1:15000",3,"94416"
"30_00024",30,30378746,11011,"airphoto",1996,"1996-07-07",,"Film - BW","1:40000",7,"127992"
"30_00024",30,30378746,11011,"airphoto",1997,"1997-08-10",,"Film - Colour","1:20000",6,"349016"
"30_00024",30,30378746,11011,"airphoto",2000,"2000-09-15",,"Film - Colour","1:30000",6,"455514"
"30_00024",30,30378746,11011,"airphoto",2012,"2012-07-14",,"Digital - Colour","1:50000",3,"2053112"
"30_00024",30,30378746,11011,"orthophoto",2021,,0.15,,,1,
"30_00025",30,38119234,11011,"airphoto",1974,"1974-07-21",,"Film - BW","1:16000",5,"1316607"
"30_00025",30,38119234,11011,"airphoto",1985,"1985-05-16",,"Film - Colour","1:10000",3,"855760"
"30_00025",30,38119234,11011,"airphoto",1988,"1988-07-20",,"Film - BW","1:20000",3,"970088"
"30_00025",30,38119234,11011,"airphoto",1990,"1990-07-29",,"Film - BW","1:15000",3,"1063810"
"30_00025",30,38119234,11011,"airphoto",1995,"1995-09-16",,"Film - BW","1:15000",3,"94794"
"30_00025",30,38119234,11011,"airphoto",1996,"1996-07-07",,"Film - BW","1:40000",6,"128578"
"30_00025",30,38119234,11011,"airphoto",1997,"1997-08-10",,"Film - Colour","1:20000",3,"348955"
"30_00025",30,38119234,11011,"airphoto",2000,"2000-09-15",,"Film - Colour","1:30000",2,"455493"
"30_00025",30,38119234,11011,"airphoto",2012,"2012-07-14",,"Digital - Colour","1:50000",2,"2053338"
"30_00026",30,44714786,11011,"airphoto",1974,"1974-08-01",,"Film - BW","1:16000",3,"1308762"
"30_00026",30,44714786,11011,"airphoto",1979,"1979-08-24",,"Film - BW","1:15840",3,"1123451"
"30_00026",30,44714786,11011,"airphoto",1987,"1987-08-06",,"Film - Colour","1:10000",2,"528690"
"30_00026",30,44714786,11011,"airphoto",1988,"1988-09-12",,"Film - Colour","1:10000",5,"998935"
"30_00026",30,44714786,11011,"airphoto",1989,"1989-06-12",,"Film - BW","1:15000",1,"1021989"
"30_00026",30,44714786,11011,"airphoto",1992,"1992-07-19",,"Film - BW","1:15000",2,"587482"
"30_00026",30,44714786,11011,"airphoto",1995,"1995-09-20",,"Film - BW","1:15000",5,"95807"
"30_00026",30,44714786,11011,"airphoto",1996,"1996-07-12",,"Film - BW","1:40000",2,"129460"
"30_00026",30,44714786,11011,"airphoto",1999,"1999-10-02",,"Film - BW","1:15000",2,"389625"
"30_00026",30,44714786,11011,"airphoto",2000,"2000-09-19",,"Film - Colour","1:30000",2,"455793"
"30_00026",30,44714786,11011,"airphoto",2002,"2002-08-21",,"Film - Colour","1:30000",2,"643577"
"30_00026",30,44714786,11011,"airphoto",2006,"2006-08-19",,"Film - Colour","1:20000",1,"1587128"
"30_00026",30,44714786,11011,"airphoto",2012,"2012-07-14",,"Digital - Colour","1:50000",2,"2053532"
"30_00027",30,25694693,2002,"airphoto",1971,"1971-08-12",,"Film - BW","1:31680",2,"1414788"
"30_00027",30,25694693,2002,"airphoto",1972,"1972-08-14",,"Film - BW","1:60000",1,"1384612"
"30_00027",30,25694693,2002,"airphoto",1973,"1973-09-11",,"Film - BW","1:15000",2,"1368584"
"30_00027",30,25694693,2002,"airphoto",1980,"1980-08-12",,"Film - BW","1:20000",6,"721790"
"30_00027",30,25694693,2002,"airphoto",1984,"1984-09-14",,"Film - BW","1:18000",5,"681255"
"30_00027",30,25694693,2002,"airphoto",1985,"1985-07-09",,"Film - BW","1:15000",2,"851396"
"30_00027",30,25694693,2002,"airphoto",1988,"1988-08-12",,"Film - BW","1:20000",2,"971026"
"30_00027",30,25694693,2002,"airphoto",1990,"1990-07-26",,"Film - BW","1:15000",2,"1062651"
"30_00027",30,25694693,2002,"airphoto",1991,"1991-09-08",,"Film - BW","1:15000",2,"600437"
"30_00027",30,25694693,2002,"airphoto",1996,"1996-07-07",,"Film - BW","1:40000",3,"127898"
"30_00027",30,25694693,2002,"airphoto",1997,"1997-08-10",,"Film - Colour","1:20000",5,"349109"
"30_00027",30,25694693,2002,"airphoto",2000,"2000-08-04",,"Film - Colour","1:30000",3,"454636"
"30_00027",30,25694693,2002,"airphoto",2005,"2005-07-25",,"Film - Colour","1:20000",2,"1529439"
"30_00027",30,25694693,2002,"airphoto",2012,"2012-07-13",,"Digital - Colour","1:50000",5,"2052770"
"30_00028",30,52711906,11011,"airphoto",1979,"1979-07-29",,"Film - BW","1:15840",4,"1123341"
"30_00028",30,52711906,11011,"airphoto",1987,"1987-08-06",,"Film - Colour","1:10000",3,"528486"
"30_00028",30,52711906,11011,"airphoto",1988,"1988-09-12",,"Film - Colour","1:10000",5,"999056"
"30_00028",30,52711906,11011,"airphoto",1989,"1989-06-12",,"Film - BW","1:15000",3,"1021776"
"30_00028",30,52711906,11011,"airphoto",1992,"1992-07-18",,"Film - BW","1:15000",4,"587379"
"30_00028",30,52711906,11011,"airphoto",1994,"1994-08-18",,"Film - BW","1:15000",5,"76541"
"30_00028",30,52711906,11011,"airphoto",1995,"1995-09-04",,"Film - BW","1:15000",6,"94150"
"30_00028",30,52711906,11011,"airphoto",1996,"1996-07-07",,"Film - BW","1:40000",6,"127809"
"30_00028",30,52711906,11011,"airphoto",1999,"1999-10-03",,"Film - BW","1:15000",3,"389770"
"30_00028",30,52711906,11011,"airphoto",2000,"2000-09-22",,"Film - Colour","1:30000",4,"455952"
"30_00028",30,52711906,11011,"airphoto",2002,"2002-08-21",,"Film - Colour","1:30000",3,"643578"
"30_00028",30,52711906,11011,"airphoto",2006,"2006-09-07",,"Film - Colour","1:20000",2,"1588955"
"30_00028",30,52711906,11011,"airphoto",2012,"2012-07-14",,"Digital - Colour","1:50000",6,"2053720"
"30_00029",30,6245425,2002,"airphoto",1984,"1984-07-24",,"Film - BW","1:60000",5,"322894"
"30_00029",30,6245425,2002,"airphoto",1985,"1985-06-20",,"Film - BW","1:15000",11,"850726"
"30_00029",30,6245425,2002,"airphoto",1986,"1986-07-21",,"Film - BW","1:60000",1,"327428"
"30_00029",30,6245425,2002,"airphoto",1988,"1988-07-21",,"Film - BW","1:20000",5,"970316"
"30_00029",30,6245425,2002,"airphoto",1989,"1989-05-14",,"Film - Colour","1:10000",3,"1045480"
"30_00029",30,6245425,2002,"airphoto",1991,"1991-07-22",,"Film - BW","1:15000",2,"599445"
"30_00029",30,6245425,2002,"airphoto",1996,"1996-07-12",,"Film - BW","1:40000",6,"129998"
"30_00029",30,6245425,2002,"airphoto",1997,"1997-08-16",,"Film - Colour","1:20000",3,"349728"
"30_00029",30,6245425,2002,"airphoto",2000,"2000-09-15",,"Film - Colour","1:30000",5,"455561"
"30_00029",30,6245425,2002,"airphoto",2012,"2012-07-06",,"Digital - Colour","1:50000",5,"2050484"
"30_00030",30,32660818,11011,"airphoto",1973,"1973-09-15",,"Film - BW","1:15000",3,"1368873"
"30_00030",30,32660818,11011,"airphoto",1980,"1980-08-12",,"Film - BW","1:20000",3,"721684"
"30_00030",30,32660818,11011,"airphoto",1985,"1985-07-16",,"Film - BW","1:15000",2,"851547"
"30_00030",30,32660818,11011,"airphoto",1987,"1987-06-28",,"Film - BW","1:40000",4,"908365"
"30_00030",30,32660818,11011,"airphoto",1988,"1988-08-27",,"Film - Colour","1:10000",6,"998802"
"30_00030",30,32660818,11011,"airphoto",1990,"1990-07-29",,"Film - BW","1:15000",6,"1063608"
"30_00030",30,32660818,11011,"airphoto",1991,"1991-09-08",,"Film - BW","1:15000",3,"600318"
"30_00030",30,32660818,11011,"airphoto",1995,"1995-09-16",,"Film - BW","1:15000",2,"94602"
"30_00030",30,32660818,11011,"airphoto",1996,"1996-07-07",,"Film - BW","1:40000",6,"128662"
"30_00030",30,32660818,11011,"airphoto",1997,"1997-08-10",,"Film - Colour","1:20000",3,"349022"
"30_00030",30,32660818,11011,"airphoto",2000,"2000-09-15",,"Film - Colour","1:30000",8,"455249"
"30_00030",30,32660818,11011,"airphoto",2002,"2002-08-16",,"Film - Colour","1:15000",2,"645085"
"30_00030",30,32660818,11011,"airphoto",2012,"2012-07-14",,"Digital - Colour","1:50000",6,"2053252"
"31_00001",31,23846734,2002,"airphoto",1963,"1963-05-17",,"Film - BW","1:32000",3,"1473989"
"31_00001",31,23846734,2002,"airphoto",1971,"1971-08-30",,"Film - BW","1:31680",6,"1414855"
"31_00001",31,23846734,2002,"airphoto",1972,"1972-08-14",,"Film - BW","1:60000",3,"1384618"
"31_00001",31,23846734,2002,"airphoto",1973,"1973-09-11",,"Film - BW","1:15000",2,"1368538"
"31_00001",31,23846734,2002,"airphoto",1977,"1977-07-25",,"Film - BW","1:20000",5,"1204438"
"31_00001",31,23846734,2002,"airphoto",1979,"1979-08-25",,"Film - BW","1:10000",9,"1139813"
"31_00001",31,23846734,2002,"airphoto",1980,"1980-08-12",,"Film - BW","1:20000",3,"721818"
"31_00001",31,23846734,2002,"airphoto",1984,"1984-07-24",,"Film - BW","1:60000",2,"322861"
"31_00001",31,23846734,2002,"airphoto",1985,"1985-05-15",,"Film - Colour","1:10000",3,"855881"
"31_00001",31,23846734,2002,"airphoto",1988,"1988-08-07",,"Film - BW","1:20000",2,"970890"
"31_00001",31,23846734,2002,"airphoto",1990,"1990-07-26",,"Film - BW","1:15000",3,"1062519"
"31_00001",31,23846734,2002,"airphoto",1994,"1994-06-23",,"Film - BW","1:15000",1,"73768"
"31_00001",31,23846734,2002,"airphoto",1995,"1995-07-21",,"Film - BW","1:15000",3,"93702"
"31_00001",31,23846734,2002,"airphoto",1996,"1996-07-07",,"Film - BW","1:40000",6,"127909"
"31_00001",31,23846734,2002,"airphoto",1997,"1997-08-10",,"Film - Colour","1:20000",2,"349282"
"31_00001",31,23846734,2002,"airphoto",1999,"1999-09-20",,"Film - BW","1:15000",2,"389238"
"31_00001",31,23846734,2002,"airphoto",2000,"2000-09-15",,"Film - Colour","1:30000",4,"455320"
"31_00001",31,23846734,2002,"airphoto",2002,"2002-08-21",,"Film - Colour","1:30000",4,"643735"
"31_00001",31,23846734,2002,"airphoto",2006,"2006-08-17",,"Film - Colour","1:20000",5,"1586905"
"31_00001",31,23846734,2002,"airphoto",2012,"2012-07-13",,"Digital - Colour","1:50000",6,"2052725"
"31_00001",31,23846734,2002,"orthophoto",2021,,0.150000000000001,,,1,
"31_00002",31,19824958,2002,"airphoto",1974,"1974-06-14",,"Film - BW","1:20000",4,"1338842"
"31_00002",31,19824958,2002,"airphoto",1975,"1975-09-08",,"Film - BW","1:15000",5,"1292713"
"31_00002",31,19824958,2002,"airphoto",1977,"1977-07-25",,"Film - BW","1:20000",8,"1204408"
"31_00002",31,19824958,2002,"airphoto",1980,"1980-08-12",,"Film - BW","1:20000",2,"721896"
"31_00002",31,19824958,2002,"airphoto",1984,"1984-07-24",,"Film - BW","1:60000",2,"322851"
"31_00002",31,19824958,2002,"airphoto",1985,"1985-07-09",,"Film - BW","1:15000",1,"851189"
"31_00002",31,19824958,2002,"airphoto",1987,"1987-06-28",,"Film - BW","1:40000",3,"908320"
"31_00002",31,19824958,2002,"airphoto",1988,"1988-08-07",,"Film - BW","1:20000",2,"970715"
"31_00002",31,19824958,2002,"airphoto",1991,"1991-07-31",,"Film - BW","1:15000",5,"599923"
"31_00002",31,19824958,2002,"airphoto",1996,"1996-07-07",,"Film - BW","1:40000",2,"128676"
"31_00002",31,19824958,2002,"airphoto",1997,"1997-08-10",,"Film - Colour","1:20000",3,"349163"
"31_00002",31,19824958,2002,"airphoto",2000,"2000-09-15",,"Film - Colour","1:30000",6,"455301"
"31_00002",31,19824958,2002,"airphoto",2005,"2005-08-11",,"Film - Colour","1:20000",3,"1531044"
"31_00002",31,19824958,2002,"airphoto",2012,"2012-07-13",,"Digital - Colour","1:50000",5,"2052685"
"31_00002",31,19824958,2002,"orthophoto",2021,,0.150000000000001,,,1,
"31_00003",31,4197301,2002,"airphoto",1980,"1980-08-12",,"Film - BW","1:20000",2,"721555"
"31_00003",31,4197301,2002,"airphoto",1984,"1984-07-24",,"Film - BW","1:60000",5,"322722"
"31_00003",31,4197301,2002,"airphoto",1985,"1985-06-20",,"Film - BW","1:15000",2,"850719"
"31_00003",31,4197301,2002,"airphoto",1988,"1988-07-21",,"Film - BW","1:20000",5,"970281"
"31_00003",31,4197301,2002,"airphoto",1989,"1989-05-14",,"Film - Colour","1:10000",3,"1045444"
"31_00003",31,4197301,2002,"airphoto",1991,"1991-07-22",,"Film - BW","1:15000",3,"599068"
"31_00003",31,4197301,2002,"airphoto",1996,"1996-07-12",,"Film - BW","1:40000",3,"129997"
"31_00003",31,4197301,2002,"airphoto",1997,"1997-08-14",,"Film - Colour","1:20000",5,"349593"
"31_00003",31,4197301,2002,"airphoto",2000,"2000-09-15",,"Film - Colour","1:30000",3,"455562"
"31_00003",31,4197301,2002,"airphoto",2012,"2012-07-13",,"Digital - Colour","1:50000",3,"2052210"
"31_00004",31,36880518,2002,"airphoto",1974,"1974-07-21",,"Film - BW","1:16000",4,"1316578"
"31_00004",31,36880518,2002,"airphoto",1987,"1987-06-28",,"Film - BW","1:40000",6,"908359"
"31_00004",31,36880518,2002,"airphoto",1988,"1988-07-20",,"Film - BW","1:20000",3,"970112"
"31_00004",31,36880518,2002,"airphoto",1990,"1990-07-29",,"Film - BW","1:15000",6,"1063774"
"31_00004",31,36880518,2002,"airphoto",1995,"1995-09-16",,"Film - BW","1:15000",4,"94827"
"31_00004",31,36880518,2002,"airphoto",1996,"1996-07-07",,"Film - BW","1:40000",5,"128049"
"31_00004",31,36880518,2002,"airphoto",1997,"1997-08-10",,"Film - Colour","1:20000",1,"348931"
"31_00004",31,36880518,2002,"airphoto",2000,"2000-09-15",,"Film - Colour","1:30000",5,"455478"
"31_00004",31,36880518,2002,"airphoto",2002,"2002-08-16",,"Film - Colour","1:15000",6,"645016"
"31_00004",31,36880518,2002,"airphoto",2012,"2012-07-14",,"Digital - Colour","1:50000",3,"2053370"
"31_00005",31,48189887,2002,"airphoto",1974,"1974-09-01",,"Film - BW","1:16000",6,"1310428"
"31_00005",31,48189887,2002,"airphoto",1988,"1988-07-20",,"Film - BW","1:20000",2,"969690"
"31_00005",31,48189887,2002,"airphoto",1990,"1990-07-26",,"Film - BW","1:15000",4,"1062417"
"31_00005",31,48189887,2002,"airphoto",1995,"1995-09-04",,"Film - BW","1:15000",6,"94297"
"31_00005",31,48189887,2002,"airphoto",1996,"1996-07-12",,"Film - BW","1:40000",6,"129023"
"31_00005",31,48189887,2002,"airphoto",2000,"2000-09-19",,"Film - Colour","1:30000",3,"455763"
"31_00005",31,48189887,2002,"airphoto",2002,"2002-08-16",,"Film - Colour","1:15000",2,"644825"
"31_00005",31,48189887,2002,"airphoto",2012,"2012-07-14",,"Digital - Colour","1:50000",5,"2053664"
"31_00006",31,29800399,2002,"airphoto",1973,"1973-09-11",,"Film - BW","1:15000",3,"1368762"
"31_00006",31,29800399,2002,"airphoto",1980,"1980-08-12",,"Film - BW","1:20000",6,"721740"
"31_00006",31,29800399,2002,"airphoto",1985,"1985-07-16",,"Film - BW","1:15000",2,"851507"
"31_00006",31,29800399,2002,"airphoto",1988,"1988-08-12",,"Film - BW","1:20000",6,"971003"
"31_00006",31,29800399,2002,"airphoto",1990,"1990-07-29",,"Film - BW","1:15000",3,"1063467"
"31_00006",31,29800399,2002,"airphoto",1991,"1991-09-08",,"Film - BW","1:15000",3,"600354"
"31_00006",31,29800399,2002,"airphoto",1996,"1996-07-07",,"Film - BW","1:40000",3,"127983"
"31_00006",31,29800399,2002,"airphoto",1997,"1997-08-10",,"Film - Colour","1:20000",3,"349062"
"31_00006",31,29800399,2002,"airphoto",2000,"2000-09-15",,"Film - Colour","1:30000",4,"455525"
"31_00006",31,29800399,2002,"airphoto",2005,"2005-07-25",,"Film - Colour","1:20000",3,"1529450"
"31_00006",31,29800399,2002,"airphoto",2012,"2012-07-14",,"Digital - Colour","1:50000",4,"2053090"
"31_00007",31,24914397,2002,"airphoto",1973,"1973-09-11",,"Film - BW","1:15000",2,"1368598"
"31_00007",31,24914397,2002,"airphoto",1974,"1974-06-14",,"Film - BW","1:20000",1,"1338843"
"31_00007",31,24914397,2002,"airphoto",1980,"1980-08-12",,"Film - BW","1:20000",2,"721779"
"31_00007",31,24914397,2002,"airphoto",1985,"1985-05-19",,"Film - BW","1:15000",4,"842910"
"31_00007",31,24914397,2002,"airphoto",1987,"1987-06-28",,"Film - BW","1:40000",2,"908289"
"31_00007",31,24914397,2002,"airphoto",1988,"1988-08-27",,"Film - Colour","1:10000",11,"998660"
"31_00007",31,24914397,2002,"airphoto",1990,"1990-07-26",,"Film - BW","1:15000",2,"1062637"
"31_00007",31,24914397,2002,"airphoto",1991,"1991-09-08",,"Film - BW","1:15000",2,"600422"
"31_00007",31,24914397,2002,"airphoto",1996,"1996-07-07",,"Film - BW","1:40000",3,"127892"
"31_00007",31,24914397,2002,"airphoto",1997,"1997-08-10",,"Film - Colour","1:20000",6,"349098"
"31_00007",31,24914397,2002,"airphoto",2000,"2000-08-04",,"Film - Colour","1:30000",6,"454643"
"31_00007",31,24914397,2002,"airphoto",2012,"2012-07-13",,"Digital - Colour","1:50000",2,"2052785"
"31_00007",31,24914397,2002,"airphoto",2019,"2019-08-28",,"Digital - Colour","9600",3,"2327580"
"31_00008",31,41609700,2002,"airphoto",1971,"1971-08-12",,"Film - BW","1:31680",2,"1414823"
"31_00008",31,41609700,2002,"airphoto",1974,"1974-08-01",,"Film - BW","1:16000",3,"1308708"
"31_00008",31,41609700,2002,"airphoto",1979,"1979-08-24",,"Film - BW","1:15840",6,"1123490"
"31_00008",31,41609700,2002,"airphoto",1985,"1985-07-16",,"Film - BW","1:15000",1,"851766"
"31_00008",31,41609700,2002,"airphoto",1987,"1987-08-06",,"Film - Colour","1:10000",5,"528142"
"31_00008",31,41609700,2002,"airphoto",1988,"1988-09-12",,"Film - Colour","1:10000",8,"998877"
"31_00008",31,41609700,2002,"airphoto",1990,"1990-07-29",,"Film - BW","1:15000",3,"1063877"
"31_00008",31,41609700,2002,"airphoto",1992,"1992-07-19",,"Film - BW","1:15000",3,"587505"
"31_00008",31,41609700,2002,"airphoto",1995,"1995-09-16",,"Film - BW","1:15000",5,"94950"
"31_00008",31,41609700,2002,"airphoto",1996,"1996-07-07",,"Film - BW","1:40000",6,"128584"
"31_00008",31,41609700,2002,"airphoto",2000,"2000-09-19",,"Film - Colour","1:30000",4,"455797"
"31_00008",31,41609700,2002,"airphoto",2012,"2012-07-14",,"Digital - Colour","1:50000",2,"2053498"
"31_00009",31,21729150,2002,"airphoto",1973,"1973-09-11",,"Film - BW","1:15000",2,"1368492"
"31_00009",31,21729150,2002,"airphoto",1977,"1977-08-16",,"Film - BW","1:10000",8,"1204110"
"31_00009",31,21729150,2002,"airphoto",1980,"1980-08-12",,"Film - BW","1:20000",5,"721853"
"31_00009",31,21729150,2002,"airphoto",1984,"1984-07-24",,"Film - BW","1:60000",2,"322849"
"31_00009",31,21729150,2002,"airphoto",1985,"1985-07-09",,"Film - BW","1:15000",4,"851183"
"31_00009",31,21729150,2002,"airphoto",1987,"1987-06-28",,"Film - BW","1:40000",3,"908291"
"31_00009",31,21729150,2002,"airphoto",1988,"1988-08-26",,"Film - Colour","1:10000",9,"998010"
"31_00009",31,21729150,2002,"airphoto",1990,"1990-07-26",,"Film - BW","1:15000",2,"1062565"
"31_00009",31,21729150,2002,"airphoto",1991,"1991-07-31",,"Film - BW","1:15000",4,"599730"
"31_00009",31,21729150,2002,"airphoto",1995,"1995-07-21",,"Film - BW","1:15000",1,"93831"
"31_00009",31,21729150,2002,"airphoto",1996,"1996-07-07",,"Film - BW","1:40000",6,"128672"
"31_00009",31,21729150,2002,"airphoto",1997,"1997-08-10",,"Film - Colour","1:20000",5,"349169"
"31_00009",31,21729150,2002,"airphoto",2000,"2000-09-15",,"Film - Colour","1:30000",3,"455297"
"31_00009",31,21729150,2002,"airphoto",2012,"2012-07-13",,"Digital - Colour","1:50000",4,"2052677"
"31_00010",31,12097657,2002,"airphoto",1977,"1977-08-16",,"Film - BW","1:10000",9,"1204229"
"31_00010",31,12097657,2002,"airphoto",1984,"1984-09-14",,"Film - BW","1:18000",11,"681204"
"31_00010",31,12097657,2002,"airphoto",1985,"1985-06-20",,"Film - BW","1:15000",2,"850939"
"31_00010",31,12097657,2002,"airphoto",1988,"1988-07-21",,"Film - BW","1:20000",5,"970460"
"31_00010",31,12097657,2002,"airphoto",1991,"1991-07-22",,"Film - BW","1:15000",3,"599249"
"31_00010",31,12097657,2002,"airphoto",1996,"1996-07-07",,"Film - BW","1:40000",6,"128798"
"31_00010",31,12097657,2002,"airphoto",1997,"1997-08-17",,"Film - Colour","1:20000",2,"349493"
"31_00010",31,12097657,2002,"airphoto",2000,"2000-09-15",,"Film - Colour","1:30000",2,"455401"
"31_00010",31,12097657,2002,"airphoto",2005,"2005-07-25",,"Film - Colour","1:20000",2,"1529519"
"31_00010",31,12097657,2002,"airphoto",2012,"2012-07-06",,"Digital - Colour","1:50000",3,"2050406"
"31_00010",31,12097657,2002,"orthophoto",2021,,0.150000000000001,,,1,
"31_00011",31,33501802,2002,"airphoto",1973,"1973-09-15",,"Film - BW","1:15000",2,"1368975"
"31_00011",31,33501802,2002,"airphoto",1980,"1980-08-12",,"Film - BW","1:20000",5,"721685"
"31_00011",31,33501802,2002,"airphoto",1985,"1985-07-16",,"Film - BW","1:15000",2,"851675"
"31_00011",31,33501802,2002,"airphoto",1987,"1987-06-28",,"Film - BW","1:40000",3,"908365"
"31_00011",31,33501802,2002,"airphoto",1988,"1988-08-27",,"Film - Colour","1:10000",3,"998803"
"31_00011",31,33501802,2002,"airphoto",1990,"1990-07-29",,"Film - BW","1:15000",3,"1063609"
"31_00011",31,33501802,2002,"airphoto",1995,"1995-09-16",,"Film - BW","1:15000",2,"94601"
"31_00011",31,33501802,2002,"airphoto",1996,"1996-07-07",,"Film - BW","1:40000",2,"128662"
"31_00011",31,33501802,2002,"airphoto",1997,"1997-08-10",,"Film - Colour","1:20000",6,"348996"
"31_00011",31,33501802,2002,"airphoto",2000,"2000-09-15",,"Film - Colour","1:30000",2,"455249"
"31_00011",31,33501802,2002,"airphoto",2002,"2002-08-16",,"Film - Colour","1:15000",4,"645084"
"31_00011",31,33501802,2002,"airphoto",2012,"2012-07-14",,"Digital - Colour","1:50000",3,"2053253"
"31_00012",31,30109728,2002,"airphoto",1973,"1973-09-11",,"Film - BW","1:15000",5,"1368788"
"31_00012",31,30109728,2002,"airphoto",1980,"1980-08-12",,"Film - BW","1:20000",4,"721675"
"31_00012",31,30109728,2002,"airphoto",1985,"1985-07-16",,"Film - BW","1:15000",2,"851537"
"31_00012",31,30109728,2002,"airphoto",1987,"1987-06-28",,"Film - BW","1:40000",4,"908326"
"31_00012",31,30109728,2002,"airphoto",1988,"1988-08-27",,"Film - Colour","1:10000",9,"998777"
"31_00012",31,30109728,2002,"airphoto",1990,"1990-07-29",,"Film - BW","1:15000",6,"1063552"
"31_00012",31,30109728,2002,"airphoto",1995,"1995-09-04",,"Film - BW","1:15000",4,"94506"
"31_00012",31,30109728,2002,"airphoto",1996,"1996-07-07",,"Film - BW","1:40000",6,"127994"
"31_00012",31,30109728,2002,"airphoto",1997,"1997-08-10",,"Film - Colour","1:20000",4,"349083"
"31_00012",31,30109728,2002,"airphoto",2000,"2000-08-04",,"Film - Colour","1:30000",4,"454587"
"31_00012",31,30109728,2002,"airphoto",2012,"2012-07-14",,"Digital - Colour","1:50000",3,"2053117"
"31_00013",31,48399226,2002,"airphoto",1971,"1971-08-12",,"Film - BW","1:31680",2,"1414821"
"31_00013",31,48399226,2002,"airphoto",1974,"1974-08-02",,"Film - BW","1:16000",4,"1316709"
"31_00013",31,48399226,2002,"airphoto",1979,"1979-07-29",,"Film - BW","1:15840",2,"1123401"
"31_00013",31,48399226,2002,"airphoto",1987,"1987-08-06",,"Film - Colour","1:10000",4,"528714"
"31_00013",31,48399226,2002,"airphoto",1988,"1988-09-17",,"Film - Colour","1:10000",11,"999200"
"31_00013",31,48399226,2002,"airphoto",1992,"1992-07-19",,"Film - BW","1:15000",3,"587446"
"31_00013",31,48399226,2002,"airphoto",1995,"1995-09-04",,"Film - BW","1:15000",5,"94370"
"31_00013",31,48399226,2002,"airphoto",1996,"1996-07-12",,"Film - BW","1:40000",6,"129012"
"31_00013",31,48399226,2002,"airphoto",2000,"2000-09-19",,"Film - Colour","1:30000",2,"455777"
"31_00013",31,48399226,2002,"airphoto",2012,"2012-07-14",,"Digital - Colour","1:50000",3,"2053690"
"31_00014",31,15460266,2002,"airphoto",1977,"1977-08-16",,"Film - BW","1:10000",11,"1203909"
"31_00014",31,15460266,2002,"airphoto",1984,"1984-09-14",,"Film - BW","1:18000",6,"681137"
"31_00014",31,15460266,2002,"airphoto",1985,"1985-06-20",,"Film - BW","1:15000",2,"851072"
"31_00014",31,15460266,2002,"airphoto",1988,"1988-08-07",,"Film - BW","1:20000",5,"970826"
"31_00014",31,15460266,2002,"airphoto",1991,"1991-07-22",,"Film - BW","1:15000",5,"599320"
"31_00014",31,15460266,2002,"airphoto",1996,"1996-07-07",,"Film - BW","1:40000",3,"128767"
"31_00014",31,15460266,2002,"airphoto",1997,"1997-08-17",,"Film - Colour","1:20000",3,"349424"
"31_00014",31,15460266,2002,"airphoto",2000,"2000-09-15",,"Film - Colour","1:30000",5,"455348"
"31_00014",31,15460266,2002,"airphoto",2005,"2005-07-25",,"Film - Colour","1:20000",2,"1529505"
"31_00014",31,15460266,2002,"airphoto",2012,"2012-07-06",,"Digital - Colour","1:50000",4,"2050322"
"31_00014",31,15460266,2002,"orthophoto",2021,,0.149999999999998,,,1,
"31_00015",31,13073959,2002,"airphoto",1971,"1971-08-12",,"Film - BW","1:31680",2,"1414785"
"31_00015",31,13073959,2002,"airphoto",1973,"1973-08-11",,"Film - BW","1:15000",1,"1368399"
"31_00015",31,13073959,2002,"airphoto",1977,"1977-07-25",,"Film - BW","1:20000",3,"1204352"
"31_00015",31,13073959,2002,"airphoto",1984,"1984-08-12",,"Film - BW","1:18000",12,"681070"
"31_00015",31,13073959,2002,"airphoto",1985,"1985-06-20",,"Film - BW","1:15000",2,"850946"
"31_00015",31,13073959,2002,"airphoto",1986,"1986-05-15",,"Film - Colour","1:10000",2,"891950"
"31_00015",31,13073959,2002,"airphoto",1988,"1988-07-21",,"Film - BW","1:20000",6,"970466"
"31_00015",31,13073959,2002,"airphoto",1991,"1991-07-22",,"Film - BW","1:15000",3,"599259"
"31_00015",31,13073959,2002,"airphoto",1996,"1996-07-07",,"Film - BW","1:40000",6,"128761"
"31_00015",31,13073959,2002,"airphoto",1997,"1997-08-17",,"Film - Colour","1:20000",3,"349486"
"31_00015",31,13073959,2002,"airphoto",2000,"2000-09-15",,"Film - Colour","1:30000",2,"455405"
"31_00015",31,13073959,2002,"airphoto",2006,"2006-09-05",,"Film - Colour","1:20000",3,"1588815"
"31_00015",31,13073959,2002,"airphoto",2012,"2012-07-06",,"Digital - Colour","1:50000",4,"2050397"
"31_00016",31,20507561,2002,"airphoto",1971,"1971-08-12",,"Film - BW","1:31680",2,"1414809"
"31_00016",31,20507561,2002,"airphoto",1972,"1972-08-14",,"Film - BW","1:60000",3,"1384613"
"31_00016",31,20507561,2002,"airphoto",1975,"1975-09-08",,"Film - BW","1:15000",2,"1292733"
"31_00016",31,20507561,2002,"airphoto",1976,"1976-05-07",,"Film - BW","1:18000",5,"1225009"
"31_00016",31,20507561,2002,"airphoto",1977,"1977-08-16",,"Film - BW","1:10000",5,"1204157"
"31_00016",31,20507561,2002,"airphoto",1980,"1980-08-12",,"Film - BW","1:20000",3,"721911"
"31_00016",31,20507561,2002,"airphoto",1984,"1984-09-14",,"Film - BW","1:18000",8,"681114"
"31_00016",31,20507561,2002,"airphoto",1985,"1985-07-09",,"Film - BW","1:15000",2,"851205"
"31_00016",31,20507561,2002,"airphoto",1988,"1988-08-07",,"Film - BW","1:20000",2,"970700"
"31_00016",31,20507561,2002,"airphoto",1991,"1991-07-31",,"Film - BW","1:15000",4,"599703"
"31_00016",31,20507561,2002,"airphoto",1996,"1996-07-07",,"Film - BW","1:40000",3,"128684"
"31_00016",31,20507561,2002,"airphoto",1997,"1997-08-10",,"Film - Colour","1:20000",3,"349148"
"31_00016",31,20507561,2002,"airphoto",2000,"2000-09-15",,"Film - Colour","1:30000",6,"455311"
"31_00016",31,20507561,2002,"airphoto",2006,"2006-09-05",,"Film - Colour","1:20000",5,"1588746"
"31_00016",31,20507561,2002,"airphoto",2012,"2012-07-13",,"Digital - Colour","1:50000",5,"2052705"
"31_00016",31,20507561,2002,"orthophoto",2021,,0.150000000000001,,,1,
"31_00017",31,25983296,2002,"airphoto",1972,"1972-08-14",,"Film - BW","1:60000",2,"1384616"
"31_00017",31,25983296,2002,"airphoto",1973,"1973-09-11",,"Film - BW","1:15000",2,"1368567"
"31_00017",31,25983296,2002,"airphoto",1977,"1977-08-16",,"Film - BW","1:10000",6,"1204000"
"31_00017",31,25983296,2002,"airphoto",1979,"1979-08-25",,"Film - BW","1:10000",5,"1139831"
"31_00017",31,25983296,2002,"airphoto",1980,"1980-08-12",,"Film - BW","1:20000",2,"721802"
"31_00017",31,25983296,2002,"airphoto",1985,"1985-07-09",,"Film - BW","1:15000",1,"851409"
"31_00017",31,25983296,2002,"airphoto",1988,"1988-08-12",,"Film - BW","1:20000",4,"971013"
"31_00017",31,25983296,2002,"airphoto",1990,"1990-07-26",,"Film - BW","1:15000",5,"1062668"
"31_00017",31,25983296,2002,"airphoto",1995,"1995-07-21",,"Film - BW","1:15000",2,"93722"
"31_00017",31,25983296,2002,"airphoto",1996,"1996-07-07",,"Film - BW","1:40000",6,"127905"
"31_00017",31,25983296,2002,"airphoto",1997,"1997-08-10",,"Film - Colour","1:20000",4,"349122"
"31_00017",31,25983296,2002,"airphoto",2000,"2000-08-04",,"Film - Colour","1:30000",4,"454628"
"31_00017",31,25983296,2002,"airphoto",2005,"2005-07-25",,"Film - Colour","1:20000",1,"1529427"
"31_00017",31,25983296,2002,"airphoto",2012,"2012-07-13",,"Digital - Colour","1:50000",3,"2052752"
"31_00017",31,25983296,2002,"orthophoto",2021,,0.15,,,1,
"31_00018",31,35013527,2002,"airphoto",1973,"1973-09-15",,"Film - BW","1:15000",3,"1368975"
"31_00018",31,35013527,2002,"airphoto",1974,"1974-07-21",,"Film - BW","1:16000",3,"1316515"
"31_00018",31,35013527,2002,"airphoto",1980,"1980-08-12",,"Film - BW","1:20000",2,"721297"
"31_00018",31,35013527,2002,"airphoto",1985,"1985-07-16",,"Film - BW","1:15000",2,"851675"
"31_00018",31,35013527,2002,"airphoto",1987,"1987-06-28",,"Film - BW","1:40000",1,"908365"
"31_00018",31,35013527,2002,"airphoto",1988,"1988-07-20",,"Film - BW","1:20000",3,"970151"
"31_00018",31,35013527,2002,"airphoto",1990,"1990-07-29",,"Film - BW","1:15000",6,"1063725"
"31_00018",31,35013527,2002,"airphoto",1995,"1995-09-16",,"Film - BW","1:15000",6,"94707"
"31_00018",31,35013527,2002,"airphoto",1996,"1996-07-07",,"Film - BW","1:40000",2,"128661"
"31_00018",31,35013527,2002,"airphoto",1997,"1997-08-10",,"Film - Colour","1:20000",2,"348996"
"31_00018",31,35013527,2002,"airphoto",2000,"2000-09-15",,"Film - Colour","1:30000",2,"455249"
"31_00018",31,35013527,2002,"airphoto",2002,"2002-08-16",,"Film - Colour","1:15000",2,"645069"
"31_00018",31,35013527,2002,"airphoto",2012,"2012-07-14",,"Digital - Colour","1:50000",5,"2053253"
"31_00019",31,27393630,2002,"airphoto",1973,"1973-09-11",,"Film - BW","1:15000",3,"1368685"
"31_00019",31,27393630,2002,"airphoto",1980,"1980-08-12",,"Film - BW","1:20000",6,"721787"
"31_00019",31,27393630,2002,"airphoto",1984,"1984-09-14",,"Film - BW","1:18000",5,"681263"
"31_00019",31,27393630,2002,"airphoto",1985,"1985-07-09",,"Film - BW","1:15000",2,"851392"
"31_00019",31,27393630,2002,"airphoto",1988,"1988-08-12",,"Film - BW","1:20000",6,"971030"
"31_00019",31,27393630,2002,"airphoto",1990,"1990-07-29",,"Film - BW","1:15000",2,"1063348"
"31_00019",31,27393630,2002,"airphoto",1991,"1991-09-08",,"Film - BW","1:15000",2,"600391"
"31_00019",31,27393630,2002,"airphoto",1996,"1996-07-07",,"Film - BW","1:40000",6,"127985"
"31_00019",31,27393630,2002,"airphoto",1997,"1997-08-10",,"Film - Colour","1:20000",6,"349106"
"31_00019",31,27393630,2002,"airphoto",2000,"2000-08-04",,"Film - Colour","1:30000",6,"454638"
"31_00019",31,27393630,2002,"airphoto",2005,"2005-07-25",,"Film - Colour","1:20000",4,"1529443"
"31_00019",31,27393630,2002,"airphoto",2012,"2012-07-13",,"Digital - Colour","1:50000",2,"2053013"
"31_00020",31,27011930,2002,"airphoto",1972,"1972-08-14",,"Film - BW","1:60000",3,"1384615"
"31_00020",31,27011930,2002,"airphoto",1973,"1973-09-11",,"Film - BW","1:15000",5,"1368706"
"31_00020",31,27011930,2002,"airphoto",1977,"1977-08-16",,"Film - BW","1:10000",4,"1204001"
"31_00020",31,27011930,2002,"airphoto",1979,"1979-08-10",,"Film - BW","1:20000",5,"1140082"
"31_00020",31,27011930,2002,"airphoto",1980,"1980-08-12",,"Film - BW","1:20000",3,"721802"
"31_00020",31,27011930,2002,"airphoto",1985,"1985-07-09",,"Film - BW","1:15000",2,"851409"
"31_00020",31,27011930,2002,"airphoto",1988,"1988-07-21",,"Film - BW","1:20000",6,"970542"
"31_00020",31,27011930,2002,"airphoto",1990,"1990-07-26",,"Film - BW","1:15000",2,"1062706"
"31_00020",31,27011930,2002,"airphoto",1991,"1991-09-08",,"Film - BW","1:15000",1,"600371"
"31_00020",31,27011930,2002,"airphoto",1995,"1995-07-21",,"Film - BW","1:15000",5,"93760"
"31_00020",31,27011930,2002,"airphoto",1996,"1996-07-07",,"Film - BW","1:40000",6,"127905"
"31_00020",31,27011930,2002,"airphoto",1997,"1997-08-10",,"Film - Colour","1:20000",3,"349122"
"31_00020",31,27011930,2002,"airphoto",2000,"2000-08-04",,"Film - Colour","1:30000",3,"454628"
"31_00020",31,27011930,2002,"airphoto",2005,"2005-07-25",,"Film - Colour","1:20000",1,"1529427"
"31_00020",31,27011930,2002,"airphoto",2012,"2012-07-13",,"Digital - Colour","1:50000",6,"2052752"
"31_00020",31,27011930,2002,"orthophoto",2021,,0.149999999999998,,,1,
"31_00021",31,28973759,2002,"airphoto",1973,"1973-09-11",,"Film - BW","1:15000",2,"1368788"
"31_00021",31,28973759,2002,"airphoto",1980,"1980-08-12",,"Film - BW","1:20000",2,"721760"
"31_00021",31,28973759,2002,"airphoto",1985,"1985-07-16",,"Film - BW","1:15000",3,"851528"
"31_00021",31,28973759,2002,"airphoto",1987,"1987-06-28",,"Film - BW","1:40000",3,"908326"
"31_00021",31,28973759,2002,"airphoto",1988,"1988-08-27",,"Film - Colour","1:10000",6,"998743"
"31_00021",31,28973759,2002,"airphoto",1990,"1990-07-29",,"Film - BW","1:15000",3,"1063437"
"31_00021",31,28973759,2002,"airphoto",1995,"1995-09-04",,"Film - BW","1:15000",3,"94506"
"31_00021",31,28973759,2002,"airphoto",1996,"1996-07-07",,"Film - BW","1:40000",3,"127994"
"31_00021",31,28973759,2002,"airphoto",1997,"1997-08-10",,"Film - Colour","1:20000",2,"349082"
"31_00021",31,28973759,2002,"airphoto",2000,"2000-08-04",,"Film - Colour","1:30000",4,"454587"
"31_00021",31,28973759,2002,"airphoto",2012,"2012-07-14",,"Digital - Colour","1:50000",5,"2053117"
"31_00022",31,32848684,2002,"airphoto",1973,"1973-09-15",,"Film - BW","1:15000",5,"1368873"
"31_00022",31,32848684,2002,"airphoto",1980,"1980-08-12",,"Film - BW","1:20000",3,"721684"
"31_00022",31,32848684,2002,"airphoto",1985,"1985-07-16",,"Film - BW","1:15000",2,"851547"
"31_00022",31,32848684,2002,"airphoto",1987,"1987-06-28",,"Film - BW","1:40000",4,"908365"
"31_00022",31,32848684,2002,"airphoto",1988,"1988-08-27",,"Film - Colour","1:10000",7,"998803"
"31_00022",31,32848684,2002,"airphoto",1990,"1990-07-29",,"Film - BW","1:15000",6,"1063608"
"31_00022",31,32848684,2002,"airphoto",1991,"1991-09-08",,"Film - BW","1:15000",3,"600318"
"31_00022",31,32848684,2002,"airphoto",1995,"1995-09-16",,"Film - BW","1:15000",2,"94602"
"31_00022",31,32848684,2002,"airphoto",1996,"1996-07-07",,"Film - BW","1:40000",6,"128662"
"31_00022",31,32848684,2002,"airphoto",1997,"1997-08-10",,"Film - Colour","1:20000",4,"349022"
"31_00022",31,32848684,2002,"airphoto",2000,"2000-09-15",,"Film - Colour","1:30000",7,"455249"
"31_00022",31,32848684,2002,"airphoto",2002,"2002-08-16",,"Film - Colour","1:15000",3,"645085"
"31_00022",31,32848684,2002,"airphoto",2012,"2012-07-14",,"Digital - Colour","1:50000",6,"2053252"
"31_00023",31,24666952,2002,"airphoto",1969,"1969-08-06",,"Film - BW","1:16000",1,"779702"
"31_00023",31,24666952,2002,"airphoto",1971,"1971-08-12",,"Film - BW","1:31680",2,"1414807"
"31_00023",31,24666952,2002,"airphoto",1972,"1972-08-14",,"Film - BW","1:60000",2,"1384613"
"31_00023",31,24666952,2002,"airphoto",1973,"1973-09-11",,"Film - BW","1:15000",4,"1368577"
"31_00023",31,24666952,2002,"airphoto",1977,"1977-08-16",,"Film - BW","1:10000",7,"1204015"
"31_00023",31,24666952,2002,"airphoto",1980,"1980-08-12",,"Film - BW","1:20000",3,"721833"
"31_00023",31,24666952,2002,"airphoto",1984,"1984-09-14",,"Film - BW","1:18000",14,"681243"
"31_00023",31,24666952,2002,"airphoto",1985,"1985-07-09",,"Film - BW","1:15000",2,"851344"
"31_00023",31,24666952,2002,"airphoto",1988,"1988-08-07",,"Film - BW","1:20000",4,"970876"
"31_00023",31,24666952,2002,"airphoto",1990,"1990-07-26",,"Film - BW","1:15000",4,"1062658"
"31_00023",31,24666952,2002,"airphoto",1991,"1991-09-08",,"Film - BW","1:15000",4,"600443"
"31_00023",31,24666952,2002,"airphoto",1996,"1996-07-07",,"Film - BW","1:40000",3,"127901"
"31_00023",31,24666952,2002,"airphoto",1997,"1997-08-10",,"Film - Colour","1:20000",4,"349267"
"31_00023",31,24666952,2002,"airphoto",2000,"2000-08-04",,"Film - Colour","1:30000",6,"454633"
"31_00023",31,24666952,2002,"airphoto",2005,"2005-07-25",,"Film - Colour","1:20000",6,"1529419"
"31_00023",31,24666952,2002,"airphoto",2012,"2012-07-13",,"Digital - Colour","1:50000",2,"2052763"
"31_00023",31,24666952,2002,"orthophoto",2021,,0.149999999999999,,,1,
"31_00024",31,4878639,2002,"airphoto",1980,"1980-08-12",,"Film - BW","1:20000",5,"721564"
"31_00024",31,4878639,2002,"airphoto",1984,"1984-07-24",,"Film - BW","1:60000",6,"322725"
"31_00024",31,4878639,2002,"airphoto",1985,"1985-06-20",,"Film - BW","1:15000",1,"850709"
"31_00024",31,4878639,2002,"airphoto",1988,"1988-07-21",,"Film - BW","1:20000",6,"970326"
"31_00024",31,4878639,2002,"airphoto",1991,"1991-07-22",,"Film - BW","1:15000",6,"599080"
"31_00024",31,4878639,2002,"airphoto",1996,"1996-07-12",,"Film - BW","1:40000",4,"129992"
"31_00024",31,4878639,2002,"airphoto",1997,"1997-08-14",,"Film - Colour","1:20000",5,"349602"
"31_00024",31,4878639,2002,"airphoto",2000,"2000-09-15",,"Film - Colour","1:30000",2,"455567"
"31_00024",31,4878639,2002,"airphoto",2012,"2012-07-13",,"Digital - Colour","1:50000",2,"2052199"
"31_00025",31,16116793,2002,"airphoto",1971,"1971-08-30",,"Film - BW","1:31680",3,"1414885"
"31_00025",31,16116793,2002,"airphoto",1972,"1972-08-14",,"Film - BW","1:60000",3,"1384615"
"31_00025",31,16116793,2002,"airphoto",1973,"1973-08-11",,"Film - BW","1:15000",3,"1368182"
"31_00025",31,16116793,2002,"airphoto",1984,"1984-07-24",,"Film - BW","1:60000",2,"322858"
"31_00025",31,16116793,2002,"airphoto",1985,"1985-06-20",,"Film - BW","1:15000",2,"851051"
"31_00025",31,16116793,2002,"airphoto",1988,"1988-08-07",,"Film - BW","1:20000",6,"970782"
"31_00025",31,16116793,2002,"airphoto",1991,"1991-07-22",,"Film - BW","1:15000",6,"599293"
"31_00025",31,16116793,2002,"airphoto",1996,"1996-07-07",,"Film - BW","1:40000",6,"128756"
"31_00025",31,16116793,2002,"airphoto",1997,"1997-08-17",,"Film - Colour","1:20000",2,"349443"
"31_00025",31,16116793,2002,"airphoto",2000,"2000-09-15",,"Film - Colour","1:30000",6,"455336"
"31_00025",31,16116793,2002,"airphoto",2006,"2006-09-05",,"Film - Colour","1:20000",2,"1588803"
"31_00025",31,16116793,2002,"airphoto",2012,"2012-07-06",,"Digital - Colour","1:50000",2,"2050348"
"31_00025",31,16116793,2002,"orthophoto",2021,,0.149999999999999,,,1,
"31_00026",31,24989781,2002,"airphoto",1971,"1971-08-12",,"Film - BW","1:31680",4,"1414829"
"31_00026",31,24989781,2002,"airphoto",1972,"1972-08-14",,"Film - BW","1:60000",3,"1384614"
"31_00026",31,24989781,2002,"airphoto",1973,"1973-09-11",,"Film - BW","1:15000",2,"1368572"
"31_00026",31,24989781,2002,"airphoto",1977,"1977-08-16",,"Film - BW","1:10000",8,"1204024"
"31_00026",31,24989781,2002,"airphoto",1980,"1980-08-12",,"Film - BW","1:20000",5,"721829"
"31_00026",31,24989781,2002,"airphoto",1984,"1984-09-14",,"Film - BW","1:18000",2,"681234"
"31_00026",31,24989781,2002,"airphoto",1985,"1985-07-09",,"Film - BW","1:15000",1,"851339"
"31_00026",31,24989781,2002,"airphoto",1988,"1988-08-12",,"Film - BW","1:20000",6,"971017"
"31_00026",31,24989781,2002,"airphoto",1990,"1990-07-26",,"Film - BW","1:15000",3,"1062664"
"31_00026",31,24989781,2002,"airphoto",1991,"1991-09-08",,"Film - BW","1:15000",6,"600449"
"31_00026",31,24989781,2002,"airphoto",1995,"1995-07-21",,"Film - BW","1:15000",4,"93717"
"31_00026",31,24989781,2002,"airphoto",1996,"1996-07-07",,"Film - BW","1:40000",2,"127903"
"31_00026",31,24989781,2002,"airphoto",1997,"1997-08-10",,"Film - Colour","1:20000",6,"349272"
"31_00026",31,24989781,2002,"airphoto",2000,"2000-08-04",,"Film - Colour","1:30000",4,"454630"
"31_00026",31,24989781,2002,"airphoto",2005,"2005-07-25",,"Film - Colour","1:20000",4,"1529424"
"31_00026",31,24989781,2002,"airphoto",2012,"2012-07-13",,"Digital - Colour","1:50000",2,"2052756"
"31_00026",31,24989781,2002,"orthophoto",2021,,0.149999999999998,,,1,
"31_00027",31,33950206,2002,"airphoto",1973,"1973-09-15",,"Film - BW","1:15000",2,"1368967"
"31_00027",31,33950206,2002,"airphoto",1985,"1985-07-16",,"Film - BW","1:15000",2,"851668"
"31_00027",31,33950206,2002,"airphoto",1986,"1986-05-31",,"Film - Colour","1:10000",3,"891980"
"31_00027",31,33950206,2002,"airphoto",1988,"1988-07-20",,"Film - BW","1:20000",3,"970157"
"31_00027",31,33950206,2002,"airphoto",1990,"1990-07-29",,"Film - BW","1:15000",2,"1063619"
"31_00027",31,33950206,2002,"airphoto",1995,"1995-09-16",,"Film - BW","1:15000",2,"94593"
"31_00027",31,33950206,2002,"airphoto",1996,"1996-07-07",,"Film - BW","1:40000",3,"128658"
"31_00027",31,33950206,2002,"airphoto",1997,"1997-08-10",,"Film - Colour","1:20000",5,"348989"
"31_00027",31,33950206,2002,"airphoto",2000,"2000-09-15",,"Film - Colour","1:30000",2,"455245"
"31_00027",31,33950206,2002,"airphoto",2002,"2002-08-16",,"Film - Colour","1:15000",1,"645077"
"31_00027",31,33950206,2002,"airphoto",2005,"2005-07-25",,"Film - Colour","1:20000",3,"1529479"
"31_00027",31,33950206,2002,"airphoto",2012,"2012-07-14",,"Digital - Colour","1:50000",2,"2053262"
"31_00028",31,10137196,2002,"airphoto",1975,"1975-01-14",,"Film - BW","1:12000",3,"1263856"
"31_00028",31,10137196,2002,"airphoto",1977,"1977-08-16",,"Film - BW","1:10000",7,"1204270"
"31_00028",31,10137196,2002,"airphoto",1980,"1980-08-12",,"Film - BW","1:20000",1,"721630"
"31_00028",31,10137196,2002,"airphoto",1984,"1984-07-24",,"Film - BW","1:60000",3,"322893"
"31_00028",31,10137196,2002,"airphoto",1985,"1985-06-20",,"Film - BW","1:15000",2,"850874"
"31_00028",31,10137196,2002,"airphoto",1988,"1988-07-21",,"Film - BW","1:20000",7,"970452"
"31_00028",31,10137196,2002,"airphoto",1989,"1989-05-13",,"Film - Colour","1:10000",1,"1045427"
"31_00028",31,10137196,2002,"airphoto",1991,"1991-07-22",,"Film - BW","1:15000",3,"599653"
"31_00028",31,10137196,2002,"airphoto",1996,"1996-07-07",,"Film - BW","1:40000",2,"128793"
"31_00028",31,10137196,2002,"airphoto",1997,"1997-08-16",,"Film - Colour","1:20000",4,"349670"
"31_00028",31,10137196,2002,"airphoto",2000,"2000-09-15",,"Film - Colour","1:30000",5,"455444"
"31_00028",31,10137196,2002,"airphoto",2005,"2005-07-25",,"Film - Colour","1:20000",2,"1529510"
"31_00028",31,10137196,2002,"airphoto",2012,"2012-07-06",,"Digital - Colour","1:50000",4,"2050417"
"31_00028",31,10137196,2002,"orthophoto",2021,,0.149999999999999,,,1,
"31_00029",31,24923309,2002,"airphoto",1973,"1973-09-11",,"Film - BW","1:15000",3,"1368598"
"31_00029",31,24923309,2002,"airphoto",1974,"1974-06-14",,"Film - BW","1:20000",1,"1338843"
"31_00029",31,24923309,2002,"airphoto",1980,"1980-08-12",,"Film - BW","1:20000",2,"721779"
"31_00029",31,24923309,2002,"airphoto",1985,"1985-05-19",,"Film - BW","1:15000",4,"842910"
"31_00029",31,24923309,2002,"airphoto",1987,"1987-06-28",,"Film - BW","1:40000",2,"908289"
"31_00029",31,24923309,2002,"airphoto",1988,"1988-08-27",,"Film - Colour","1:10000",10,"998660"
"31_00029",31,24923309,2002,"airphoto",1990,"1990-07-26",,"Film - BW","1:15000",2,"1062636"
"31_00029",31,24923309,2002,"airphoto",1991,"1991-09-08",,"Film - BW","1:15000",2,"600421"
"31_00029",31,24923309,2002,"airphoto",1996,"1996-07-07",,"Film - BW","1:40000",3,"127892"
"31_00029",31,24923309,2002,"airphoto",1997,"1997-08-10",,"Film - Colour","1:20000",4,"349098"
"31_00029",31,24923309,2002,"airphoto",2000,"2000-08-04",,"Film - Colour","1:30000",6,"454643"
"31_00029",31,24923309,2002,"airphoto",2012,"2012-07-13",,"Digital - Colour","1:50000",2,"2052786"
"31_00029",31,24923309,2002,"airphoto",2019,"2019-08-28",,"Digital - Colour","9600",5,"2327580"
"31_00030",31,25503630,2002,"airphoto",1973,"1973-09-11",,"Film - BW","1:15000",4,"1368606"
"31_00030",31,25503630,2002,"airphoto",1980,"1980-08-12",,"Film - BW","1:20000",2,"721774"
"31_00030",31,25503630,2002,"airphoto",1985,"1985-07-09",,"Film - BW","1:15000",4,"851378"
"31_00030",31,25503630,2002,"airphoto",1987,"1987-06-28",,"Film - BW","1:40000",6,"908292"
"31_00030",31,25503630,2002,"airphoto",1988,"1988-08-27",,"Film - Colour","1:10000",4,"998671"
"31_00030",31,25503630,2002,"airphoto",1990,"1990-07-26",,"Film - BW","1:15000",6,"1062628"
"31_00030",31,25503630,2002,"airphoto",1991,"1991-09-08",,"Film - BW","1:15000",2,"600413"
"31_00030",31,25503630,2002,"airphoto",1995,"1995-07-21",,"Film - BW","1:15000",5,"93829"
"31_00030",31,25503630,2002,"airphoto",1996,"1996-07-07",,"Film - BW","1:40000",6,"127888"
"31_00030",31,25503630,2002,"airphoto",1997,"1997-08-10",,"Film - Colour","1:20000",2,"349092"
"31_00030",31,25503630,2002,"airphoto",2000,"2000-09-15",,"Film - Colour","1:30000",4,"455536"
"31_00030",31,25503630,2002,"airphoto",2012,"2012-07-13",,"Digital - Colour","1:50000",6,"2052994"
"31_00030",31,25503630,2002,"orthophoto",2021,,0.149999999999962,,,1,
"32_00001",32,27858521,1001,"airphoto",1973,"1973-09-11",,"Film - BW","1:15000",2,"1368683"
"32_00001",32,27858521,1001,"airphoto",1980,"1980-08-12",,"Film - BW","1:20000",4,"721744"
"32_00001",32,27858521,1001,"airphoto",1985,"1985-07-16",,"Film - BW","1:15000",2,"851512"
"32_00001",32,27858521,1001,"airphoto",1988,"1988-08-12",,"Film - BW","1:20000",5,"970998"
"32_00001",32,27858521,1001,"airphoto",1990,"1990-07-29",,"Film - BW","1:15000",4,"1063349"
"32_00001",32,27858521,1001,"airphoto",1991,"1991-09-08",,"Film - BW","1:15000",2,"600393"
"32_00001",32,27858521,1001,"airphoto",1996,"1996-07-07",,"Film - BW","1:40000",4,"127985"
"32_00001",32,27858521,1001,"airphoto",1997,"1997-08-10",,"Film - Colour","1:20000",4,"349067"
"32_00001",32,27858521,1001,"airphoto",2000,"2000-08-04",,"Film - Colour","1:30000",8,"454639"
"32_00001",32,27858521,1001,"airphoto",2005,"2005-07-25",,"Film - Colour","1:20000",4,"1529444"
"32_00001",32,27858521,1001,"airphoto",2012,"2012-07-13",,"Digital - Colour","1:50000",2,"2053012"
"32_00002",32,27885269,1001,"airphoto",1973,"1973-09-11",,"Film - BW","1:15000",3,"1368683"
"32_00002",32,27885269,1001,"airphoto",1980,"1980-08-12",,"Film - BW","1:20000",4,"721745"
"32_00002",32,27885269,1001,"airphoto",1985,"1985-07-16",,"Film - BW","1:15000",2,"851513"
"32_00002",32,27885269,1001,"airphoto",1988,"1988-08-12",,"Film - BW","1:20000",6,"970998"
"32_00002",32,27885269,1001,"airphoto",1990,"1990-07-29",,"Film - BW","1:15000",5,"1063350"
"32_00002",32,27885269,1001,"airphoto",1991,"1991-09-08",,"Film - BW","1:15000",3,"600393"
"32_00002",32,27885269,1001,"airphoto",1996,"1996-07-07",,"Film - BW","1:40000",6,"127986"
"32_00002",32,27885269,1001,"airphoto",1997,"1997-08-10",,"Film - Colour","1:20000",6,"349067"
"32_00002",32,27885269,1001,"airphoto",2000,"2000-08-04",,"Film - Colour","1:30000",8,"454639"
"32_00002",32,27885269,1001,"airphoto",2005,"2005-07-25",,"Film - Colour","1:20000",3,"1529445"
"32_00002",32,27885269,1001,"airphoto",2012,"2012-07-13",,"Digital - Colour","1:50000",3,"2053011"
"32_00003",32,44070971,11011,"airphoto",1974,"1974-08-01",,"Film - BW","1:16000",3,"1308760"
"32_00003",32,44070971,11011,"airphoto",1979,"1979-08-24",,"Film - BW","1:15840",3,"1123449"
"32_00003",32,44070971,11011,"airphoto",1987,"1987-08-06",,"Film - Colour","1:10000",2,"528166"
"32_00003",32,44070971,11011,"airphoto",1988,"1988-07-20",,"Film - BW","1:20000",7,"969739"
"32_00003",32,44070971,11011,"airphoto",1989,"1989-06-12",,"Film - BW","1:15000",2,"1021964"
"32_00003",32,44070971,11011,"airphoto",1992,"1992-07-19",,"Film - BW","1:15000",5,"587496"
"32_00003",32,44070971,11011,"airphoto",1994,"1994-08-11",,"Film - BW","1:15000",4,"76352"
"32_00003",32,44070971,11011,"airphoto",1995,"1995-09-20",,"Film - BW","1:15000",4,"95781"
"32_00003",32,44070971,11011,"airphoto",1996,"1996-07-12",,"Film - BW","1:40000",3,"129461"
"32_00003",32,44070971,11011,"airphoto",1999,"1999-10-02",,"Film - BW","1:15000",4,"389623"
"32_00003",32,44070971,11011,"airphoto",2000,"2000-09-19",,"Film - Colour","1:30000",2,"455792"
"32_00003",32,44070971,11011,"airphoto",2002,"2002-08-21",,"Film - Colour","1:30000",2,"643501"
"32_00003",32,44070971,11011,"airphoto",2006,"2006-08-19",,"Film - Colour","1:20000",2,"1587127"
"32_00003",32,44070971,11011,"airphoto",2012,"2012-07-14",,"Digital - Colour","1:50000",6,"2053531"
"32_00004",32,12750189,5005,"airphoto",1977,"1977-08-16",,"Film - BW","1:10000",7,"1204208"
"32_00004",32,12750189,5005,"airphoto",1984,"1984-08-12",,"Film - BW","1:18000",5,"681051"
"32_00004",32,12750189,5005,"airphoto",1985,"1985-06-20",,"Film - BW","1:15000",2,"850936"
"32_00004",32,12750189,5005,"airphoto",1988,"1988-08-07",,"Film - BW","1:20000",6,"970825"
"32_00004",32,12750189,5005,"airphoto",1991,"1991-07-22",,"Film - BW","1:15000",2,"599245"
"32_00004",32,12750189,5005,"airphoto",1996,"1996-07-07",,"Film - BW","1:40000",6,"128766"
"32_00004",32,12750189,5005,"airphoto",1997,"1997-08-17",,"Film - Colour","1:20000",3,"349496"
"32_00004",32,12750189,5005,"airphoto",2000,"2000-09-15",,"Film - Colour","1:30000",3,"455399"
"32_00004",32,12750189,5005,"airphoto",2005,"2005-07-25",,"Film - Colour","1:20000",3,"1529516"
"32_00004",32,12750189,5005,"airphoto",2012,"2012-07-06",,"Digital - Colour","1:50000",4,"2050410"
"32_00004",32,12750189,5005,"orthophoto",2021,,0.150000000000002,,,1,
"32_00005",32,16335135,1001,"airphoto",1975,"1975-09-08",,"Film - BW","1:15000",4,"1292677"
"32_00005",32,16335135,1001,"airphoto",1977,"1977-08-16",,"Film - BW","1:10000",6,"1203876"
"32_00005",32,16335135,1001,"airphoto",1984,"1984-07-24",,"Film - BW","1:60000",3,"322849"
"32_00005",32,16335135,1001,"airphoto",1985,"1985-05-20",,"Film - BW","1:15000",3,"842815"
"32_00005",32,16335135,1001,"airphoto",1987,"1987-06-28",,"Film - BW","1:40000",2,"908317"
"32_00005",32,16335135,1001,"airphoto",1988,"1988-08-27",,"Film - Colour","1:10000",5,"998516"
"32_00005",32,16335135,1001,"airphoto",1991,"1991-07-22",,"Film - BW","1:15000",4,"599384"
"32_00005",32,16335135,1001,"airphoto",1996,"1996-07-07",,"Film - BW","1:40000",6,"128772"
"32_00005",32,16335135,1001,"airphoto",1997,"1997-08-17",,"Film - Colour","1:20000",5,"349340"
"32_00005",32,16335135,1001,"airphoto",2000,"2000-09-15",,"Film - Colour","1:30000",3,"455355"
"32_00005",32,16335135,1001,"airphoto",2012,"2012-07-06",,"Digital - Colour","1:50000",5,"2050243"
"32_00005",32,16335135,1001,"orthophoto",2021,,0.15,,,1,
"32_00006",32,42373245,1001,"airphoto",1974,"1974-09-01",,"Film - BW","1:16000",3,"1310301"
"32_00006",32,42373245,1001,"airphoto",1987,"1987-06-28",,"Film - BW","1:40000",6,"908369"
"32_00006",32,42373245,1001,"airphoto",1988,"1988-07-20",,"Film - BW","1:20000",2,"969778"
"32_00006",32,42373245,1001,"airphoto",1990,"1990-07-29",,"Film - BW","1:15000",3,"1063234"
"32_00006",32,42373245,1001,"airphoto",1995,"1995-09-23",,"Film - BW","1:15000",3,"95672"
"32_00006",32,42373245,1001,"airphoto",1996,"1996-07-12",,"Film - BW","1:40000",4,"129439"
"32_00006",32,42373245,1001,"airphoto",2000,"2000-09-23",,"Film - Colour","1:30000",6,"456054"
"32_00006",32,42373245,1001,"airphoto",2002,"2002-08-16",,"Film - Colour","1:15000",3,"644893"
"32_00006",32,42373245,1001,"airphoto",2012,"2012-07-14",,"Digital - Colour","1:50000",3,"2053583"
"32_00006",32,42373245,1001,"orthophoto",2021,,0.149999999999998,,,1,
"32_00007",32,32808995,1001,"airphoto",1971,"1971-08-30",,"Film - BW","1:31680",2,"1414859"
"32_00007",32,32808995,1001,"airphoto",1973,"1973-09-15",,"Film - BW","1:15000",3,"1368913"
"32_00007",32,32808995,1001,"airphoto",1980,"1980-08-12",,"Film - BW","1:20000",3,"721712"
"32_00007",32,32808995,1001,"airphoto",1985,"1985-07-16",,"Film - BW","1:15000",2,"851576"
"32_00007",32,32808995,1001,"airphoto",1988,"1988-09-03",,"Film - BW","1:20000",3,"971279"
"32_00007",32,32808995,1001,"airphoto",1990,"1990-07-29",,"Film - BW","1:15000",4,"1063499"
"32_00007",32,32808995,1001,"airphoto",1995,"1995-09-01",,"Film - BW","1:15000",3,"94127"
"32_00007",32,32808995,1001,"airphoto",1996,"1996-07-07",,"Film - BW","1:40000",5,"128647"
"32_00007",32,32808995,1001,"airphoto",2000,"2000-09-23",,"Film - BW","1:15000",6,"468444"
"32_00007",32,32808995,1001,"airphoto",2006,"2006-08-17",,"Film - Colour","1:20000",2,"1586715"
"32_00007",32,32808995,1001,"airphoto",2012,"2012-07-14",,"Digital - Colour","1:50000",3,"2053067"
"32_00008",32,28323724,1001,"airphoto",1973,"1973-09-11",,"Film - BW","1:15000",5,"1368684"
"32_00008",32,28323724,1001,"airphoto",1980,"1980-08-12",,"Film - BW","1:20000",3,"721744"
"32_00008",32,28323724,1001,"airphoto",1985,"1985-07-16",,"Film - BW","1:15000",2,"851512"
"32_00008",32,28323724,1001,"airphoto",1988,"1988-08-12",,"Film - BW","1:20000",6,"970999"
"32_00008",32,28323724,1001,"airphoto",1990,"1990-07-29",,"Film - BW","1:15000",6,"1063461"
"32_00008",32,28323724,1001,"airphoto",1991,"1991-09-08",,"Film - BW","1:15000",5,"600392"
"32_00008",32,28323724,1001,"airphoto",1996,"1996-07-07",,"Film - BW","1:40000",6,"127985"
"32_00008",32,28323724,1001,"airphoto",1997,"1997-08-10",,"Film - Colour","1:20000",6,"349066"
"32_00008",32,28323724,1001,"airphoto",2000,"2000-09-15",,"Film - Colour","1:30000",6,"455523"
"32_00008",32,28323724,1001,"airphoto",2005,"2005-07-25",,"Film - Colour","1:20000",4,"1529446"
"32_00008",32,28323724,1001,"airphoto",2012,"2012-07-13",,"Digital - Colour","1:50000",3,"2053012"
"32_00009",32,25831318,1001,"airphoto",1972,"1972-08-14",,"Film - BW","1:60000",3,"1384616"
"32_00009",32,25831318,1001,"airphoto",1973,"1973-09-11",,"Film - BW","1:15000",2,"1368567"
"32_00009",32,25831318,1001,"airphoto",1977,"1977-08-16",,"Film - BW","1:10000",5,"1203999"
"32_00009",32,25831318,1001,"airphoto",1979,"1979-08-25",,"Film - BW","1:10000",7,"1139832"
"32_00009",32,25831318,1001,"airphoto",1980,"1980-08-12",,"Film - BW","1:20000",2,"721803"
"32_00009",32,25831318,1001,"airphoto",1985,"1985-07-09",,"Film - BW","1:15000",2,"851409"
"32_00009",32,25831318,1001,"airphoto",1988,"1988-07-21",,"Film - BW","1:20000",5,"970543"
"32_00009",32,25831318,1001,"airphoto",1990,"1990-07-26",,"Film - BW","1:15000",4,"1062669"
"32_00009",32,25831318,1001,"airphoto",1995,"1995-07-21",,"Film - BW","1:15000",2,"93722"
"32_00009",32,25831318,1001,"airphoto",1996,"1996-07-07",,"Film - BW","1:40000",2,"127906"
"32_00009",32,25831318,1001,"airphoto",1997,"1997-08-10",,"Film - Colour","1:20000",5,"349123"
"32_00009",32,25831318,1001,"airphoto",2000,"2000-09-24",,"Film - BW","1:15000",4,"468105"
"32_00009",32,25831318,1001,"airphoto",2005,"2005-07-25",,"Film - Colour","1:20000",1,"1529427"
"32_00009",32,25831318,1001,"airphoto",2012,"2012-07-13",,"Digital - Colour","1:50000",3,"2052751"
"32_00009",32,25831318,1001,"orthophoto",2021,,0.149999999999999,,,1,
"32_00010",32,32546282,1001,"airphoto",1973,"1973-09-15",,"Film - BW","1:15000",3,"1368888"
"32_00010",32,32546282,1001,"airphoto",1980,"1980-08-12",,"Film - BW","1:20000",2,"721694"
"32_00010",32,32546282,1001,"airphoto",1985,"1985-07-16",,"Film - BW","1:15000",2,"851557"
"32_00010",32,32546282,1001,"airphoto",1988,"1988-09-03",,"Film - BW","1:20000",2,"971298"
"32_00010",32,32546282,1001,"airphoto",1990,"1990-07-29",,"Film - BW","1:15000",2,"1063524"
"32_00010",32,32546282,1001,"airphoto",1991,"1991-09-08",,"Film - BW","1:15000",2,"600305"
"32_00010",32,32546282,1001,"airphoto",1995,"1995-09-16",,"Film - BW","1:15000",2,"94590"
"32_00010",32,32546282,1001,"airphoto",1996,"1996-07-07",,"Film - BW","1:40000",6,"128657"
"32_00010",32,32546282,1001,"airphoto",1997,"1997-08-10",,"Film - Colour","1:20000",3,"349032"
"32_00010",32,32546282,1001,"airphoto",2000,"2000-09-15",,"Film - Colour","1:30000",6,"455243"
"32_00010",32,32546282,1001,"airphoto",2005,"2005-07-25",,"Film - Colour","1:20000",3,"1529477"
"32_00010",32,32546282,1001,"airphoto",2012,"2012-07-14",,"Digital - Colour","1:50000",6,"2053091"
"32_00011",32,30998809,1001,"airphoto",1973,"1973-09-15",,"Film - BW","1:15000",5,"1368888"
"32_00011",32,30998809,1001,"airphoto",1980,"1980-08-12",,"Film - BW","1:20000",5,"721694"
"32_00011",32,30998809,1001,"airphoto",1985,"1985-07-16",,"Film - BW","1:15000",2,"851557"
"32_00011",32,30998809,1001,"airphoto",1988,"1988-09-03",,"Film - BW","1:20000",2,"971298"
"32_00011",32,30998809,1001,"airphoto",1990,"1990-07-29",,"Film - BW","1:15000",6,"1063524"
"32_00011",32,30998809,1001,"airphoto",1991,"1991-09-08",,"Film - BW","1:15000",5,"600305"
"32_00011",32,30998809,1001,"airphoto",1996,"1996-07-07",,"Film - BW","1:40000",6,"127984"
"32_00011",32,30998809,1001,"airphoto",1997,"1997-08-10",,"Film - Colour","1:20000",6,"349032"
"32_00011",32,30998809,1001,"airphoto",2000,"2000-08-04",,"Film - Colour","1:30000",4,"454599"
"32_00011",32,30998809,1001,"airphoto",2005,"2005-07-25",,"Film - Colour","1:20000",4,"1529477"
"32_00011",32,30998809,1001,"airphoto",2012,"2012-07-14",,"Digital - Colour","1:50000",3,"2053091"
"32_00012",32,23417350,1001,"airphoto",1963,"1963-05-17",,"Film - BW","1:32000",3,"1473989"
"32_00012",32,23417350,1001,"airphoto",1971,"1971-08-30",,"Film - BW","1:31680",6,"1414855"
"32_00012",32,23417350,1001,"airphoto",1972,"1972-08-14",,"Film - BW","1:60000",3,"1384618"
"32_00012",32,23417350,1001,"airphoto",1973,"1973-09-11",,"Film - BW","1:15000",2,"1368538"
"32_00012",32,23417350,1001,"airphoto",1977,"1977-07-25",,"Film - BW","1:20000",4,"1204438"
"32_00012",32,23417350,1001,"airphoto",1979,"1979-08-10",,"Film - BW","1:20000",9,"1140092"
"32_00012",32,23417350,1001,"airphoto",1980,"1980-08-12",,"Film - BW","1:20000",6,"721818"
"32_00012",32,23417350,1001,"airphoto",1984,"1984-07-24",,"Film - BW","1:60000",2,"322861"
"32_00012",32,23417350,1001,"airphoto",1985,"1985-05-15",,"Film - Colour","1:10000",3,"855881"
"32_00012",32,23417350,1001,"airphoto",1988,"1988-08-07",,"Film - BW","1:20000",2,"970890"
"32_00012",32,23417350,1001,"airphoto",1990,"1990-07-26",,"Film - BW","1:15000",3,"1062519"
"32_00012",32,23417350,1001,"airphoto",1994,"1994-06-23",,"Film - BW","1:15000",1,"73768"
"32_00012",32,23417350,1001,"airphoto",1995,"1995-07-21",,"Film - BW","1:15000",3,"93702"
"32_00012",32,23417350,1001,"airphoto",1996,"1996-07-07",,"Film - BW","1:40000",6,"127909"
"32_00012",32,23417350,1001,"airphoto",1997,"1997-08-10",,"Film - Colour","1:20000",3,"349282"
"32_00012",32,23417350,1001,"airphoto",1999,"1999-09-20",,"Film - BW","1:15000",3,"389238"
"32_00012",32,23417350,1001,"airphoto",2000,"2000-09-15",,"Film - Colour","1:30000",2,"455320"
"32_00012",32,23417350,1001,"airphoto",2002,"2002-08-21",,"Film - Colour","1:30000",5,"643735"
"32_00012",32,23417350,1001,"airphoto",2006,"2006-08-17",,"Film - Colour","1:20000",5,"1586905"
"32_00012",32,23417350,1001,"airphoto",2012,"2012-07-13",,"Digital - Colour","1:50000",2,"2052725"
"32_00012",32,23417350,1001,"orthophoto",2021,,0.150000000000001,,,1,
"32_00013",32,54438401,11011,"airphoto",1979,"1979-07-29",,"Film - BW","1:15840",6,"1123340"
"32_00013",32,54438401,11011,"airphoto",1987,"1987-08-06",,"Film - Colour","1:10000",4,"528405"
"32_00013",32,54438401,11011,"airphoto",1988,"1988-09-17",,"Film - Colour","1:10000",6,"999300"
"32_00013",32,54438401,11011,"airphoto",1989,"1989-06-12",,"Film - BW","1:15000",5,"1021849"
"32_00013",32,54438401,11011,"airphoto",1992,"1992-07-18",,"Film - BW","1:15000",3,"587366"
"32_00013",32,54438401,11011,"airphoto",1994,"1994-08-19",,"Film - BW","1:15000",2,"76682"
"32_00013",32,54438401,11011,"airphoto",1995,"1995-08-30",,"Film - BW","1:15000",2,"96018"
"32_00013",32,54438401,11011,"airphoto",1996,"1996-07-07",,"Film - BW","1:40000",3,"127808"
"32_00013",32,54438401,11011,"airphoto",1999,"1999-10-03",,"Film - BW","1:15000",2,"389771"
"32_00013",32,54438401,11011,"airphoto",2000,"2000-09-22",,"Film - Colour","1:30000",5,"455952"
"32_00013",32,54438401,11011,"airphoto",2002,"2002-08-21",,"Film - Colour","1:30000",2,"644087"
"32_00013",32,54438401,11011,"airphoto",2006,"2006-09-07",,"Film - Colour","1:20000",6,"1588955"
"32_00013",32,54438401,11011,"airphoto",2012,"2012-08-16",,"Digital - Colour","1:50000",2,"2053755"
"32_00014",32,27608188,1001,"airphoto",1973,"1973-09-11",,"Film - BW","1:15000",2,"1368684"
"32_00014",32,27608188,1001,"airphoto",1980,"1980-08-12",,"Film - BW","1:20000",4,"721786"
"32_00014",32,27608188,1001,"airphoto",1985,"1985-07-09",,"Film - BW","1:15000",2,"851392"
"32_00014",32,27608188,1001,"airphoto",1988,"1988-08-12",,"Film - BW","1:20000",5,"970999"
"32_00014",32,27608188,1001,"airphoto",1990,"1990-07-29",,"Film - BW","1:15000",2,"1063349"
"32_00014",32,27608188,1001,"airphoto",1991,"1991-09-08",,"Film - BW","1:15000",2,"600392"
"32_00014",32,27608188,1001,"airphoto",1996,"1996-07-07",,"Film - BW","1:40000",6,"127985"
"32_00014",32,27608188,1001,"airphoto",1997,"1997-08-10",,"Film - Colour","1:20000",6,"349105"
"32_00014",32,27608188,1001,"airphoto",2000,"2000-08-04",,"Film - Colour","1:30000",8,"454638"
"32_00014",32,27608188,1001,"airphoto",2005,"2005-07-25",,"Film - Colour","1:20000",5,"1529443"
"32_00014",32,27608188,1001,"airphoto",2012,"2012-07-13",,"Digital - Colour","1:50000",2,"2053013"
"32_00015",32,38115030,1001,"airphoto",1974,"1974-07-21",,"Film - BW","1:16000",3,"1316579"
"32_00015",32,38115030,1001,"airphoto",1987,"1987-06-28",,"Film - BW","1:40000",3,"908370"
"32_00015",32,38115030,1001,"airphoto",1988,"1988-07-20",,"Film - BW","1:20000",4,"970111"
"32_00015",32,38115030,1001,"airphoto",1990,"1990-07-29",,"Film - BW","1:15000",6,"1063775"
"32_00015",32,38115030,1001,"airphoto",1995,"1995-09-16",,"Film - BW","1:15000",2,"94827"
"32_00015",32,38115030,1001,"airphoto",1996,"1996-07-07",,"Film - BW","1:40000",3,"128049"
"32_00015",32,38115030,1001,"airphoto",1997,"1997-08-10",,"Film - Colour","1:20000",1,"348931"
"32_00015",32,38115030,1001,"airphoto",2000,"2000-09-15",,"Film - Colour","1:30000",2,"455478"
"32_00015",32,38115030,1001,"airphoto",2002,"2002-08-16",,"Film - Colour","1:15000",2,"644970"
"32_00015",32,38115030,1001,"airphoto",2012,"2012-07-14",,"Digital - Colour","1:50000",4,"2053452"
"32_00016",32,26114337,1001,"airphoto",1973,"1973-09-11",,"Film - BW","1:15000",5,"1368589"
"32_00016",32,26114337,1001,"airphoto",1980,"1980-08-12",,"Film - BW","1:20000",3,"721786"
"32_00016",32,26114337,1001,"airphoto",1984,"1984-09-14",,"Film - BW","1:18000",4,"681265"
"32_00016",32,26114337,1001,"airphoto",1985,"1985-07-09",,"Film - BW","1:15000",2,"851391"
"32_00016",32,26114337,1001,"airphoto",1988,"1988-08-12",,"Film - BW","1:20000",3,"971031"
"32_00016",32,26114337,1001,"airphoto",1990,"1990-07-29",,"Film - BW","1:15000",6,"1063349"
"32_00016",32,26114337,1001,"airphoto",1991,"1991-09-08",,"Film - BW","1:15000",6,"600431"
"32_00016",32,26114337,1001,"airphoto",1996,"1996-07-07",,"Film - BW","1:40000",6,"127896"
"32_00016",32,26114337,1001,"airphoto",1997,"1997-08-10",,"Film - Colour","1:20000",3,"349105"
"32_00016",32,26114337,1001,"airphoto",2000,"2000-08-04",,"Film - Colour","1:30000",2,"454639"
"32_00016",32,26114337,1001,"airphoto",2005,"2005-07-25",,"Film - Colour","1:20000",2,"1529444"
"32_00016",32,26114337,1001,"airphoto",2012,"2012-07-13",,"Digital - Colour","1:50000",5,"2052775"
"32_00017",32,28073264,1001,"airphoto",1973,"1973-09-11",,"Film - BW","1:15000",3,"1368684"
"32_00017",32,28073264,1001,"airphoto",1980,"1980-08-12",,"Film - BW","1:20000",6,"721744"
"32_00017",32,28073264,1001,"airphoto",1985,"1985-07-16",,"Film - BW","1:15000",2,"851512"
"32_00017",32,28073264,1001,"airphoto",1988,"1988-08-12",,"Film - BW","1:20000",6,"970999"
"32_00017",32,28073264,1001,"airphoto",1990,"1990-07-29",,"Film - BW","1:15000",6,"1063349"
"32_00017",32,28073264,1001,"airphoto",1991,"1991-09-08",,"Film - BW","1:15000",3,"600392"
"32_00017",32,28073264,1001,"airphoto",1996,"1996-07-07",,"Film - BW","1:40000",6,"127985"
"32_00017",32,28073264,1001,"airphoto",1997,"1997-08-10",,"Film - Colour","1:20000",6,"349066"
"32_00017",32,28073264,1001,"airphoto",2000,"2000-08-04",,"Film - Colour","1:30000",6,"454639"
"32_00017",32,28073264,1001,"airphoto",2005,"2005-07-25",,"Film - Colour","1:20000",4,"1529446"
"32_00017",32,28073264,1001,"airphoto",2012,"2012-07-13",,"Digital - Colour","1:50000",3,"2053012"
"32_00018",32,23585453,1001,"airphoto",1971,"1971-08-12",,"Film - BW","1:31680",2,"1414830"
"32_00018",32,23585453,1001,"airphoto",1972,"1972-08-14",,"Film - BW","1:60000",3,"1384614"
"32_00018",32,23585453,1001,"airphoto",1973,"1973-09-11",,"Film - BW","1:15000",2,"1368525"
"32_00018",32,23585453,1001,"airphoto",1976,"1976-05-07",,"Film - BW","1:18000",1,"1225014"
"32_00018",32,23585453,1001,"airphoto",1977,"1977-08-16",,"Film - BW","1:10000",5,"1204037"
"32_00018",32,23585453,1001,"airphoto",1980,"1980-08-12",,"Film - BW","1:20000",2,"721829"
"32_00018",32,23585453,1001,"airphoto",1984,"1984-07-24",,"Film - BW","1:60000",2,"322857"
"32_00018",32,23585453,1001,"airphoto",1985,"1985-07-09",,"Film - BW","1:15000",2,"851339"
"32_00018",32,23585453,1001,"airphoto",1988,"1988-08-07",,"Film - BW","1:20000",2,"970881"
"32_00018",32,23585453,1001,"airphoto",1990,"1990-07-26",,"Film - BW","1:15000",2,"1062533"
"32_00018",32,23585453,1001,"airphoto",1991,"1991-09-08",,"Film - BW","1:15000",2,"600456"
"32_00018",32,23585453,1001,"airphoto",1995,"1995-07-21",,"Film - BW","1:15000",2,"93715"
"32_00018",32,23585453,1001,"airphoto",1996,"1996-07-07",,"Film - BW","1:40000",4,"127904"
"32_00018",32,23585453,1001,"airphoto",1997,"1997-08-10",,"Film - Colour","1:20000",3,"349272"
"32_00018",32,23585453,1001,"airphoto",2000,"2000-09-15",,"Film - Colour","1:30000",6,"455314"
"32_00018",32,23585453,1001,"airphoto",2005,"2005-07-25",,"Film - Colour","1:20000",2,"1529424"
"32_00018",32,23585453,1001,"airphoto",2006,"2006-09-05",,"Film - Colour","1:20000",3,"1588742"
"32_00018",32,23585453,1001,"airphoto",2012,"2012-07-13",,"Digital - Colour","1:50000",6,"2052711"
"32_00018",32,23585453,1001,"orthophoto",2021,,0.150000000000001,,,1,
"32_00019",32,33980866,1001,"airphoto",1971,"1971-08-30",,"Film - BW","1:31680",2,"1414859"
"32_00019",32,33980866,1001,"airphoto",1973,"1973-09-15",,"Film - BW","1:15000",4,"1368937"
"32_00019",32,33980866,1001,"airphoto",1980,"1980-08-12",,"Film - BW","1:20000",4,"721271"
"32_00019",32,33980866,1001,"airphoto",1985,"1985-05-15",,"Film - Colour","1:10000",6,"855845"
"32_00019",32,33980866,1001,"airphoto",1988,"1988-09-03",,"Film - BW","1:20000",4,"971279"
"32_00019",32,33980866,1001,"airphoto",1990,"1990-07-29",,"Film - BW","1:15000",3,"1063653"
"32_00019",32,33980866,1001,"airphoto",1995,"1995-09-16",,"Film - BW","1:15000",2,"94566"
"32_00019",32,33980866,1001,"airphoto",1996,"1996-07-07",,"Film - BW","1:40000",6,"128646"
"32_00019",32,33980866,1001,"airphoto",2000,"2000-09-23",,"Film - BW","1:15000",5,"468443"
"32_00019",32,33980866,1001,"airphoto",2006,"2006-08-17",,"Film - Colour","1:20000",2,"1586715"
"32_00019",32,33980866,1001,"airphoto",2012,"2012-07-14",,"Digital - Colour","1:50000",6,"2053290"
"32_00020",32,34777672,1001,"airphoto",1973,"1973-09-15",,"Film - BW","1:15000",3,"1368932"
"32_00020",32,34777672,1001,"airphoto",1977,"1977-08-14",,"Film - BW","1:20000",1,"1198813"
"32_00020",32,34777672,1001,"airphoto",1980,"1980-08-12",,"Film - BW","1:20000",2,"721267"
"32_00020",32,34777672,1001,"airphoto",1985,"1985-05-15",,"Film - Colour","1:10000",6,"855837"
"32_00020",32,34777672,1001,"airphoto",1988,"1988-07-20",,"Film - BW","1:20000",2,"970181"
"32_00020",32,34777672,1001,"airphoto",1990,"1990-07-29",,"Film - BW","1:15000",2,"1063659"
"32_00020",32,34777672,1001,"airphoto",1994,"1994-07-27",,"Film - BW","1:15000",1,"74561"
"32_00020",32,34777672,1001,"airphoto",1995,"1995-09-16",,"Film - BW","1:15000",3,"94560"
"32_00020",32,34777672,1001,"airphoto",1996,"1996-07-07",,"Film - BW","1:40000",3,"128644"
"32_00020",32,34777672,1001,"airphoto",2000,"2000-09-23",,"Film - Colour","1:30000",8,"456061"
"32_00020",32,34777672,1001,"airphoto",2002,"2002-08-21",,"Film - Colour","1:30000",1,"643656"
"32_00020",32,34777672,1001,"airphoto",2006,"2006-08-17",,"Film - Colour","1:20000",6,"1586719"
"32_00020",32,34777672,1001,"airphoto",2012,"2012-07-14",,"Digital - Colour","1:50000",6,"2053295"
"32_00021",32,31579667,11011,"airphoto",1973,"1973-09-15",,"Film - BW","1:15000",3,"1368883"
"32_00021",32,31579667,11011,"airphoto",1980,"1980-08-12",,"Film - BW","1:20000",2,"721690"
"32_00021",32,31579667,11011,"airphoto",1985,"1985-07-16",,"Film - BW","1:15000",2,"851554"
"32_00021",32,31579667,11011,"airphoto",1988,"1988-09-03",,"Film - BW","1:20000",2,"971302"
"32_00021",32,31579667,11011,"airphoto",1990,"1990-07-29",,"Film - BW","1:15000",3,"1063529"
"32_00021",32,31579667,11011,"airphoto",1991,"1991-09-08",,"Film - BW","1:15000",2,"600309"
"32_00021",32,31579667,11011,"airphoto",1996,"1996-07-07",,"Film - BW","1:40000",6,"127985"
"32_00021",32,31579667,11011,"airphoto",1997,"1997-08-10",,"Film - Colour","1:20000",3,"349029"
"32_00021",32,31579667,11011,"airphoto",2000,"2000-08-04",,"Film - Colour","1:30000",7,"454597"
"32_00021",32,31579667,11011,"airphoto",2002,"2002-08-16",,"Film - Colour","1:15000",2,"645077"
"32_00021",32,31579667,11011,"airphoto",2005,"2005-07-25",,"Film - Colour","1:20000",2,"1529480"
"32_00021",32,31579667,11011,"airphoto",2012,"2012-07-14",,"Digital - Colour","1:50000",2,"2053095"
"32_00022",32,31777028,1001,"airphoto",1973,"1973-09-15",,"Film - BW","1:15000",3,"1368888"
"32_00022",32,31777028,1001,"airphoto",1980,"1980-08-12",,"Film - BW","1:20000",5,"721694"
"32_00022",32,31777028,1001,"airphoto",1985,"1985-07-16",,"Film - BW","1:15000",2,"851557"
"32_00022",32,31777028,1001,"airphoto",1988,"1988-09-03",,"Film - BW","1:20000",3,"971298"
"32_00022",32,31777028,1001,"airphoto",1990,"1990-07-29",,"Film - BW","1:15000",3,"1063524"
"32_00022",32,31777028,1001,"airphoto",1991,"1991-09-08",,"Film - BW","1:15000",2,"600305"
"32_00022",32,31777028,1001,"airphoto",1996,"1996-07-07",,"Film - BW","1:40000",6,"127984"
"32_00022",32,31777028,1001,"airphoto",1997,"1997-08-10",,"Film - Colour","1:20000",3,"349032"
"32_00022",32,31777028,1001,"airphoto",2000,"2000-08-04",,"Film - Colour","1:30000",7,"454599"
"32_00022",32,31777028,1001,"airphoto",2005,"2005-07-25",,"Film - Colour","1:20000",2,"1529477"
"32_00022",32,31777028,1001,"airphoto",2012,"2012-07-14",,"Digital - Colour","1:50000",3,"2053091"
"32_00023",32,46951889,1001,"airphoto",1974,"1974-08-02",,"Film - BW","1:16000",5,"1316652"
"32_00023",32,46951889,1001,"airphoto",1978,"1978-09-04",,"Film - Colour","1:25000",1,"1182038"
"32_00023",32,46951889,1001,"airphoto",1987,"1987-08-06",,"Film - Colour","1:10000",1,"528578"
"32_00023",32,46951889,1001,"airphoto",1988,"1988-07-20",,"Film - BW","1:20000",7,"969720"
"32_00023",32,46951889,1001,"airphoto",1989,"1989-06-12",,"Film - BW","1:15000",5,"1021995"
"32_00023",32,46951889,1001,"airphoto",1992,"1992-07-19",,"Film - BW","1:15000",2,"587434"
"32_00023",32,46951889,1001,"airphoto",1994,"1994-08-08",,"Film - BW","1:15000",3,"76242"
"32_00023",32,46951889,1001,"airphoto",1995,"1995-09-04",,"Film - BW","1:15000",3,"94357"
"32_00023",32,46951889,1001,"airphoto",1996,"1996-07-12",,"Film - BW","1:40000",6,"129463"
"32_00023",32,46951889,1001,"airphoto",2000,"2000-09-23",,"Film - BW","1:15000",4,"468254"
"32_00023",32,46951889,1001,"airphoto",2002,"2002-08-21",,"Film - Colour","1:30000",2,"643575"
"32_00023",32,46951889,1001,"airphoto",2006,"2006-08-19",,"Film - Colour","1:20000",2,"1587134"
"32_00023",32,46951889,1001,"airphoto",2012,"2012-07-14",,"Digital - Colour","1:50000",6,"2053526"
"32_00024",32,24950594,1001,"airphoto",1973,"1973-09-11",,"Film - BW","1:15000",2,"1368595"
"32_00024",32,24950594,1001,"airphoto",1974,"1974-06-14",,"Film - BW","1:20000",3,"1338839"
"32_00024",32,24950594,1001,"airphoto",1980,"1980-08-12",,"Film - BW","1:20000",4,"721781"
"32_00024",32,24950594,1001,"airphoto",1985,"1985-07-09",,"Film - BW","1:15000",2,"851387"
"32_00024",32,24950594,1001,"airphoto",1987,"1987-06-28",,"Film - BW","1:40000",1,"908288"
"32_00024",32,24950594,1001,"airphoto",1988,"1988-08-12",,"Film - BW","1:20000",5,"971036"
"32_00024",32,24950594,1001,"airphoto",1990,"1990-07-26",,"Film - BW","1:15000",2,"1062639"
"32_00024",32,24950594,1001,"airphoto",1991,"1991-09-08",,"Film - BW","1:15000",2,"600425"
"32_00024",32,24950594,1001,"airphoto",1996,"1996-07-07",,"Film - BW","1:40000",3,"127893"
"32_00024",32,24950594,1001,"airphoto",1997,"1997-08-10",,"Film - Colour","1:20000",6,"349100"
"32_00024",32,24950594,1001,"airphoto",2000,"2000-09-15",,"Film - Colour","1:30000",4,"455531"
"32_00024",32,24950594,1001,"airphoto",2012,"2012-07-13",,"Digital - Colour","1:50000",3,"2052782"
"32_00025",32,26488052,1001,"airphoto",1973,"1973-09-11",,"Film - BW","1:15000",2,"1368671"
"32_00025",32,26488052,1001,"airphoto",1980,"1980-08-12",,"Film - BW","1:20000",3,"721776"
"32_00025",32,26488052,1001,"airphoto",1985,"1985-05-19",,"Film - BW","1:15000",8,"842899"
"32_00025",32,26488052,1001,"airphoto",1987,"1987-06-28",,"Film - BW","1:40000",4,"908290"
"32_00025",32,26488052,1001,"airphoto",1988,"1988-08-27",,"Film - Colour","1:10000",8,"998698"
"32_00025",32,26488052,1001,"airphoto",1990,"1990-07-29",,"Film - BW","1:15000",3,"1063363"
"32_00025",32,26488052,1001,"airphoto",1991,"1991-09-08",,"Film - BW","1:15000",6,"600406"
"32_00025",32,26488052,1001,"airphoto",1996,"1996-07-07",,"Film - BW","1:40000",6,"127890"
"32_00025",32,26488052,1001,"airphoto",1997,"1997-08-10",,"Film - Colour","1:20000",3,"349094"
"32_00025",32,26488052,1001,"airphoto",2000,"2000-08-04",,"Film - Colour","1:30000",4,"454645"
"32_00025",32,26488052,1001,"airphoto",2012,"2012-07-13",,"Digital - Colour","1:50000",3,"2052998"
"32_00025",32,26488052,1001,"orthophoto",2021,,0.149999999999998,,,1,
"32_00026",32,27330283,5005,"airphoto",1973,"1973-09-11",,"Film - BW","1:15000",3,"1368680"
"32_00026",32,27330283,5005,"airphoto",1980,"1980-08-12",,"Film - BW","1:20000",5,"721747"
"32_00026",32,27330283,5005,"airphoto",1985,"1985-07-09",,"Film - BW","1:15000",2,"851389"
"32_00026",32,27330283,5005,"airphoto",1988,"1988-08-12",,"Film - BW","1:20000",6,"971034"
"32_00026",32,27330283,5005,"airphoto",1990,"1990-07-29",,"Film - BW","1:15000",3,"1063353"
"32_00026",32,27330283,5005,"airphoto",1991,"1991-09-08",,"Film - BW","1:15000",3,"600396"
"32_00026",32,27330283,5005,"airphoto",1996,"1996-07-07",,"Film - BW","1:40000",6,"127987"
"32_00026",32,27330283,5005,"airphoto",1997,"1997-08-10",,"Film - Colour","1:20000",6,"349102"
"32_00026",32,27330283,5005,"airphoto",2000,"2000-09-15",,"Film - Colour","1:30000",7,"455530"
"32_00026",32,27330283,5005,"airphoto",2012,"2012-07-13",,"Digital - Colour","1:50000",3,"2053008"
"32_00027",32,26780797,1001,"airphoto",1963,"1963-05-17",,"Film - BW","1:32000",2,"1473989"
"32_00027",32,26780797,1001,"airphoto",1971,"1971-08-12",,"Film - BW","1:31680",5,"1414831"
"32_00027",32,26780797,1001,"airphoto",1972,"1972-08-14",,"Film - BW","1:60000",3,"1384618"
"32_00027",32,26780797,1001,"airphoto",1973,"1973-09-11",,"Film - BW","1:15000",4,"1368558"
"32_00027",32,26780797,1001,"airphoto",1977,"1977-07-24",,"Film - BW","1:20000",2,"1198202"
"32_00027",32,26780797,1001,"airphoto",1979,"1979-08-10",,"Film - BW","1:20000",7,"1140072"
"32_00027",32,26780797,1001,"airphoto",1980,"1980-08-12",,"Film - BW","1:20000",3,"721810"
"32_00027",32,26780797,1001,"airphoto",1985,"1985-05-15",,"Film - Colour","1:10000",4,"855901"
"32_00027",32,26780797,1001,"airphoto",1988,"1988-07-21",,"Film - BW","1:20000",2,"970551"
"32_00027",32,26780797,1001,"airphoto",1990,"1990-07-26",,"Film - BW","1:15000",5,"1062696"
"32_00027",32,26780797,1001,"airphoto",1994,"1994-07-20",,"Film - BW","1:15000",2,"73982"
"32_00027",32,26780797,1001,"airphoto",1995,"1995-07-21",,"Film - BW","1:15000",6,"93750"
"32_00027",32,26780797,1001,"airphoto",1996,"1996-07-07",,"Film - BW","1:40000",5,"127910"
"32_00027",32,26780797,1001,"airphoto",2000,"2000-09-24",,"Film - BW","1:15000",8,"468095"
"32_00027",32,26780797,1001,"airphoto",2002,"2002-08-21",,"Film - Colour","1:30000",3,"643734"
"32_00027",32,26780797,1001,"airphoto",2006,"2006-08-17",,"Film - Colour","1:20000",2,"1586904"
"32_00027",32,26780797,1001,"airphoto",2012,"2012-07-13",,"Digital - Colour","1:50000",3,"2052741"
"32_00027",32,26780797,1001,"orthophoto",2021,,0.149999999999998,,,1,
"32_00028",32,12884222,5005,"airphoto",1977,"1977-08-16",,"Film - BW","1:10000",10,"1204206"
"32_00028",32,12884222,5005,"airphoto",1984,"1984-07-24",,"Film - BW","1:60000",4,"322891"
"32_00028",32,12884222,5005,"airphoto",1985,"1985-06-20",,"Film - BW","1:15000",2,"850935"
"32_00028",32,12884222,5005,"airphoto",1988,"1988-08-07",,"Film - BW","1:20000",4,"970826"
"32_00028",32,12884222,5005,"airphoto",1991,"1991-07-22",,"Film - BW","1:15000",3,"599244"
"32_00028",32,12884222,5005,"airphoto",1996,"1996-07-07",,"Film - BW","1:40000",6,"128767"
"32_00028",32,12884222,5005,"airphoto",1997,"1997-08-17",,"Film - Colour","1:20000",2,"349497"
"32_00028",32,12884222,5005,"airphoto",2000,"2000-09-15",,"Film - Colour","1:30000",2,"455399"
"32_00028",32,12884222,5005,"airphoto",2005,"2005-07-25",,"Film - Colour","1:20000",2,"1529515"
"32_00028",32,12884222,5005,"airphoto",2012,"2012-07-06",,"Digital - Colour","1:50000",4,"2050411"
"32_00028",32,12884222,5005,"orthophoto",2021,,0.149999999999998,,,1,
"32_00029",32,34831216,1001,"airphoto",1971,"1971-08-30",,"Film - BW","1:31680",1,"1414858"
"32_00029",32,34831216,1001,"airphoto",1973,"1973-09-15",,"Film - BW","1:15000",3,"1368933"
"32_00029",32,34831216,1001,"airphoto",1980,"1980-08-12",,"Film - BW","1:20000",3,"721267"
"32_00029",32,34831216,1001,"airphoto",1985,"1985-05-15",,"Film - Colour","1:10000",6,"855839"
"32_00029",32,34831216,1001,"airphoto",1988,"1988-07-20",,"Film - BW","1:20000",3,"970181"
"32_00029",32,34831216,1001,"airphoto",1990,"1990-07-29",,"Film - BW","1:15000",2,"1063658"
"32_00029",32,34831216,1001,"airphoto",1994,"1994-07-27",,"Film - BW","1:15000",1,"74561"
"32_00029",32,34831216,1001,"airphoto",1995,"1995-09-16",,"Film - BW","1:15000",3,"94561"
"32_00029",32,34831216,1001,"airphoto",1996,"1996-07-07",,"Film - BW","1:40000",3,"128645"
"32_00029",32,34831216,1001,"airphoto",2000,"2000-09-23",,"Film - BW","1:15000",6,"468439"
"32_00029",32,34831216,1001,"airphoto",2006,"2006-08-17",,"Film - Colour","1:20000",4,"1586718"
"32_00029",32,34831216,1001,"airphoto",2012,"2012-07-14",,"Digital - Colour","1:50000",6,"2053294"
"32_00030",32,37513741,1001,"airphoto",1974,"1974-07-21",,"Film - BW","1:16000",2,"1316486"
"32_00030",32,37513741,1001,"airphoto",1985,"1985-07-16",,"Film - BW","1:15000",2,"851692"
"32_00030",32,37513741,1001,"airphoto",1988,"1988-07-20",,"Film - BW","1:20000",2,"970073"
"32_00030",32,37513741,1001,"airphoto",1990,"1990-07-29",,"Film - BW","1:15000",5,"1063688"
"32_00030",32,37513741,1001,"airphoto",1995,"1995-09-16",,"Film - BW","1:15000",5,"94741"
"32_00030",32,37513741,1001,"airphoto",1996,"1996-07-07",,"Film - BW","1:40000",5,"128648"
"32_00030",32,37513741,1001,"airphoto",1997,"1997-08-10",,"Film - Colour","1:20000",1,"348970"
"32_00030",32,37513741,1001,"airphoto",2000,"2000-09-15",,"Film - Colour","1:30000",4,"455503"
"32_00030",32,37513741,1001,"airphoto",2012,"2012-07-14",,"Digital - Colour","1:50000",6,"2053318"
